Company,Company LinkedIn,Company Location (State),Employee Size,Industry,Phone,Revenue,Website
20/20 CUSTOM MOLDED PLASTICS,,,750,Plastics Manufacturing,,58000000,http://2020cmp.com
3-DIMENSIONAL SERVICES GROUP,,Michigan,72,Motor Vehicle Manufacturing,,122200000,3dimensional.com
4D SYSTEMS,,Michigan,82,machinery,,32500000,4dsysco.com
50 FLOOR,,,170,Retail,,65498000,http://www.50floor.com
A. STUCKI,,,750,Railroad Equipment Manufacturing,,271600000,http://www.stucki.com
A.J. ROSE,,,350,Automotive,,120800000,http://www.AJRose.com
AA METALS,,,350,Mining,,286100000,https://www.aametals.com
AAMP GLOBAL,,,180,electrical/electronic manufacturing,,35000000,http://www.aampglobal.com
"ABBYLAND FOODS, INC",,,750,Food and Beverage Manufacturing,,310000000,http://www.Abbyland.com
"ABLENET, INC.",,Minnesota,96,medical devices,,25000000,ablenetinc.com
"ABRASIVE TECHNOLOGY, LLC",,,350,Machinery Manufacturing,,69600000,https://www.abrasive-tech.com/
ABSOLUTE MACHINE TOOLS,,,125,Machinery Manufacturing,,36200000,https://www.absolutemachine.com
ACCUPAC,,,750,Manufacturing,,200000000,https://www.accupac.com/
ACCUREX,,Wisconsin,130,machinery,,47000000,accurex.com
"ACCUTREX PRODUCTS, INC.",,Pennsylvania,73,mining & metals,,54000000,accutrex.com
ACE DORAN HAULING & RIGGING,https://www.linkedin.com/company/16194936,Kentucky,59,Transportation/Trucking/Railroad,,10000000,acedoran.com
ACE PRECISION MACHINING,,,350,Aviation & Aerospace,,46900000,http://www.aceprecision.com
ACIST MEDICAL SYSTEMS,,,335,medical devices,,200000000,acist.com
ACME CRYOGENICS,,,79,Industrial Machinery Manufacturing,,70000000,acmecryo.com
ACME MANUFACTURING,,,125,Automation Machinery Manufacturing,,42500000,https://www.acmemfg.com
ACS - ENGINEER. INTEGRATE. BUILD.,,Wisconsin,99,Construction,,75500000,acscm.com
ACS GROUP,,,750,Machinery Manufacturing,,33800000,http://www.acscorporate.com
ACTIA CORPORATION,,Indiana,81,electrical/electronic manufacturing,,26000000,actiaus.com
ACUMENT GLOBAL TECHNOLOGIES - NORTH AMERICA,,Michigan,890,Automotive,,139000000,fontanagruppoagtna.com
ACUTEC PRECISION AEROSPACE,,,350,Aviation and Aerospace Component Manufacturing,,42000000,http://www.acutecprecision.com/
ADAC,,Michigan,632,Automotive,,352700000,adacautomotive.com
ADALET,,,230,electrical/electronic manufacturing,,43999000,http://www.adalet.com
ADCO CIRCUITS,,,61,"Appliances, Electrical, and Electronics Manufacturing",,27900000,adcocircuits.com
ADHESIVES RESEARCH,,,350,Chemical Manufacturing,,107500000,https://www.adhesivesresearch.com/
ADKEV,,Indiana,130,plastics,,98200000,adkev.com
ADRIAN STEEL,,,125,Motor Vehicle Manufacturing,,52000000,http://www.adriansteel.com
AD-TECH MEDICAL INSTRUMENT CORPORATION,,Wisconsin,66,medical devices,,28000000,adtechmedical.com
"ADVANCE TURNING & MANUFACTURING, INC.",,Michigan,65,medical devices,,25000000,advanceturning.com
ADVANCED POLYMER COATINGS,,,125,Chemical Manufacturing,,35500000,http://www.adv-polymer.com
ADVICS MANUFACTURING OHIO,,,750,Motor Vehicle Manufacturing,,40000000,http://www.advics-ohio.com
ADVICS NORTH AMERICA,,,3000,Motor Vehicle Manufacturing,,188200000,http://www.advics-na.com
AERO METALS INC.,,,69,"Agriculture, Construction, Mining Machinery Manufacturing",,45000000,aerometals.com
AEROSTAR (AEROSTAR INTERNATIONAL LLC),,,170,Defense and Space Manufacturing,,25000000,aerostar.com
AEROSTAR MANUFACTURING,,Michigan,60,mining & metals,,27300000,aerostarmfg.com
AEROTECH,,,350,Automation Machinery Manufacturing,,117800000,http://www.aerotech.com
AFC INDUSTRIES,,,190,logistics & supply chain,,400000000,http://www.afcind.com
AFC-HOLCROFT,,Michigan,85,machinery,,36500000,afc-holcroft.com
AGI,,,350,Defense and Space Manufacturing,,58000000,https://www.agi.com
AGRA INDUSTRIES,,Wisconsin,190,Construction,,184600000,agraind.com
AH GROUP OF COMPANIES,,Michigan,500,machinery,,44500000,ahgroupna.com
AHAUS TOOL & ENGINEERING,,Indiana,60,machinery,,27200000,ahaus.com
AHRESTY WILMINGTON,,,750,Motor Vehicle Manufacturing,,63300000,http://www.ahresty.com/
AIDA-AMERICA,,,350,Machinery Manufacturing,,40300000,http://www.aida-america.com
AIR HYDRO POWER,,Kentucky,170,Industrial Automation,,100000000,airhydropower.com
AIRLINE HYDRAULICS,,,350,Industrial Automation,,30000000,https://www.airlinehyd.com/
AIRSTREAM,,,750,Motor Vehicle Manufacturing,,375000000,http://www.airstream.com
AIR-WAY GLOBAL MANUFACTURING COMPANY,,Michigan,91,Construction,,190100000,air-way.com
AJAX PAVING INDUSTRIES,,Florida,170,Construction,,274100000,ajaxpaving.com
AKKERMAN - UNDERGROUND CONSTRUCTION EQUIPMENT MANUFACTURER,,Minnesota,54,machinery,,25000000,akkerman.com
AKROCHEM,,,125,Chemical Manufacturing,,38700000,http://www.akrochem.com
AKRO-MILS,,,350,Plastics Manufacturing,,50000000,http://www.akro-mils.com
ALABAMA OUTDOORS,,,61,Retail,,33915000,http://www.alabamaoutdoors.com
ALEXANDRIA INDUSTRIES,,Minnesota,210,mining & metals,,155300000,alexandriaindustries.com
ALKON,,,125,Machinery Manufacturing,,45000000,http://www.alkoncorp.com
ALL FLORIDA PAPER,,,88,logistics & supply chain,,30132000,http://www.allfloridapaper.com
ALLEGHENY BRADFORD CORPORATION,,Pennsylvania,93,machinery,,37500000,alleghenybradford.com
ALLEGIS CORPORATION,,,97,Mechanical Or Industrial Engineering,,228900000,allegiscorp.com
ALL-FILL,,Pennsylvania,93,Packaging & Containers,,25000000,all-fill.com
ALLIANCE PHARMA,,,350,Pharmaceutical Manufacturing,,32000000,http://www.alliancepharmaco.com/
ALLIANT POWER,,Wisconsin,88,Automotive,,34600000,alliantpower.com
"ALLIANT TECHNOLOGIES, LLC",,,73,Automation Machinery Manufacturing,,39761000,alliantechnologies.com
ALLIED MACHINE & ENGINEERING,,,350,Machinery Manufacturing,,93800000,http://www.alliedmachine.com
ALLIED MOULDED PRODUCTS,,,180,electrical/electronic manufacturing,,40000000,http://www.alliedmoulded.com
"ALLIED PLASTICS, LLC",,,350,Plastics Manufacturing,,45100000,http://www.alliedplastics.com
ALLIED WIRE & CABLE,,,200,electrical/electronic manufacturing,,75000000,http://www.awcwire.com
ALPHA IMAGING,,,125,Medical Equipment Manufacturing,,98900000,http://www.alpha-imaging.com
ALPHA SOURCE GROUP,,Wisconsin,360,medical devices,,62000000,alphasourcegroup.com
"ALPHA SOURCE, INC.",,,350,Medical Equipment Manufacturing,,39100000,http://www.alphasource.com
ALTERED STATE,,,1600,Retail,,250000000,http://www.altardstate.com
ALTRON AUTOMATION,,,88,Industrial Machinery Manufacturing,,64684000,altronautomation.com
AM GENERAL,,Indiana,960,Defense & Space,,230000000,amgeneral.com
AMBE ENGINEERING LLC,,Michigan,110,Automotive,,42200000,ambeeng.com
AMERCAREROYAL,,,750,Manufacturing,,450000000,https://amercareroyal.com/
AMEREX,,,240,Business Supplies & Equipment,,82400000,http://www.amerex-fire.com
AMERHART LTD,,,350,Building Materials,,65500000,http://www.amerhart.com
AMERICAN BATTERY SOLUTIONS,,,125,"Appliances, Electrical, and Electronics Manufacturing",,59800000,http://www.americanbatterysolutions.com
AMERICAN BATTERY SOLUTIONS INC.,,,140,"Appliances, Electrical, and Electronics Manufacturing",,59800000,americanbatterysolutions.com
AMERICAN CRANE AND EQUIPMENT,,,125,Machinery Manufacturing,,31900000,http://www.americancrane.com
AMERICAN EAGLE PAPER MILLS,,,350,Paper and Forest Product Manufacturing,,40000000,http://www.aepaper.com
AMERICAN EXPEDITION VEHICLES,,Michigan,69,Automotive,,25000000,aev-conversions.com
"AMERICAN FREIGHT FURNITURE, MATTRESS, APPLIANCE",,,3000,Furniture and Home Furnishings Manufacturing,,292300000,https://www.americanfreight.com/
AMERICAN GIRL,,,3000,Manufacturing,,231500000,http://www.americangirl.com
AMERICAN HEALTH PACKAGING,,,350,Pharmaceutical Manufacturing,,40000000,http://www.americanhealthpackaging.com/
AMERICAN LICORICE COMPANY,,Indiana,270,Mechanical Or Industrial Engineering,,260000000,americanlicorice.com
AMERICAN ORTHODONTICS,,,750,Medical Equipment Manufacturing,,85000000,http://www.americanortho.com
AMERICAN PACKAGING CORPORATION,,,3000,Packaging and Containers Manufacturing,,450000000,http://www.americanpackaging.com
"AMERICAN PHOENIX, INC.",,,750,Chemical Manufacturing,,77700000,http://www.apimix.net
AMERICAN TEXTILE,,,3000,Textile Manufacturing,,217300000,http://www.americantextile.com
AMERICAN TIME,,Minnesota,89,electrical/electronic manufacturing,,25000000,american-time.com
AMERICAN TRIM,,,750,Manufacturing,,250000000,http://www.amtrim.com
AMERICAN WIRE GROUP,,,64,electrical/electronic manufacturing,,150000000,http://www.buyawg.com
AMERICHEM,,,750,Plastics Manufacturing,,350000000,http://www.americhem.com
AMETEK ENGINEERED MEDICAL COMPONENTS (EMC),,Minnesota,86,medical devices,,28600000,ametekemc.com
AMETEK SOLIDSTATE CONTROLS,,,110,electrical/electronic manufacturing,,30000000,http://www.solidstatecontrolsinc.com
AMPHENOL BORISCH,,,125,Defense and Space Manufacturing,,50000000,http://www.borisch.com
AMPHENOL BORISCH TECHNOLOGIES,,Michigan,250,Defense & Space,,50000000,borisch.com
AMX,,,150,logistics & supply chain,,45046000,http://www.amxtrucking.com
ANCHOR HOCKING,,,450,Consumer Goods,,300000000,http://www.anchorhocking.com
ANCHOR MANUFACTURING GROUP,,,350,Motor Vehicle Manufacturing,,54800000,http://www.anchor-mfg.com
ANCILLARE,,,125,Pharmaceutical Manufacturing,,59000000,http://www.ancillare.com
ANDERSON DEVELOPMENT,,,125,Chemical Manufacturing,,50000000,http://www.andersondevelopment.com
ANDERSON DEVELOPMENT COMPANY,,,94,Chemical Manufacturing,,50000000,andersondevelopment.com
ANDIS COMPANY,,,750,Manufacturing,,108600000,http://www.andis.com
ANDROID INDUSTRIES,,Michigan,1600,Automotive,,44354000,android-ind.com
"ANGI ENERGY SYSTEMS, LLC",,,350,Industrial Machinery Manufacturing,,61300000,http://www.angienergy.com
ANGSTROM,,,125,Automotive,,53700000,http://www.angstrom-usa.com
ANOMATIC,,,750,Packaging and Containers Manufacturing,,75000000,http://www.anomatic.com/
APA SOLAR RACKING,,,125,Renewable Energy Semiconductor Manufacturing,,55400000,http://www.apasolar.com
APACHE STAINLESS EQUIPMENT CORPORATION AND MEPACO,,,125,Industrial Machinery Manufacturing,,34900000,http://www.apachestainless.com
"APEX INTERNATIONAL MFG, INC.",,,150,Mechanical Or Industrial Engineering,,63800000,trustapexinternational.com
APOLLO RETAIL SPECIALISTS,,,1100,Retail,,135000000,http://www.apolloretail.com
APPLIED MEDICAL TECHNOLOGY,,,350,Medical Equipment Manufacturing,,39000000,http://www.appliedmedical.net
APPVION,,Wisconsin,660,paper & forest products,,246600000,appvion.com
APRECIA PHARMACEUTICALS,,,125,Pharmaceutical Manufacturing,,30500000,https://www.aprecia.com
APRILAIRE,,Wisconsin,420,Mechanical Or Industrial Engineering,,54700000,aprilaire.com
ARANDELL,,,750,Printing Services,,103000000,https://www.arandell.com
ARISTO INDUSTRIES,,Michigan,71,Packaging & Containers,,121300000,aristoind.com
ARKRAY USA,,,154,medical devices,,40700000,arkrayusa.com
ARLINGTON INDUSTRIES,,,79,"Appliances, Electrical, and Electronics Manufacturing",,208400000,aifittings.com
ARROW INTERNATIONAL,,,3000,Manufacturing,,80000000,http://www.arrowinternational.com
ARROW PACKAGING SOLUTIONS / ARROW CONTAINER,,Indiana,91,Packaging & Containers,,35600000,arrowpackagingsolutions.com
ARROW TANK AND ENGINEERING CO.,,,55,machinery,,25996000,arrowtank.com
ARROWHEAD ENGINEERED PRODUCTS,,Minnesota,1100,Automotive,,150000000,arrowheadepinc.com
ARTEZA,,,120,Retail,,55000000,http://www.arteza.com
ARTIFLEX MANUFACTURING,,,750,Motor Vehicle Manufacturing,,250500000,http://www.artiflexmfg.com/
ARVCO CONTAINER CORP.,,Michigan,97,Packaging & Containers,,26400000,arvco.com
ASAHI KASEI PLASTICS,,,350,Plastics Manufacturing,,188400000,http://www.akplastics.com
ASCEND,,,410,logistics & supply chain,,75000000,http://www.driveforascend.com
ASCENT AEROSPACE,,,750,Aviation and Aerospace Component Manufacturing,,290000000,http://www.ascentaerospace.com
ASHLEY WARD,,,350,Manufacturing,,42100000,http://www.ashleyward.com
ASPEN SURGICAL,,,3000,Medical Equipment Manufacturing,,120000000,http://www.aspensurgical.com/
ASPHALT MATERIALS,,Indiana,160,Construction,,497600000,asphalt-materials.com
ASSOCIATED GROCERS OF THE SOUTH,,,59,Retail,,374000000,http://www.agsouth.com
ASTRONAUTICS CORPORATION OF AMERICA,,,750,Aviation and Aerospace Component Manufacturing,,217900000,http://www.astronautics.com
ATC TRAILERS,,Indiana,150,Automotive,,46772000,atctrailers.com
ATCO INDUSTRIES,,,3000,Motor Vehicle Manufacturing,,40000000,http://www.atcoindustries.com
"ATKINS & PEARCE, INC.",,Kentucky,500,textiles,,70267000,atkinsandpearce.com
ATLAS MFG.,,Minnesota,92,machinery,,63000000,atlasmfg.com
ATMOSPHERE COMMERCIAL INTERIORS,,,310,Office Furniture and Fixtures Manufacturing,,45000000,atmosphereci.com
ATOS MEDICAL,,Wisconsin,120,medical devices,,91200000,atosmedical.us
ATRICURE,,,750,Medical Equipment Manufacturing,,330400000,http://www.atricure.com
AUDIO-TECHNICA,,,310,electrical/electronic manufacturing,,30000000,http://www.audio-technica.com
AURORA PLASTICS,,,350,Plastics Manufacturing,,44100000,http://www.auroraplastics.com
AUTOCAM MEDICAL,,,750,Medical Equipment Manufacturing,,19000000,http://www.autocam-medical.com
AUTOCAR TRUCKS,,Alabama,490,Automotive,,200000000,autocartruck.com
AUTODIE,,,350,Industrial Machinery Manufacturing,,40000000,http://www.autodie-llc.com
AUTOMATIC SPRING PRODUCTS CORP.,,,350,Industrial Machinery Manufacturing,,42079000,http://www.automaticspring.com
AUTO-WARES,,,3000,Motor Vehicle Manufacturing,,75000000,http://www.autowares.com
AVANCEON,,,125,Automation Machinery Manufacturing,,54300000,http://www.avanceon.com
AVEKA,,,86,Chemical Manufacturing,,35000000,aveka.com
AVID INTERNATIONAL MOLDING SOLUTIONS,,Minnesota,63,plastics,,53000000,avidims.com
AVTRON POWER SOLUTIONS,,,69,electrical/electronic manufacturing,,31000000,http://www.avtronpower.com
AXLE LOGISTICS,,,520,Transportation/Trucking/Railroad,,130600000,http://www.axlelogistics.com
AZZUR,,,350,Pharmaceutical Manufacturing,,84500000,http://www.azzur.com
B&P LITTLEFORD,,,350,Machinery Manufacturing,,66000000,http://www.bplittleford.com
BADGER COLOR CONCENTRATES,,Wisconsin,81,plastics,,32000000,badgercolor.com
BAE INDUSTRIES,,,350,Motor Vehicle Manufacturing,,45984000,http://www.baeind.com
BAERS FURNITURE,,,360,Furniture,,185000000,http://www.baers.com
BALANCE TECHNOLOGY INC (BTI),,Michigan,96,machinery,,25000000,balancetechnology.com
"BANDIT INDUSTRIES, INC.",,Michigan,210,machinery,,300000000,banditchippers.com
BANNER ENGINEERING,,,970,Automation Machinery Manufacturing,,349999000,bannerengineering.com
BARD MANUFACTURING COMPANY,,,350,Industrial Machinery Manufacturing,,60200000,http://www.bardhvac.com
BARGAIN HUNT,,,660,Retail,,450000000,http://www.bargainhunt.com
BASCO,,,350,Consumer Goods,,85000000,http://www.bascoshowerdoor.com
BASIC FUN!,,,125,Manufacturing,,64600000,http://www.basicfun.com
BASSETT MECHANICAL,,,350,Industrial Machinery Manufacturing,,81000000,http://www.bassettmechanical.com
BATTLE MOTORS,,,125,Motor Vehicle Manufacturing,,59200000,https://battlemotors.com
BAUER BUILT INC.,,,750,Truck Transportation,,120000000,http://www.bauerbuilt.com
BECKER FURNITURE,,,130,Furniture and Home Furnishings Manufacturing,,68500000,beckerfurniture.com
BECKETT THERMAL SOLUTIONS,,,750,Industrial Machinery Manufacturing,,43400000,http://BeckettThermal.com
BEDFORD INDUSTRIES,,,170,Packaging & Containers,,81700000,bedford.com
BEHLER-YOUNG,,,350,Wholesale,,14600000,https://www.behler-young.com/
BELGIOIOSO CHEESE INC.,,,750,Dairy Product Manufacturing,,100000000,http://www.belgioioso.com
BELL INTERNATIONAL LABORATORIES,,,67,"health, wellness & fitness",,63400000,bellintlabs.com
BELL LABORATORIES,,Wisconsin,160,Mechanical Or Industrial Engineering,,94800000,belllabs.com
"BELL LABORATORIES, INC.",,,350,Manufacturing,,93700000,http://www.belllabs.com
BELMARK INC,,,3000,Printing Services,,34700000,http://www.belmark.com
BEMIS MANUFACTURING COMPANY,,,3000,Plastics Manufacturing,,417400000,http://www.BemisMfg.com
BENORE LOGISTIC,,,430,Transportation/Trucking/Railroad,,75000000,http://www.benorelogistics.com
BENSHAW,,,160,electrical/electronic manufacturing,,75000000,http://www.benshaw.com
BERGSTROM AUTOMOTIVE,,,3000,Motor Vehicle Manufacturing,,113200000,http://www.bergstromauto.com
BERK ENTERPRISES,,,125,Manufacturing,,69900000,http://www.BerkBrands.com
BESCAST,,,125,Industrial Machinery Manufacturing,,32400000,http://www.bescast.com
BESSER,,,350,Machinery Manufacturing,,5800000,http://www.besser.com
BEST LIGHTING PRODUCTS,,,125,"Appliances, Electrical, and Electronics Manufacturing",,41400000,http://www.bestlighting.net/
BETCO,,,350,Chemical Manufacturing,,47000000,https://www.betco.com
BETTCHER INDUSTRIES,,,350,Food and Beverage Manufacturing,,80000000,http://www.bettcher.com
BETTER CHOICE COMPANY,,,56,Consumer Goods,,40904000,http://www.betterchoicecompany.com
BEVCORP,,,125,Machinery Manufacturing,,85000000,http://www.bevcorp.com/
BGM ENGINEERING INC.,,Michigan,65,electrical/electronic manufacturing,,25000000,bgmeng.com
BIDFTA.COM,,,73,Retail,,35000000,http://www.bidfta.com
BIG ASS FANS,,,750,Industrial Machinery Manufacturing,,300000000,http://www.bigassfans.com
BIL-JAX,,,125,Manufacturing,,97800000,https://www.biljax.com
BIOCOAT,,Pennsylvania,73,medical devices,,31500000,biocoat.com
BIRCHWOOD FOODS,,,750,Food and Beverage Manufacturing,,142600000,http://www.bwfoods.com
BIRD,,,180,electrical/electronic manufacturing,,40000000,http://www.birdrf.com
BISCO,,,125,Medical Equipment Manufacturing,,12100000,http://www.bisco.com
BISON® AN AMETEK® BUSINESS,,,120,electrical/electronic manufacturing,,75000000,http://www.bisonametek.com
BLAIR IMAGE ELEMENTS,,Pennsylvania,120,Construction,,68400000,blairimage.com
BLAKE'S HARD CIDER,,,125,Food and Beverage Services,,35400000,http://blakeshardcider.com
BLASTONE INTERNATIONAL,,,350,Machinery Manufacturing,,200000000,http://www.blastone.com/
BLOCK IMAGING,,Michigan,190,medical devices,,25000000,blockimaging.com
BLU PRODUCTS,,,350,Telecommunications,,345000000,http://www.bluproducts.com
BLUEFLY,,,54,Retail,,85000000,http://www.bluefly.com
BLUEGRACE LOGISTICS,,,740,Transportation/Trucking/Railroad,,195900000,http://www.mybluegrace.com
BOGEN COMMUNICATIONS,,,98,electrical/electronic manufacturing,,58460000,http://www.bogen.com
BOLLMAN HAT,,,350,Textile Manufacturing,,215700000,http://www.bollmanhats.com/
BOLT EXPRESS,https://www.linkedin.com/company/366949,,178,Transportation/Trucking/Railroad,,100000000,bolt-express.com
BOOKS A MILLION,,,2300,Retail,,474100000,http://www.booksamillion.com
BOOTS & MORE,,,110,Retail,,25000000,http://www.bootsandmore.net
BORROUGHS,,,125,"Transportation, Logistics, Supply Chain and Storage",,88000000,http://www.borroughs.com
"BOSS INDUSTRIES, LLC",,Indiana,68,Machinery Manufacturing,,75000000,bossair.com
BOSTON PROPER,,,140,Apparel & Fashion,,40295000,http://www.bostonproper.com
BOUCHER AUTOMOTIVE GROUP,,,3000,Motor Vehicle Manufacturing,,185500000,http://boucher.com
BRACCO MEDICAL TECHNOLOGIES,,Minnesota,160,medical devices,,422500000,braccomedtech.com
BRADLEY CALDWELL,,,350,Wholesale,,39600000,http://www.bradleycaldwell.com
BRADLEY COMPANY,,Wisconsin,380,Building Materials,,225000000,bradleycorp.com
BRADLEY CORPORATION,,,750,Building Materials,,176300000,https://www.bradleycorp.com
BRAKE SUPPLY,,Indiana,260,machinery,,36000000,brake.com
BRAUN AMBULANCES,,,125,Motor Vehicle Manufacturing,,56300000,http://www.braunambulances.com
BRAUNABILITY,,Indiana,650,Automotive,,140000000,braunability.com
BRAZEWAY,,,3000,Industrial Machinery Manufacturing,,218100000,http://www.brazeway.com
BRENNAN,,,350,Industrial Machinery Manufacturing,,130400000,https://brennaninc.com
BRENTON ENGINEERING,,Minnesota,500,Packaging & Containers,,35000000,brentonengineering.com
BREWER COMPANY,,,125,Medical Device,,33000000,http://www.brewercompany.com
BREWSTER CHEESE,,,125,Dairy,,111900000,http://www.brewstercheese.com/
BRISKHEAT,,,140,electrical/electronic manufacturing,,85000000,http://www.briskheat.com
BROADWAY AUTOMOTIVE,,,750,Motor Vehicle Manufacturing,,37000000,http://www.broadwayautomotive.com
BROOKS INSTRUMENT,,,750,Automation Machinery Manufacturing,,94500000,http://www.brooksinstrument.com/
BROOKVILLE EQUIPMENT,,,350,Railroad Equipment Manufacturing,,61100000,http://www.brookvillecorp.com
BROWN JORDAN,,,460,Retail,,292000000,http://www.brownjordaninc.com
BRUNK INDUSTRIES,,,350,Medical Equipment Manufacturing,,30200000,https://www.brunk.com/
BRUNO INDEPENDENT LIVING AIDS,,,350,Manufacturing,,31000000,http://www.bruno.com/
BSI (BUILDING SERVICE INC.),,,125,Furniture and Home Furnishings Manufacturing,,54700000,http://www.buildingservice.com
BTD MANUFACTURING,,Minnesota,582,mining & metals,,324400000,btdmfg.com
BUCKEYE CORRUGATED,,,750,Packaging and Containers Manufacturing,,77500000,http://www.bcipkg.com
BUDDY'S HOME FURNISHINGS,,,580,Retail,,57407000,http://www.buddyrents.com
BUEHLER,,,350,Industrial Machinery Manufacturing,,40000000,https://www.buehler.com
BULLEN ULTRASONICS,,,125,Aviation and Aerospace Component Manufacturing,,51900000,http://www.bullentech.com/
BURKE PORTER,,,3000,Machinery Manufacturing,,155000000,http://www.burkeportergroup.com/
BURNETT DAIRY COOPERATIVE,,,350,Food and Beverage Manufacturing,,80300000,https://www.burnettdairy.com/
BUTECH BLISS,,,350,Machinery Manufacturing,,58900000,http://www.butechbliss.com
BUYERS PRODUCTS,,,350,Motor Vehicle Manufacturing,,85200000,http://www.buyersproducts.com
BUZZI UNICEM USA,,Pennsylvania,596,mining & metals,,352800000,buzziunicemusa.com
BWI,,,3000,Automotive,,220000000,https://www.bwigroup.com/
C&J INDUSTRIES,,,350,Plastics Manufacturing,,57000000,http://www.cjindustries.com
C&S MACHINE,,Michigan,71,Aviation & Aerospace,,26500000,candsmachine.com
"C. G. BRETTING MANUFACTURING CO., INC.",,Wisconsin,500,Machinery Manufacturing,,111000000,bretting.com
CABINETS TO GO,,,320,Retail,,39599000,http://www.cabinetstogo.com
CADILLAC PRODUCTS PACKAGING COMPANY,,Michigan,110,Packaging & Containers,,70800000,cadprod.com
CALDWELL TANKS,,Kentucky,200,Construction,,215500000,caldwelltanks.com
CALUMET ELECTRONICS,,,120,electrical/electronic manufacturing,,42975000,http://www.calumetelectronics.com
CAMACO-AMVIAN,,,3000,Motor Vehicle Manufacturing,,471100000,http://www.camacollc.com
CAMBRIDGE-LEE INDUSTRIES,,,350,Mining,,100000000,http://www.camlee.com/
CAMCO CHEMICAL,,,120,Chemical Manufacturing,,31398000,camco-chem.com
CAMPBELL HAUSFELD,,,350,Manufacturing,,84000000,http://www.campbellhausfeld.com
CAMPERS INN RV,,,510,Retail,,47000000,http://www.campersinn.com
CANBERRA,,,125,Chemical Manufacturing,,31900000,http://www.canberracorp.com
CANDLE-LITE COMPANY,,,180,Consumer Goods,,50275000,http://www.candle-lite.com
CANTON DROP FORGE,,,125,Machinery Manufacturing,,200000000,http://www.cantondropforge.com
CAPITAL RESIN CORPORATION,,,125,Chemical Manufacturing,,34100000,http://www.capitalresin.com/
"CAPS® (CENTRAL ADMIXTURE PHARMACY SERVICES, INC.)",,Pennsylvania,340,Pharmaceuticals,,28100000,capspharmacy.com
CAPSA HEALTHCARE,,,750,Medical Equipment Manufacturing,,79300000,http://www.capsahealthcare.com
CAR KEYS EXPRESS,,Kentucky,120,Automotive,,107500000,carkeysexpress.com
CARDONE INDUSTRIES,,Pennsylvania,870,Automotive,,514400000,cardone.com
"CARMA LABORATORIES, INC.",,,350,Manufacturing,,55200000,http://www.mycarmex.com
CARNEGIE ROBOTICS,,,125,Automation Machinery Manufacturing,,151300000,http://carnegierobotics.com
CARRIER VIBRATING EQUIPMENT,,,86,Industrial Machinery Manufacturing,,32000000,carriervibrating.com
"CARTER DAY INTERNATIONAL, INC.",,Minnesota,52,Machinery Manufacturing,,25800000,carterday.com
CARTON SERVICE CSI,,,350,Packaging and Containers Manufacturing,,40200000,http://www.cartonservice.com
CASCADE DIE CASTING,,,350,Automotive,,117400000,http://cascade-cdc.com
CAST NYLONS LIMITED,,,125,Plastics Manufacturing,,54000000,http://www.castnylon.com
CATTRON GLOBAL,,,52,electrical/electronic manufacturing,,37500000,http://www.cattron.com
CBT,,,350,Industrial Machinery Manufacturing,,186000000,https://cbtcompany.com
CEI NETWORK,,,350,Motor Vehicle Manufacturing,,120000000,http://www.ceinetwork.com
CEIA USA,,,125,"Appliances, Electrical, and Electronics Manufacturing",,32000000,http://www.ceia-usa.com
CELISTICS,,,800,logistics & supply chain,,31006000,http://www.celistics.com
CENTRAL HOME BRANDS,,,750,Manufacturing,,75000000,http://www.ardencompanies.com
CENTRAL MCGOWAN,,Minnesota,54,Industrial Automation,,32600000,centralmcgowan.com
CENTRAL PACKAGE & DISPLAY,,Minnesota,65,Packaging & Containers,,25400000,centralpackage.com
CERROWIRE,,,330,electrical/electronic manufacturing,,151448000,http://www.cerrowire.com
CHALLENGE MANUFACTURING,,,3000,Motor Vehicle Manufacturing,,300000000,http://www.challenge-mfg.com
CHANDLER INDUSTRIES,,,160,Aviation and Aerospace Component Manufacturing,,83400000,chandlerindustries.com
"CHANNELLOCK, INC.",,Pennsylvania,120,Mechanical Or Industrial Engineering,,25000000,channellock.com
CHAUVET,,,350,"Appliances, Electrical, and Electronics Manufacturing",,122500000,http://www.chauvetlighting.com
CHEMDESIGN,,,200,Chemical Manufacturing,,30000000,chemdesign.com
CHEMSTATION,,,350,Chemical Manufacturing,,46400000,http://www.chemstation.com/about/
CHEM-TREND,,,750,Chemical Manufacturing,,37900000,http://www.chemtrend.com
CHROMALOX,,,3000,"Appliances, Electrical, and Electronics Manufacturing",,250000000,http://www.chromalox.com/
CHROMASCAPE,,,125,Chemical Manufacturing,,64000000,http://www.chromascape.com
CINCINNATI,,,350,Machinery Manufacturing,,40100000,http://www.e-ci.com
CIRTEC MEDICAL,,Minnesota,630,medical devices,,40000000,cirtecmed.com
CITY BREWING COMPANY,,,3000,Beverage Manufacturing,,279500000,http://www.citybrewery.com
CITY FURNITURE,,,1500,Retail,,531800000,http://www.cityfurniture.com
CLARIENCE,,,3000,"Appliances, Electrical, and Electronics Manufacturing",,473800000,http://www.clariencetechnologies.com
"CLARION TECHNOLOGIES, INC.",,,68,plastics,,145515000,clariontechnologies.com
CLARK FIXTURES,,,125,Aviation and Aerospace Component Manufacturing,,42900000,http://www.clarkfixtures.com
CLARK OIL,,,90,Retail,,50756000,http://www.clark-oil.com
CLASEN QUALITY CHOCOLATE,,,350,Food Production,,75000000,http://www.cqc.com
"CLASSIC TURNING, INC.",,,51,Aviation and Aerospace Component Manufacturing,,32744000,classicturning.com
CLEAR ALIGN,,,80,Defense and Space Manufacturing,,55038000,clearalign.com
CLEARY BUILDING,,Wisconsin,390,Construction,,97300000,clearybuilding.com
CLEVELAND STEEL CONTAINER,,,350,Packaging and Containers Manufacturing,,77400000,http://www.cscpails.com
CLIMATECH,,Minnesota,100,plastics,,30600000,clim-a-tech.com
CLIPPARD INSTRUMENT LABORATORY,,,350,Manufacturing,,39600000,https://clippard.com
CMC,,,350,Printing Services,,50100000,http://www.cmcgp.com
CME WIRE AND CABLE,,,93,electrical/electronic manufacturing,,49455000,http://www.cmewire.com
COASTAL AUTOMOTIVE,,,125,Automotive,,117400000,http://www.coastal-automotive.com
COASTAL CONSTRUCTION PRODUCTS,,,125,Construction,,250000000,https://CoastalOne.com
COASTAL CONTAINER,,Michigan,67,Packaging & Containers,,25000000,coastal-container.com
COASTAL PET PRODUCTS,,,750,Consumer Goods,,50000000,http://www.coastalpet.com
COATING PLACE INC.,,,125,Pharmaceutical Manufacturing,,57900000,http://www.coatingplace.com
CO-AX TECHNOLOGY,,,350,"Appliances, Electrical, and Electronics Manufacturing",,59300000,http://www.coaxinc.com
CODONICS,,,125,Medical Equipment Manufacturing,,32000000,http://www.codonics.com
COE DISTRIBUTING,,,350,Furniture and Home Furnishings Manufacturing,,70700000,http://www.coedistributing.com
COLD JET,,,350,Machinery Manufacturing,,41200000,http://www.coldjet.com
COLORCON®,,Pennsylvania,1100,Pharmaceuticals,,500000000,colorcon.com
COLORVISION INTERNATIONAL,,,190,Retail,,150000000,http://www.colorvisionint.com
COLOURS,,,350,Motor Vehicle Manufacturing,,72300000,http://gocolours.com
COLUMBIA GEAR CORPORATION,,,95,machinery,,74600000,columbiagear.com
"COLUMBUS INDUSTRIES INC, FILTRATION GROUP",,,750,Manufacturing,,350000000,https://www.columbusindustries.com/
COMBI PACKAGING SYSTEMS,,,125,Machinery Manufacturing,,36400000,https://www.combi.com
COMETIC GASKET,,,125,Motor Vehicle Manufacturing,,53800000,http://www.cometic.com
COMFORT RESEARCH,,,350,Furniture and Home Furnishings Manufacturing,,73000000,http://www.comfortresearch.com
COMMERCE CONTROLS,,Michigan,200,Industrial Automation,,25000000,commercecontrols.com
"COMMERCIAL TOOL GROUP: COMMERCIAL TOOL & DIE, INC., CG AUTOMATION & FIXTURE, INC., CG PLASTICS, INC.",,Michigan,130,Plastics Manufacturing,,33753000,commercialtoolgroup.com
COMMUNITY TISSUE SERVICES,,,750,Medical Equipment Manufacturing,,52700000,http://www.communitytissue.org
"COMPANY WRENCH, LTD.",,,125,Machinery Manufacturing,,127300000,http://companywrench.com/
COMPASS HEALTH BRANDS,,,125,Medical Equipment Manufacturing,,40000000,http://www.compasshealthbrands.com
CON FORMS,,,76,"Glass, Ceramics and Concrete Manufacturing",,30465000,conforms.com
CONCURRENT TECHNOLOGIES,,,750,Defense & Space,,115000000,http://www.ctc.com
CONE DRIVE,,,350,Automation Machinery Manufacturing,,150000000,http://www.conedrive.com
CONESTOGA WOOD SPECIALTIES,,,3000,Wholesale Building Materials,,271600000,http://www.conestogawood.com
CONN SELMER,,Indiana,430,Mechanical Or Industrial Engineering,,298900000,connselmer.com
CONNECT AMERICA,,,750,Medical Equipment Manufacturing,,60000000,http://www.connectamerica.com
CONSOLIDATED CONSTRUCTION,,Wisconsin,120,Construction,,26600000,1call2build.com
CONSOLIDATED PRECISION PRODUCTS,,,3000,Aviation and Aerospace Component Manufacturing,,150000000,http://www.cppcorp.com
CONSUMERS CONCRETE,,Michigan,52,Construction,,44500000,consumersconcrete.com
CONTINENTAL OFFICE EST. 1939,,,350,Office Furniture and Fixtures Manufacturing,,122500000,http://www.continentaloffice.com
CONTRACT INDUSTRIAL TOOLING (C-I-T),,Indiana,56,Packaging & Containers,,582000000,c-i-t.com
COOPER-BOOTH WHOLESALE,,,350,Wholesale,,34000000,http://www.cooperbooth.com
COPPERWELD,,,150,electrical/electronic manufacturing,,82600000,http://www.copperweld.com
CORE MOLDING TECHNOLOGIES,,,3000,Plastics Manufacturing,,325200000,http://www.coremt.com
CORK MEDICAL,,Indiana,71,medical devices,,25000000,corkmedical.com
CORNWELL QUALITY TOOLS,,,350,Motor Vehicle Manufacturing,,218700000,http://www.cornwelltools.com
CORTEC CORPORATION,,,150,Chemical Manufacturing,,51000000,cortecvci.com
CORVAC COMPOSITES,,,750,Motor Vehicle Manufacturing,,150000000,http://www.Corvaccomposites.com
CORVAL GROUP,,Minnesota,210,Construction,,133800000,corvalgroup.com
COUGHLIN AUTOMOTIVE,,,350,Motor Vehicle Manufacturing,,50500000,http://www.coughlincars.com
COVERT MANUFACTURING,,,125,Motor Vehicle Manufacturing,,78100000,http://www.covertmfg.com
C-P FLEXIBLE PACKAGING,,,3000,Packaging and Containers Manufacturing,,50000000,http://www.cpflexpack.com
CQ MEDICAL,,Pennsylvania,76,medical devices,,25000000,cqmedical.com
CRANE PUMPS & SYSTEMS,,,750,Machinery Manufacturing,,201700000,http://www.cranepumps.com
CRARY INDUSTRIES,,North Dakota,87,machinery,,30900000,crary.com
CRAYOLA,,,3000,Manufacturing,,450200000,http://www.crayola.com
CRC INDUSTRIES,,,350,Chemical Manufacturing,,75000000,http://www.crcindustries.com
CREATIVE FOAM,,,3000,Motor Vehicle Manufacturing,,65000000,http://www.creativefoam.com
CREATIVE PACKAGING COMPANY,,Kentucky,53,Packaging & Containers,,25400000,creativepackagingco.com
CREE LIGHTING,,,3000,"Appliances, Electrical, and Electronics Manufacturing",,56000000,http://www.creelighting.com
CREMER NORTH AMERICA,,,350,Chemical Manufacturing,,34100000,http://www.petercremerna.com
CRENLO ENGINEERED CABS,,Minnesota,490,machinery,,35000000,crenlo.com
"CRESLINE PLASTIC PIPE CO., INC.",,Indiana,120,Plastics Manufacturing,,70000000,cresline.com
CRETEX MEDICAL,,Minnesota,779,Medical Equipment Manufacturing,,99600000,cretexmedical.com
CROWN BATTERY,,,750,Motor Vehicle Manufacturing,,166600000,http://www.crownbattery.com
CROWN IRON WORKS,,,210,Industrial Machinery Manufacturing,,50000000,crowniron.com
CROWN LABORATORIES,,,640,Retail,,300000000,http://www.crownlaboratories.com
CSAFE,https://www.linkedin.com/company/csafeglobal,,112,Logistics and Supply Chain,,11200000,csafeglobal.com
CUMMINS,,Indiana,48530,Motor Vehicle Manufacturing,,248000000,cummins.com
CURT G. JOA INC.,,,350,Machinery Manufacturing,,30300000,http://www.joa.com
CURT GROUP,,,3000,Automotive,,247000000,http://www.curtgroup.com
CURVEBEAM AI,,Pennsylvania,67,medical devices,,25000000,curvebeamai.com
"CUSTER, INC.",,,120,Furniture and Home Furnishings Manufacturing,,49100000,custerinc.com
CUSTOM PRODUCTS,,,350,Packaging and Containers Manufacturing,,48000000,http://www.customproducts.net
DAKKOTA INTEGRATED SYSTEMS,,Michigan,3000,Automotive,,510500000,dakkota.com
DAKOTA BODIES,,South Dakota,110,Motor Vehicle Manufacturing,,25000000,dakotabodies.com
DAKOTA FLUID POWER,,South Dakota,120,machinery,,46000000,dakotafluidpower.com
DAKTRONICS,,South Dakota,2300,Manufacturing,,115000000,daktronics.com
DANT CLAYTON CORPORATION,,Kentucky,99,Construction,,46300000,dantclayton.com
DARANA HYBRID,,,350,Automation Machinery Manufacturing,,104600000,http://www.daranahybrid.com
DAYGLO COLOR,,,350,Chemical Manufacturing,,92700000,http://www.dayglo.com
DAYTON PARTS DRIVEN BY DORMAN,,,3000,Motor Vehicle Manufacturing,,168000000,http://www.daytonparts.com
DAYTON ROGERS MFG,,Minnesota,150,machinery,,60000000,daytonrogers.com
DAYTON-PHOENIX,,,350,Railroad Equipment Manufacturing,,98700000,http://www.dayton-phoenix.com
DEARING COMPRESSOR & PUMP,,,125,Machinery Manufacturing,,41100000,http://www.dearingcomp.com
DECATUR PLASTIC PRODUCTS,,Indiana,68,Automotive,,86000000,decaturplastics.com
DEDICATED COMPUTING,,,350,Computer Hardware Manufacturing,,140000000,http://www.dedicatedcomputing.com
DEE PACKAGING SOLUTIONS,,Pennsylvania,57,Packaging & Containers,,35000000,deepkg.com
DEISTER MACHINE COMPANY,,Indiana,110,mining & metals,,69600000,deistermachine.com
DEKKO,,Indiana,350,"Appliances, Electrical, and Electronics Manufacturing",,600000000,dekko.com
DELALLO,,,350,Food and Beverage Manufacturing,,300000000,http://www.delallo.com
DELKOR SYSTEMS,,,213,Packaging & Containers,,222500000,delkorsystems.com
DELPHINUS ENGINEERING,,,750,Defense and Space Manufacturing,,131200000,http://www.delphinus.com/
DELTA,,,130,electrical/electronic manufacturing,,45793000,http://www.deltasystemsinc.com
DELTA MODTECH,,Minnesota,140,machinery,,86600000,deltamodtech.com
DELVAL EQUIPMENT,,Pennsylvania,120,machinery,,25000000,delval.com
DEMMER,,,350,Defense and Space Manufacturing,,64300000,http://www.demmercorp.com
DENTAL HEALTH PRODUCTS,,Wisconsin,210,medical devices,,57500000,dhpsupply.com
DENTALEZ,,,350,Medical Equipment Manufacturing,,75000000,http://www.dentalez.com
DEPATIE FLUID POWER,,Michigan,78,machinery,,54300000,depatie.com
DERCO,,,350,Aviation & Aerospace,,34400000,http://www.dercoaerospace.com
DESTACO,,,750,Automation Machinery Manufacturing,,300000000,http://www.destaco.com
DETROIT AXLE,,,350,Motor Vehicle Manufacturing,,70000000,http://www.detroitaxle.com
DETROIT FORMING,,Michigan,69,Packaging & Containers,,65600000,detroitforming.com
DETROIT MANUFACTURING SYSTEMS,,,3000,Manufacturing,,355300000,http://www.dmsna.com
DETROIT THERMAL SYSTEMS,,,750,Motor Vehicle Manufacturing,,70000000,http://www.detroitthermalsystems.com
DEWYS MANUFACTURING,,Michigan,120,machinery,,55900000,dewysmfg.com
DEXTER,,Indiana,3800,Mechanical Or Industrial Engineering,,530000000,dextergroup.com
DEZURIK,,,320,Industrial Machinery Manufacturing,,125000000,dezurik.com
DIAMOND MANUFACTURING COMPANY,,Pennsylvania,110,mining & metals,,76200000,diamondman.com
DIAMOND PHARMACY SERVICES,,Pennsylvania,260,Pharmaceutical Manufacturing,,391000000,diamondpharmacy.com
DITEK,,,79,electrical/electronic manufacturing,,25000000,http://www.diteksurgeprotection.com
DIVERSATEK HEALTHCARE,,Wisconsin,79,medical devices,,26900000,diversatekhealthcare.com
"DIVERSIFIED AUTOMATION, INC.",,,150,Automation Machinery Manufacturing,,100000000,diversified-automation.com
DIVERSIFIED CHEMICAL TECHNOLOGIES,,,350,Chemical Manufacturing,,67900000,http://www.dchem.com
DOMINION TECHNOLOGIES GROUP,,Michigan,140,Automotive,,37100000,dominiontec.com
DONATELLE,,Minnesota,160,medical devices,,70000000,donatellemedical.com
DONSCO,,,350,Mining,,70000000,http://www.donsco.com
DORNER MFG. CORP.,,,350,Industrial Automation,,90000000,http://www.dornerconveyors.com
DOROTHY LANE MARKET,,,310,Retail,,80859000,http://www.dorothylane.com
DOUBLE H PLASTICS,,,350,Packaging and Containers Manufacturing,,39000000,http://www.doublehplastics.com
DOUGLAS MACHINE INC.,,,370,Industrial Machinery Manufacturing,,125000000,douglas-machine.com
DOVER CHEMICAL,,,350,Chemical Manufacturing,,42700000,http://www.doverchem.com
DOWCO,,,350,Textile Manufacturing,,37000000,http://www.dowco-inc.com
DOWNLITE,,,160,textiles,,200000000,http://www.downlite.com
DREAMLINE,,,350,Wholesale,,33900000,http://www.DreamLine.com
DRUCKER DIAGNOSTICS,,Pennsylvania,52,medical devices,,25000000,druckerdiagnostics.com
DUPERON CORPORATION,,Michigan,62,machinery,,297000000,duperon.com
DUPPS,,,350,Food and Beverage Manufacturing,,30900000,http://www.dupps.com
DURATECH INDUSTRIES,,,350,Printing Services,,45000000,http://www.duratech.com
DURAVENT,,,350,Industrial Machinery Manufacturing,,95829000,http://www.duraventgroup.com
DUTY FREE AMERICAS,,,1100,Retail,,34789000,http://www.dutyfreeamericas.com
DWYER INSTRUMENTS,,Indiana,340,Automation Machinery Manufacturing,,204499000,dwyer-inst.com
DYNALAB,,,120,electrical/electronic manufacturing,,27000000,http://www.dynalabems.com
"DYNALAB, INC.",,,350,"Appliances, Electrical, and Electronics Manufacturing",,37300000,http://www.dynalabems.com
DYNAMIC TOOL CORPORATION,,Wisconsin,53,plastics,,40200000,dyntool.com
DYSON,,,125,Industrial Machinery Manufacturing,,57800000,http://www.dysoncorp.com
E. SAM JONES LIGHTING & ENERGY SOLUTIONS,,,68,electrical/electronic manufacturing,,151000000,http://www.esamjones.com
E.C. STYBERG ENGINEERING & MANUFACTURING,,Wisconsin,75,mining & metals,,54300000,styberg.com
EAGLE,,,350,Automation Machinery Manufacturing,,31000000,http://www.eagletechnologies.com
EAGLE CRUSHER,,,125,Machinery Manufacturing,,31700000,http://www.eaglecrusher.com
EAGLE FAMILY FOODS,,,350,Manufacturing,,53400000,https://eaglefoods.com
EAGLE TECHNOLOGIES,,,350,Automation Machinery Manufacturing,,31000000,http://www.eagletechnologies.com
EAM-MOSCA CORP.,,,350,Packaging and Containers Manufacturing,,51200000,http://www.eammosca.com
EARTHFIRST BIOPOLYMER FILMS BY PSI,,,125,Plastics Manufacturing,,75000000,http://www.plasticsuppliers.com
EASE LOGISTICS,,,180,Transportation/Trucking/Railroad,,53500000,http://www.easelogistics.com
EAST END WELDING,,,125,Industrial Machinery Manufacturing,,30600000,http://www.eastendwelding.com
EAST WEST WISCONSIN,,,350,"Appliances, Electrical, and Electronics Manufacturing",,33600000,http://www.ewmfg.com
"EASTERN CONTROLS, INC.",,,130,Automation Machinery Manufacturing,,30000000,easterncontrols.com
EASTERN METAL SUPPLY,,,750,Wholesale,,64200000,https://www.easternmetal.com
EASY WAY PRODUCTS,,,750,Furniture and Home Furnishings Manufacturing,,38000000,http://www.easywayproducts.com
EBERHARD MANUFACTURING,,,350,Motor Vehicle Manufacturing,,52800000,http://www.eberhard.com
EBW ELECTRONICS,,,350,"Appliances, Electrical, and Electronics Manufacturing",,43900000,http://www.ebwe.com
ECHELON FITNESS MULTIMEDIA,,,220,sporting goods,,200000000,http://www.echelonfit.com
"ECK INDUSTRIES, INC.",,,350,Defense and Space Manufacturing,,34800000,http://www.eckindustries.com
ECKHART,,,350,Automation Machinery Manufacturing,,114100000,http://www.eckhartusa.com
ECM INDUSTRIES,,Wisconsin,120,electrical/electronic manufacturing,,72500000,ecmindustries.com
ECOPAX,,Pennsylvania,58,Packaging & Containers,,64100000,ecopaxinc.com
ECORE INTERNATIONAL,,,750,Wholesale Building Materials,,150000000,http://www.ecoreintl.com
ECOWATER SYSTEMS LLC,,,501,Mechanical Or Industrial Engineering,,97800000,ecowater.com
ECRM,,,350,Manufacturing,,64300000,http://ecrm.marketgate.com
"ECS SOLUTIONS, INC.",,Indiana,54,machinery,,25000000,ecssolutions.com
EDIBLE ARRANGEMENTS,,,3300,Retail,,600000000,http://www.ediblearrangements.com
"EFP, LLC.",,Indiana,190,Packaging and Containers Manufacturing,,55000000,efppackaging.com
EHOB,,Indiana,200,medical devices,,52400000,ehob.com
ELECTRI-CORD MANUFACTURING,,,280,electrical/electronic manufacturing,,430000000,http://www.electri-cord.com
ELECTRO-MATIC PRODUCTS,,,200,electrical/electronic manufacturing,,25000000,http://www.electro-matic.com
ELECTRON ENERGY CORPORATION,,Pennsylvania,71,mining & metals,,32000000,electronenergy.com
ELECTRONIC SYSTEMS,,South Dakota,52,electrical/electronic manufacturing,,51400000,electronicsi.com
ELECTRONIC THEATRE CONTROLS,,,3000,"Appliances, Electrical, and Electronics Manufacturing",,172500000,http://www.etcconnect.com
ELGIN FASTENER,,,750,Machinery Manufacturing,,115000000,http://www.elginfasteners.com
ELLWOOD,,,270,Industrial Machinery Manufacturing,,570000000,ellwoodgroup.com
ELSA,,Indiana,130,Automotive,,142500000,elsallc.com
EMERSON NETWORK POWER,,,7100,electrical/electronic manufacturing,,150000000,http://www.emersonnetworkpower.com
EMERY OLEOCHEMICALS,,,350,Chemical Manufacturing,,193900000,https://www.emeryoleo.com
EMMI ROTH,,,350,Food & Beverages,,100000000,http://www.emmiroth.com/careers
EMPIRE ABRASIVE EQUIPMENT CO.,,Pennsylvania,63,machinery,,27700000,empire-airblast.com
EMPIRE DIE CASTING,,,350,Mechanical Or Industrial Engineering,,36400000,http://www.empiredie.com
EMPIRE ELECTRONICS,,,350,Automotive,,38944000,https://www.empireelectronics.com
EMSAR,,,350,Medical Device,,60000000,http://www.emsar.com
ENABLE INJECTIONS,,,125,Medical Equipment Manufacturing,,50000000,https://enableinjections.com/
ENERGY STEEL,,Michigan,54,machinery,,537000000,energysteel.com
ENERPAC,,,750,Machinery Manufacturing,,200000000,http://www.enerpac.com
ENERPAC TOOL GROUP,,,680,Industrial Machinery Manufacturing,,589422000,enerpactoolgroup.com
ENERPAC TOOL GROUP: PREVIOUSLY 'ACTUANT CORPORATION',,Wisconsin,2300,machinery,,590000000,enerpactoolgroup.com
ENGAGE TECHNOLOGIES CORPORATION,,Minnesota,84,Packaging & Containers,,32600000,engagetechnologies.net
ENGINE POWER COMPONENTS,,,350,Motor Vehicle Manufacturing,,40770000,http://www.engpwr.com
ENHANCED INFORMATION SOLUTIONS (EIS),,Minnesota,200,machinery,,500000000,eisinc.com
"ENOVAPREMIER, LLC",,Kentucky,170,Motor Vehicle Manufacturing,,72400000,enovapremier.com
ENSTROM HELICOPTER,,,350,Aviation and Aerospace Component Manufacturing,,52800000,http://enstromhelicopter.com
ENVIRONMENTAL TECTONICS,,,350,Industrial Machinery Manufacturing,,47800000,http://www.etcusa.com
ENWORK,,,125,Furniture and Home Furnishings Manufacturing,,100000000,http://enwork.com/
EOTECH,,,130,Defense and Space Manufacturing,,72000000,eotechinc.com
EPIC EQUIPMENT,,,125,Automation Machinery Manufacturing,,39000000,http://www.epicequipment.com
EQUIPMENT & CONTROLS,,,350,Automation Machinery Manufacturing,,70000000,http://www.eci.us
EQUIPMENT TECHNOLOGIES,,Indiana,75,machinery,,31000000,etsprayers.com
ERMCO-ECI,,,350,electrical/electronic manufacturing,,150000000,http://www.ermco-eci.com
ESCALADE SPORTS,,Indiana,210,Sporting Goods Manufacturing,,222208000,escaladesports.com
ESPERION,,,350,Pharmaceutical Manufacturing,,75500000,http://www.esperion.com
"ESSENTIAL INDUSTRIES, INC",,,79,Chemical Manufacturing,,35000000,essind.com
ESSEX BROWNELL,,Indiana,70,electrical/electronic manufacturing,,119200000,essexbrownell.com
ESSEX FURUKAWA MAGNET WIRE,,,280,"Appliances, Electrical, and Electronics Manufacturing",,67600000,essexfurukawa.com
"EVERBRITE, LLC",,,750,Manufacturing,,130000000,http://www.everbrite.com
EVERIDGE,,Minnesota,160,Manufacturing,,75000000,everidge.com
EXECUTIVE CLASS,https://www.linkedin.com/company/2964970,Florida,51,Transportation/Trucking/Railroad,,20000000,executiveclassrelo.com
EXOTIC AUTOMATION & SUPPLY,,,200,Automation Machinery Manufacturing,,30000000,exoticautomation.com
EXTANG CORPORATION,,Michigan,120,Automotive,,116000000,extang.com
EXTREME ENGINEERING SOLUTIONS,,,350,Computer Hardware Manufacturing,,30000000,https://www.xes-inc.com
EXTRUDE HONE,,,350,Machinery Manufacturing,,70000000,https://www.extrudehone.com
FABCON,,Minnesota,850,Construction,,156500000,fabconprecast.com
FABIANO BROTHERS,,,350,Wholesale,,63500000,http://www.fabianobrothers.com
FABRI-KAL,,,3000,Packaging and Containers Manufacturing,,303000000,https://www.fabri-kal.com
FAIRBANKS MORSE DEFENSE,,,3000,Machinery Manufacturing,,258000000,http://www.FMDefense.com
FANIMATION CEILING FANS,,Indiana,63,Manufacturing,,58500000,fanimation.com
FANNIE MAY,,,750,Consumer Goods,,100000000,http://www.fanniemay.com
FAS-PAK,,Indiana,60,Packaging & Containers,,32000000,fas-pak.com
"FASTCO INDUSTRIES, INC.",,Michigan,72,mining & metals,,26700000,fastcoindustries.com
FBI BUILDINGS,,Indiana,170,Construction,,191000000,fbibuildings.com
FCX PERFORMANCE,,,3000,Industrial Machinery Manufacturing,,317500000,http://www.fcxperformance.com
FECON,,,350,Machinery Manufacturing,,75000000,http://www.fecon.com
FEDCO - FLUID EQUIPMENT DEVELOPMENT COMPANY,,Michigan,69,Mechanical Or Industrial Engineering,,65000000,fedco-usa.com
FEDERAL SCREW WORKS,,Michigan,80,Automotive,,59200000,federalscrewworks.com
FEESER'S FOOD DISTRIBUTORS,,,350,Food and Beverage Services,,172500000,http://www.feesers.com/
FELLOWES,,,350,Furniture and Home Furnishings Manufacturing,,500000000,https://www.fellowes.com
FENNER PRECISION POLYMERS,,,140,Automation Machinery Manufacturing,,62900000,fennerppd.com
FERADYNE OUTDOORS,,,350,Sporting Goods Manufacturing,,254000000,http://feradyne.com
FERNO,,,350,Medical Device,,53900000,http://www.fernoems.com
FESTOOL,,,125,Machinery Manufacturing,,46500000,http://www.festoolusa.com
FIELD AEROSPACE,,,350,Aviation and Aerospace Component Manufacturing,,75000000,http://www.fieldaero.com
"FINISHMASTER, INC.",,Indiana,830,Motor Vehicle Manufacturing,,390000000,finishmaster.com
FIRSTRONIC,,,750,"Appliances, Electrical, and Electronics Manufacturing",,159000000,http://www.firstronic.com
FISHER BARTON,,,750,Machinery Manufacturing,,62000000,https://www.fisherbarton.com/
FISHER DYNAMICS,,,3000,Motor Vehicle Manufacturing,,300000000,http://www.fisherco.com/
FISHER TANK COMPANY,,Pennsylvania,94,Construction,,28000000,fishertank.com
"FIVES GIDDINGS & LEWIS, LLC",,,4448,machinery,,671400000,fivesgroup.com
FIVES NORTH AMERICAN COMBUSTION,,,350,Industrial Machinery Manufacturing,,30500000,http://combustion.fivesgroup.com/
FLAMBEAU,,,3000,Plastics Manufacturing,,57000000,http://www.flambeau.com
FLANDERS,,Indiana,790,electrical/electronic manufacturing,,290400000,flandersinc.com
FLEXFAB,,,750,Industrial Machinery Manufacturing,,271600000,http://www.flexfab.com
FLEXICON,,,350,Industrial Machinery Manufacturing,,34000000,http://www.flexicon.com
FLIGHT SYSTEMS INDUSTRIAL PRODUCTS,,Pennsylvania,73,electrical/electronic manufacturing,,33000000,fsip.biz
FLORACRAFT,,,350,Consumer Goods,,58600000,http://www.floracraft.com
FLORIDA PAINTS,,,125,Wholesale Building Materials,,47700000,https://www.FloridaPaints.com
FNA GROUP,,,750,Manufacturing,,61300000,http://www.fna-group.com
FOAM DESIGN,,Kentucky,54,Packaging & Containers,,35000000,foamdesign.com
FORD METER BOX,,Indiana,270,Construction,,119000000,fordmeterbox.com
FORT RECOVERY INDUSTRIES,,,350,Motor Vehicle Manufacturing,,30000000,http://www.fortrecoveryindustries.com
FORT WAYNE METALS,,Indiana,650,Mechanical Or Industrial Engineering,,137500000,fwmetals.com
FORTEC MEDICAL,,,350,Medical Equipment Manufacturing,,32900000,https://www.fortecmedical.com
FOSBEL,,,750,"Glass, Ceramics and Concrete Manufacturing",,318300000,http://www.fosbel.com/
FOSS NORTH AMERICA,,,1600,"Appliances, Electrical, and Electronics Manufacturing",,100000000,fossanalytics.com
FOUNDATION WELLNESS,,,125,Manufacturing,,70000000,https://www.foundationwellness.com/
FRANKLIN INTERNATIONAL,,,350,Chemical Manufacturing,,60000000,http://www.Franklininternational.com
FREEMAN ENCLOSURE SYSTEMS,,,350,"Appliances, Electrical, and Electronics Manufacturing",,33900000,http://freemanenclosures.com
FREEMAN MANUFACTURING & SUPPLY,,,125,Plastics Manufacturing,,31200000,http://www.freemansupply.com
FREEPORT PRESS,,,125,Printing Services,,40300000,http://www.freeportpress.com
FROMM FAMILY FOODS,,Wisconsin,200,Mechanical Or Industrial Engineering,,37400000,frommfamily.com
FRONTAGE LABORATORIES,,,750,Pharmaceutical Manufacturing,,184400000,http://www.frontagelab.com
FS-ELLIOTT,,,350,Machinery Manufacturing,,193800000,https://www.fs-elliott.com/
FUTABA CORPORATION OF AMERICA,,,130,electrical/electronic manufacturing,,593600000,http://www.futabaems.com
FXI,,,3000,Consumer Goods,,493700000,http://www.fxi.com/
G&H ORTHODONTICS®,,Indiana,85,medical devices,,40000000,ghorthodontics.com
G&S METAL PRODUCTS,,,350,Manufacturing,,30100000,http://www.gsmetal.com/
G&T INDUSTRIES,,,120,Furniture and Home Furnishings Manufacturing,,40964000,gtindustries.com
GAGE PRODUCTS COMPANY,,,97,Chemical Manufacturing,,65000000,gageproducts.com
GALERIE CANDY AND GIFTS,,,125,Manufacturing,,33700000,http://www.galeriecandy.com
GARBER AUTOMOTIVE,,,3000,Motor Vehicle Manufacturing,,319200000,https://www.garberauto.com
GARDENS ALIVE,,,3000,Manufacturing,,170000000,https://www.gardensalive.com
GARDNER,,,160,Retail,,150000000,http://www.gardnerinc.com
GARDNER WHITE,,,750,Furniture and Home Furnishings Manufacturing,,275000000,https://www.gardner-white.com
GASBARRE,,,350,Machinery Manufacturing,,59000000,http://www.gasbarre.com
GATE PETROLEUM COMPANY,,,490,Retail,,140000000,http://www.gatepetro.com
GED INTEGRATED SOLUTIONS,,,125,Machinery Manufacturing,,35000000,http://www.gedusa.com
GEHL FOOD,,,350,Food and Beverage Services,,43100000,http://www.gehlfoods.com
"GELEST, INC.",,,200,Chemical Manufacturing,,35000000,gelest.com
GEMAIRE DISTRIBUTORS,,,750,Wholesale,,385200000,http://www.gemaire.com
GEMINI GROUP,,,3000,Automotive,,30700000,https://geminigroup.net
GENERAL ALUMINUM,,,3000,Automotive,,31800000,http://www.generalaluminum.com
GENERAL DIE CASTERS,,,350,Machinery Manufacturing,,32400000,http://www.generaldie.com/
"GENERAL EQUIPMENT & SUPPLIES, INC.",,,108,machinery,,69300000,genequip.com
GENERAL FASTENERS,,,350,"Transportation, Logistics, Supply Chain and Storage",,300000000,http://www.genfast.com
GENERAL STAMPING & METALWORKS,,Indiana,140,Automation Machinery Manufacturing,,67400000,gsmwinc.com
GENERAL TOOL,,,350,Defense and Space Manufacturing,,36800000,http://www.gentool.com
GENESIS ATTACHMENTS,,Wisconsin,61,machinery,,53906000,genesisattachments.com
GENTELL,,Pennsylvania,200,medical devices,,51200000,gentell.com
GEO SPECIALTY CHEMICALS,,,750,Chemical Manufacturing,,170500000,http://www.geosc.com/
GEORGE E. BOOTH CO.,,Indiana,100,machinery,,25000000,gebooth.com
GEOTEK,,,145,machinery,,38005000,geotekinc.com
GEROTECH,,Michigan,200,machinery,,44939000,gerotech.com
GERTRUDE HAWK CHOCOLATES,,,750,Food and Beverage Manufacturing,,294400000,http://www.gertrudehawkchocolates.com/
GETTLE,,,350,"Appliances, Electrical, and Electronics Manufacturing",,37600000,http://www.gettle.com
GHSP,,Michigan,789,Automotive,,600000000,ghsp.com
GIBBS DIE CASTING,,,3000,Motor Vehicle Manufacturing,,215900000,http://www.gibbsdc.com
GLASSTECH,,,125,Machinery Manufacturing,,37500000,http://www.glasstech.com/
GLENN RIEDER,,Wisconsin,120,Construction,,27800000,glennrieder.com
GLENROY,,,350,Packaging and Containers Manufacturing,,125000000,https://www.glenroy.com
GLOBAL TUNGSTEN & POWDERS,,,750,Chemical Manufacturing,,150000000,http://www.globaltungsten.com/
GLUNT INDUSTRIES,,,125,Machinery Manufacturing,,31200000,http://www.glunt.com
GMI,,Minnesota,170,medical devices,,60700000,gmi-inc.com
GMI COMPANIES,,,125,Furniture,,30000000,http://www.ghent.com
GOEX,,,350,Plastics Manufacturing,,52000000,http://www.goex.com
GOJO,,,3000,Manufacturing,,448200000,http://www.GOJO.com
GONZALEZ GROUP,,,750,Automation Machinery Manufacturing,,50000000,http://www.gonzalez-group.com
GOOD FOODS,,,750,Food & Beverages,,210000000,http://www.goodfoods.com
GOODWILL INDUSTRIES OF SOUTHEASTERN WISCONSIN,,,1800,Retail,,214103000,http://www.goodwillsew.com
"GORDON ALUMINUM INDUSTRIES, INC.",,Wisconsin,85,mining & metals,,30200000,gordonaluminum.com
GORILLA GLUE,,,750,Manufacturing,,300000000,http://www.gorillatough.com/careers
GORUCK,,,69,Retail,,35000000,http://www.goruck.com
GOSIGER,,,350,Machinery Manufacturing,,232700000,http://www.gosiger.com
GP REEVES,,Michigan,52,machinery,,32436000,gpreeves.com
"GPM, INC.",,Minnesota,96,mining & metals,,26000000,gpmco.com
GRACELAND FRUIT,,,350,Food and Beverage Services,,73000000,http://www.gracelandfruit.com
GRAFF,,Wisconsin,93,Mechanical Or Industrial Engineering,,32080000,graff-designs.com
GRAFIKA PRINT,,Pennsylvania,80,Packaging & Containers,,47000000,grafikaprint.com
GRAHAM ARCHITECTURAL PRODUCTS,,Pennsylvania,140,Construction,,108600000,grahamwindows.com
GRAND DESIGN RV,,Indiana,290,Automotive,,461700000,granddesignrv.com
GRAND RAPIDS CHAIR COMPANY,,,72,Furniture and Home Furnishings Manufacturing,,40677000,grandrapidschair.com
GRANDE CHEESE COMPANY,,,3000,Food and Beverage Manufacturing,,110000000,http://www.grande.com
GRASSLAND DAIRY PRODUCTS,,,750,Dairy Product Manufacturing,,35000000,http://www.grassland.com
GRAYMATTER,,,125,Automation Machinery Manufacturing,,36100000,https://www.GrayMatterSystems.com
GREAT BAY DISTRIBUTORS,,,350,Wholesale,,64800000,http://www.greatbaybud.com
GREAT NORTHERN CORPORATION,,,3000,Packaging & Containers,,32000000,http://www.GreatNorthernCorp.com
GREEN BAY PACKAGING,,,3000,Packaging and Containers Manufacturing,,120000000,http://www.gbp.com
GREEN BAY PACKAGING COATED PRODUCTS,,Wisconsin,53,Packaging & Containers,,300000000,gbpcoated.com
GREEN CIRCLE GROWERS,,,750,Manufacturing,,109400000,http://www.greencirclegrowers.com
GREEN TOKAI,,,750,Motor Vehicle Manufacturing,,156700000,http://www.greentokai.com
GREENBRIDGE,,,350,Packaging and Containers Manufacturing,,300000000,http://www.greenbridge.com
GREENE TWEED,,,3000,Manufacturing,,400000000,https://www.gtweed.com
GREENLEAF CORPORATION,,,110,Industrial Machinery Manufacturing,,108400000,greenleafcorporation.com
GROTE INDUSTRIES,,Indiana,1000,Automotive,,250000000,grote.com
GT,,,3000,Motor Vehicle Manufacturing,,38520000,http://www.gttechnologies.com
"GUHRING, INC.",,,350,Mechanical Or Industrial Engineering,,90000000,http://www.guhring.com
GURLEY LEEP AUTOMOTIVE FAMILY,,Indiana,210,Motor Vehicle Manufacturing,,40517000,gurleyleep.com
"GUY & O'NEILL, INC.",,,125,Manufacturing,,86600000,http://www.guyandoneill.com
GUY BROWN,,,77,Business Supplies & Equipment,,205960000,http://www.guybrown.com
H.H. BARNUM,,,350,Automation Machinery Manufacturing,,56000000,https://www.hhbarnum.com
H.H. BARNUM COMPANY,,,180,Automation Machinery Manufacturing,,56043000,hhbarnum.com
"HA INDUSTRIES, INC.",,,58,Automation Machinery Manufacturing,,27980000,ha-industries.com
HACKBARTH DELIVERY SERVICE,,,210,Transportation/Trucking/Railroad,,29167000,http://www.hackbarthdelivery.com
HADCO METAL TRADING,,,350,Mining,,85400000,http://www.hadco-metal.com
HALCON FURNITURE,,,150,Furniture and Home Furnishings Manufacturing,,70000000,halconfurniture.com
HAMPEL,,Wisconsin,78,plastics,,90000000,hampelcorp.com
HANA,,,68,electrical/electronic manufacturing,,29297000,http://www.hana.family
HANOVER FOODS,,,3000,Food Production,,61547000,https://www.hanoverfoods.com
HARBISONWALKER INTERNATIONAL,,Pennsylvania,770,"glass, ceramics & concrete",,600000000,thinkhwi.com
HARKEN INC.,,,350,Maritime Transportation,,41800000,http://www.harken.com
HARMONY BIOSCIENCES,,,350,Pharmaceutical Manufacturing,,437900000,https://www.harmonybiosciences.com/
HARRIS PRODUCTS,,,750,Machinery Manufacturing,,345000000,http://www.harrisproductsgroup.com
HARRISON STEEL CASTINGS,,Indiana,140,mining & metals,,34500000,hscast.com
HATCH STAMPING,,,750,Motor Vehicle Manufacturing,,256700000,http://www.hatchstamping.com
HAVILAND ENTERPRISES,,,350,Chemical Manufacturing,,97500000,http://www.havilandusa.com
HAYES PERFORMANCE SYSTEMS,,,750,Motor Vehicle Manufacturing,,70000000,https://hayesperformance.com/
HBD INDUSTRIES,,,3000,Mechanical Or Industrial Engineering,,137500000,http://www.hbdindustries.com
HDT,,,750,Defense & Space,,210000000,http://www.hdtglobal.com
HEARTH & HOME TECHNOLOGIES,,Minnesota,890,Manufacturing,,40000000,hearthnhome.com
HEARTLAND RV,,Indiana,540,Automotive,,200000000,heartlandrvs.com
"HED, INC.",,,125,"Appliances, Electrical, and Electronics Manufacturing",,33600000,http://www.HEDcontrols.com
HEDSTROM PLASTICS,,,125,Manufacturing,,52400000,http://www.hedstromplastics.com
HEIDELBERG DISTRIBUTING,,,3000,Food & Beverages,,300000000,http://www.heidelbergdistributing.com
HEINEN'S GROCERY STORE,,,1200,Retail,,450000000,http://www.heinens.com
HEISER AUTOMOTIVE GROUP,,,350,Motor Vehicle Manufacturing,,61700000,http://www.heiser.com
HELMER SCIENTIFIC,,Indiana,230,medical devices,,50000000,helmerinc.com
HELWIG CARBON PRODUCTS,,,350,"Appliances, Electrical, and Electronics Manufacturing",,45200000,http://www.helwigcarbon.com
HEMLOCK SEMICONDUCTOR,,,3000,Chemical Manufacturing,,407000000,http://www.hscpoly.com
HENTZEN COATINGS,,,350,Chemical Manufacturing,,37600000,http://www.hentzen.com
HFI,,,3000,Motor Vehicle Manufacturing,,468100000,https://www.hfi-inc.com
HGC INDUSTRIES,,Indiana,69,Manufacturing,,33000000,hgcindustries.com
HILLSDALE FURNITURE,,,120,Furniture and Home Furnishings Manufacturing,,75000000,hillsdalefurniture.com
HINO MOTORS MANUFACTURING USA,,Michigan,910,Automotive,,86600000,hmmusa.com
HIROTEC AMERICA,,,350,Automotive,,35400000,http://www.hirotecamerica.com
HI-TECH MOLD & ENGINEERING,,,350,Automotive,,30400000,http://www.hitechmold.com
HOBART BROTHERS,,,750,Industrial Machinery Manufacturing,,33700000,http://www.hobartbrothers.com
HOHMAN PLATING,,,125,Aviation and Aerospace Component Manufacturing,,128700000,http://www.hohmanplating.com
HOLLYWOOD FEED,,,440,Retail,,26000000,http://www.hollywoodfeed.com
HOME APPLIANCE SALES & SERVICE,,,99,Retail,,87930000,http://www.yourhomeappliance.com
HOME CITY ICE,,,3000,Manufacturing,,55000000,http://www.homecityice.com
HOMEDICS,,,350,Manufacturing,,436200000,http://www.homedics.com/
HOMETOWN PHARMACY,,,750,Pharmaceutical Manufacturing,,98500000,http://www.hometownpharmacyrx.com/
HORIZONS,,,125,Defense & Space,,189300000,http://horizons-inc.com/
HORSBURGH & SCOTT,,,125,Machinery Manufacturing,,38500000,http://www.horsburgh-scott.com
HOSE MASTER,,,350,Industrial Machinery Manufacturing,,135800000,https://www.hosemaster.com
HOUSE OF FLAVORS,,,350,Food and Beverage Manufacturing,,31397000,http://www.houseofflavors.com
HOVERTECH INTERNATIONAL,,Pennsylvania,66,medical devices,,100000000,hovermatt.com
HOWARD MILLERÂ® & HEKMANÂ® FURNISHINGS,,,94,Furniture and Home Furnishings Manufacturing,,75000000,howardmiller.com
HOWARD TERNES PACKAGING CO,,Michigan,130,Packaging & Containers,,25000000,ternespkg.com
"HR PHARMACEUTICALS, INC",,Pennsylvania,110,medical devices,,25000000,hrpharma.com
HRI,,Pennsylvania,230,Construction,,445600000,hriinc.com
HRST,,Minnesota,67,Mechanical Or Industrial Engineering,,33500000,hrstinc.com
HUGHES-PETERS,,,88,electrical/electronic manufacturing,,40396000,http://www.hughespeters.com
HUI MANUFACTURING,,Wisconsin,230,machinery,,43000000,huimfg.com
HUMANETICS,,,750,Motor Vehicle Manufacturing,,30000000,https://www.humaneticsgroup.com
HUMPHREY PRODUCTS,,,350,"Appliances, Electrical, and Electronics Manufacturing",,57200000,http://www.humphrey-products.com
"HURCO COMPANIES, INC.",,Indiana,250,Machinery Manufacturing,,250810000,hurco.com
HUSCO,,,3000,Industrial Machinery Manufacturing,,451000000,http://www.husco.com
HUTCHINSON TECHNOLOGY INC.,,Minnesota,920,"Appliances, Electrical, and Electronics Manufacturing",,234649000,htch.com
HVAC DISTRIBUTORS,,,125,Wholesale,,48000000,http://www.hvacdist.com
HYDRAFORCE,,,3000,Industrial Machinery Manufacturing,,220000000,http://www.hydraforce.com
HY-KO PRODUCTS,,,125,Manufacturing,,35000000,https://www.hy-ko.com/
HYPERION MATERIALS & TECHNOLOGIES,,,3000,Industrial Machinery Manufacturing,,389400000,http://www.HyperionMT.com
HYPRO INC.,,Wisconsin,230,machinery,,75000000,hypro.com
IBCC INDUSTRIES,,,750,Industrial Machinery Manufacturing,,76200000,http://www.ibccind.com/
"IBCC INDUSTRIES, INC.",,,750,Industrial Machinery Manufacturing,,76200000,http://www.ibccind.com/
ICE HOUSE AMERICA,,,52,Retail,,30200000,http://www.icehouseamerica.com
ICE INDUSTRIES,,,750,Manufacturing,,130900000,http://www.iceindustries.com
ID IMAGES,,,350,Printing Services,,41800000,http://www.idimages.com
IDEAL AEROSMITH INC.,,North Dakota,91,electrical/electronic manufacturing,,25000000,ideal-aerosmith.com
IDEAL ELECTRIC COMPANY,,,100,electrical/electronic manufacturing,,75000000,http://www.theidealelectric.com
IDESIGN,,,350,Manufacturing,,215000000,https://www.idesignlivesimply.com/
IDI COMPOSITES INTERNATIONAL,,Indiana,160,plastics,,328700000,idicomposites.com
IDI DISTRIBUTORS,,,350,Wholesale Building Materials,,88500000,https://www.idi-insulation.com
IDX CORPORATION,,Michigan,540,Mechanical Or Industrial Engineering,,365000000,idxcorporation.com
IGPS LOGISTICS,,,140,logistics & supply chain,,100000000,http://www.igps.net
IKIO LED LIGHTING,,Indiana,120,electrical/electronic manufacturing,,27900000,ikioledlighting.com
ILLING PACKAGING,,,125,Packaging and Containers Manufacturing,,46400000,https://www.illingcompany.com/
"ILPEA INDUSTRIES, INC.",,Indiana,260,Plastics Manufacturing,,40084000,ilpeaindustries.com
ILSCO,,,260,electrical/electronic manufacturing,,250000000,http://www.ilsco.com
IMI PBM,,Pennsylvania,150,Mechanical Or Industrial Engineering,,356000000,pbmvalve.com
IMMI,,Indiana,750,Automotive,,533000000,imminet.com
IMPERIAL BEVERAGE,,,350,Wine & Spirits,,33673000,http://imperialbeverage.com/
IMPERIAL CLINICAL RESEARCH SERVICES,,Michigan,90,Pharmaceutical Manufacturing,,55000000,imperialcrs.com
INCERTEC,,Minnesota,77,machinery,,25000000,incertec.com
INDELCO PLASTICS CORPORATION,,Minnesota,79,plastics,,47000000,indelco.com
INDEPENDENT PHARMACY COOPERATIVE,,,125,Pharmaceutical Manufacturing,,30800000,http://www.ipcrx.com
INDEPENDENT PHARMACY COOPERATIVE (IPC),,,125,Pharmaceutical Manufacturing,,30800000,http://www.ipcrx.com
INDIANA CARTON COMPANY,,Indiana,52,Packaging & Containers,,33400000,indianacarton.com
INDIANA TUBE CORPORATION,,Indiana,59,mining & metals,,31300000,indianatube.com
"INDUSTRIAL MAGNETICS, INC.",,Michigan,66,machinery,,29100000,magnetics.com
INDUSTRIAL SCIENTIFIC,,,680,electrical/electronic manufacturing,,182000000,http://www.indsci.com
INFINITY MACHINE AND ENGINEERING,,Wisconsin,76,machinery,,51324000,infinitymec.com
INFUSYSTEM,,,350,Medical Equipment Manufacturing,,107600000,http://www.infusystem.com
INLAND,,,350,Packaging and Containers Manufacturing,,31200000,http://www.inlandpackaging.com
INNOTEC,,,350,Motor Vehicle Manufacturing,,69000000,http://www.innotecgroup.com
INNOVATIVE SOLUTIONS & SUPPORT,,,110,Aviation & Aerospace,,29079000,innovative-ss.com
INNOVIZE,,Minnesota,140,medical devices,,37400000,innovize.com
INOAC USA,,,3000,Plastics Manufacturing,,300000000,http://www.inoacusa.com
INOLEX,,,125,Personal Care Product Manufacturing,,500000000,http://www.inolex.com
"INOVISION, INC.",,Michigan,69,Automation Machinery Manufacturing,,27200000,inovision.com
INPRO,,,750,Wholesale Building Materials,,146100000,https://www.inprocorp.com
INSOLVES,,,83,electrical/electronic manufacturing,,25000000,http://www.insolves.com
INSPIRE MEDICAL SYSTEMS,,Minnesota,990,medical devices,,570190000,inspiresleep.com
INTEGRATED PACKAGING MACHINERY,,,125,Automation Machinery Manufacturing,,43200000,http://www.callipm.com
INTERCOMP COMPANY,,,66,"Appliances, Electrical, and Electronics Manufacturing",,25700000,intercompcompany.com
INTEREUM,,,180,Furniture and Home Furnishings Manufacturing,,61700000,intereum.com
INTERKAL,,Michigan,62,Construction,,27800000,interkal.com
INTERMATIC,,,750,"Appliances, Electrical, and Electronics Manufacturing",,300000000,http://www.Intermatic.com
INTERNATIONAL AUTOS GROUP,,,350,Motor Vehicle Manufacturing,,40000000,http://www.iaautogroup.com
INTERNATIONAL DIAMOND CENTER,,,100,Retail,,36056000,http://www.shopidc.com
INTERNATIONAL THERMAL SYSTEMS,,,125,Machinery Manufacturing,,43500000,http://www.internationalthermalsystems.com
INTERPLASTIC,,,350,Chemical Manufacturing,,30400000,http://www.interplastic.com
INTERPLASTIC CORPORATION,,,340,Chemical Manufacturing,,150000000,interplastic.com
INTERVALA,,,350,"Appliances, Electrical, and Electronics Manufacturing",,59300000,http://www.intervala.com
INTRICON CORPORATION,,Minnesota,250,medical devices,,139990000,intricon.com
INVOTEC,,,125,Automation Machinery Manufacturing,,42200000,https://www.invotec.com
IRISO USA,,Michigan,58,electrical/electronic manufacturing,,324800000,irisoconnectors.com
IROQUOIS INDUSTRIES,,Michigan,180,Automotive,,249500000,iroquoisind.com
IRWIN SEATING,,,350,Furniture and Home Furnishings Manufacturing,,155000000,http://www.irwinseating.com
ITAMCO,,Indiana,89,mining & metals,,30800000,itamco.com
ITC INCORPORATED,,Michigan,170,electrical/electronic manufacturing,,133000000,itc-us.com
ITW EAE,,Minnesota,250,electrical/electronic manufacturing,,66700000,itweae.com
ITW FOOD EQUIPMENT GROUP,,,290,electrical/electronic manufacturing,,266600000,http://www.itwfoodequipment.com
IVI INC.,,Wisconsin,59,machinery,,28900000,ivinc.com
J.W. SPEAKER CORPORATION,,,350,"Appliances, Electrical, and Electronics Manufacturing",,100400000,http://www.jwspeaker.com/
JAC PRODUCTS,,,3000,Motor Vehicle Manufacturing,,32400000,http://www.jacproducts.com
JACK LINK'S PROTEIN SNACKS,,,3000,Manufacturing,,62600000,http://www.jacklinks.com
JAECKLE DISTRIBUTORS,,,125,Wholesale,,64000000,http://www.jaeckledistributors.com
JARRETT,,,170,logistics & supply chain,,119400000,http://www.gojarrett.com
JAYCO,,Indiana,890,Automotive,,507300000,jaycofamily.com
JBC TECHNOLOGIES,,,125,Manufacturing,,54300000,http://www.jbc-tech.com
JBM PACKAGING,,,125,Packaging and Containers Manufacturing,,35300000,http://www.jbmpackaging.com
JEDCO,,,350,Aviation and Aerospace Component Manufacturing,,31200000,http://jedinc.com
JEFFERS,,,86,Retail,,29944000,http://www.jefferspet.com
JEGS PERFORMANCE,,,210,Retail,,100000000,http://www.jegs.com
JEM TECHNICAL,,Minnesota,79,machinery,,25000000,jemtechnical.com
JENI'S SPLENDID ICE CREAMS,,,3000,Food and Beverage Manufacturing,,95700000,http://jenis.com
JENNMAR,,Pennsylvania,4000,mining & metals,,204000000,jennmar.com
JET EDGE INTERNATIONAL,,,350,Aviation and Aerospace Component Manufacturing,,100000000,https://www.flyjetedge.com/
JEWELRY TELEVISION,,,910,Retail,,397924000,http://www.jtv.com
JIFFY,,,350,Food and Beverage Manufacturing,,35000000,http://www.jiffymix.com
JL AUDIO,,,330,electrical/electronic manufacturing,,131250000,http://www.jlaudio.com
JOHNSON-LANCASTER AND ASSOCIATES,,,110,Retail,,27361000,http://www.johnson-lancaster.com
JONES SIGN,,Wisconsin,370,Construction,,135800000,jonessign.com
JONTI-CRAFT,,,77,Furniture,,71000000,jonti-craft.com
JOURNEY GROUP,,South Dakota,98,Construction,,150000000,journeyconstruction.com
JOYCE DAYTON,,,125,Machinery Manufacturing,,44400000,http://www.joycedayton.com
JR AUTOMATION,,,1700,Industrial Machinery Manufacturing,,600000000,jrautomation.com
JTM FOOD,,,750,Food and Beverage Manufacturing,,155200000,http://www.jtmfoodgroup.com
JUNGLE JIM'S INTERNATIONAL MARKET,,,340,Retail,,34289000,http://www.junglejims.com
JUST BORN,,,750,Food and Beverage Manufacturing,,243000000,http://www.justborn.com
JUST GOT 2 HAVE IT !,,,67,Retail,,39886000,http://www.justgot2haveit.com
JWF INDUSTRIES,,Pennsylvania,170,machinery,,108200000,jwfi.com
K&G FASHION SUPERSTORE,,,760,Retail,,318363000,http://www.kgstores.com
KAHLER AUTOMATION,,Minnesota,59,machinery,,31782000,kahlerautomation.com
KANE INNOVATIONS,,Pennsylvania,53,mining & metals,,35000000,kaneinnovations.com
KAPCO,,,350,Plastics Manufacturing,,81500000,http://www.kapco.com
KAPCO METAL STAMPING,,,350,Mechanical Or Industrial Engineering,,97500000,http://www.kapcoinc.com/
KATUN,,,390,Retail,,75400000,http://www.katun.com
KAYSUN CORPORATION,,,350,Plastics Manufacturing,,33200000,http://www.kaysun.com
KC JONES PLATING,,,125,Motor Vehicle Manufacturing,,44215000,http://www.kcjplating.com
KEH,,,220,Retail,,30000000,http://www.keh.com
KEITHLEY INSTRUMENTS,,,350,"Appliances, Electrical, and Electronics Manufacturing",,44200000,http://www.keithley.com/
KELPAC MEDICAL,,Minnesota,580,medical devices,,120000000,kelpacmedical.com
KENALL LIGHTING,,,350,"Appliances, Electrical, and Electronics Manufacturing",,35700000,http://www.kenall.com
KENAN ADVANTAGE GROUP,https://www.linkedin.com/company/82488,,1119,Transportation/Trucking/Railroad,,250000000,
KENDALL PACKAGING,,Wisconsin,73,Packaging & Containers,,26000000,kendallpkg.com
KENDRICK PLASTICS,,Michigan,92,Automotive,,76100000,kendrickplastics.com
KENNEDY TANK AND MANUFACTURING,,Indiana,70,Mechanical Or Industrial Engineering,,26000000,kennedytank.com
KENT DISPLAYS,,,73,electrical/electronic manufacturing,,28301000,http://www.kentdisplays.com
KENT QUALITY FOODS,,,125,Food and Beverage Manufacturing,,35000000,http://www.kqf.com
KENWAL STEEL,,,350,Mining,,251200000,http://www.kenwal.com
KEYSTONE POWDERED METAL,,,350,Motor Vehicle Manufacturing,,100000000,http://keystonepm.com
KI,,,3000,Furniture and Home Furnishings Manufacturing,,209000000,http://www.ki.com
KI MOBILITY,,,350,Medical Equipment Manufacturing,,52900000,http://www.kimobility.com
KICHLER LIGHTING,,,350,Manufacturing,,450000000,http://www.kichler.com
KILWINS CHOCOLATES FRANCHISE,,,125,Food and Beverage Manufacturing,,50000000,http://www.kilwins.com
KINETICO,,,350,Manufacturing,,218000000,http://www.kinetico.com
KINEX MEDICAL COMPANY,,Wisconsin,170,medical devices,,65300000,kinexmedical.com
KING BUSINESS INTERIORS,,,125,Furniture and Home Furnishings Manufacturing,,33800000,https://www.kbiinc.com/
"KINGSBURY, INC.",,Pennsylvania,200,machinery,,48500000,kingsbury.com
KIP,,,125,Retail Office Equipment,,37500000,http://www.kip.com
KLEEN TEST PRODUCTS CORPORATION,,,750,Manufacturing,,300000000,http://www.kleentest.com
KLN FAMILY BRANDS,,,109,Mechanical Or Industrial Engineering,,354300000,klnfamilybrands.com
KLOSTERMAN BAKING,,,750,Food and Beverage Manufacturing,,245000000,http://www.klostermanbakery.com
KMC CONTROLS,,,180,electrical/electronic manufacturing,,72000000,http://www.kmccontrols.com
KNAPE & VOGT MANUFACTURING,,,3000,Manufacturing,,46497000,http://www.knapeandvogt.com
KNIGHT GLOBAL,,Michigan,130,machinery,,25000000,knightglobal.com
KNOTT BRAKE,,,125,Motor Vehicle Manufacturing,,30500000,http://www.knottbrake.com
KNOUSE FOODS,,,3000,Food and Beverage Manufacturing,,45300000,http://www.knouse.com
KOENIG EQUIPMENT,,,350,Oil and Gas,,43000000,http://www.koenigequipment.com
KONDEX CORPORATION,,,120,Industrial Machinery Manufacturing,,27900000,kondex.com
KOOPS AUTOMATION SYSTEMS,,,350,Automation Machinery Manufacturing,,31600000,http://www.koops.com
KRB MACHINERY COMPANY,,Pennsylvania,57,Construction,,26090000,krbmachinery.com
"KROFF, INC.",,,84,Chemical Manufacturing,,60000000,kroff.com
KRYSTAL BIOTECH,,,125,Biotechnology,,70900000,http://www.krystalbio.com/
KURT J. LESKER,,,350,Semiconductor Manufacturing,,220000000,http://www.lesker.com
KURTZ BROS.,,,125,Manufacturing,,31100000,http://www.kurtz-bros.com
KYOCERA SGS,,,7500,Industrial Machinery Manufacturing,,55000000,http://www.kyocera-sgstool.com
L & S ELECTRIC,,,350,Automation Machinery Manufacturing,,63200000,https://www.lselectric.com
L&L PRODUCTS,,,3000,Automotive,,150000000,http://www.llproducts.com
LA-CO INDUSTRIES,,,125,Chemical Manufacturing,,32000000,https://www.lacoindustries.com
LAFORCE,,,750,Construction,,162300000,http://www.laforceinc.com
LAFRANCE,,,750,Manufacturing,,75000000,http://www.lafrancecorp.com
LAIRD CONNECTIVITY,,,125,Computers and Electronics Manufacturing,,56400000,http://www.lairdconnect.com
LAKE SHORE CRYOTRONICS,,,170,electrical/electronic manufacturing,,25000000,http://www.lakeshore.com
LAKESIDE FOODS,,,3000,Food and Beverage Manufacturing,,300000000,http://lakesidefoods.com
LAMINATIONS,,Wisconsin,96,Packaging & Containers,,32200000,laminationsonline.com
LANDAAL PACKAGING SYSTEMS,,Michigan,78,Packaging & Containers,,50000000,landaal.com
LANDSCAPE FORMS,,,350,Furniture and Home Furnishings Manufacturing,,81900000,http://www.landscapeforms.com
LANE BRYANT,,,4000,Retail,,380000000,http://www.lanebryant.com
LANNETT COMPANY,,,3000,Pharmaceutical Manufacturing,,308500000,http://www.lannett.com
LANTECH,,,350,Machinery Manufacturing,,242900000,http://www.lantech.com
LASER MECHANISMS,,Michigan,71,Semiconductors,,34500000,lasermech.com
LASKO PRODUCTS,,,750,Manufacturing,,130000000,http://www.lasko.com
"LAVELLE INDUSTRIES, INC.",,Wisconsin,500,Manufacturing,,153600000,lavelle.com
LB WHITE COMPANY,,Wisconsin,76,Machinery Manufacturing,,53000000,lbwhite.com
LDV,,Wisconsin,110,Automotive,,126300000,ldvusa.com
LEBANON SEABOARD,,,350,Manufacturing,,215700000,http://www.lebsea.com
LEE INDUSTRIES,,,350,Machinery Manufacturing,,50000000,http://www.leeind.com/
LEER GROUP,,Indiana,300,Automotive,,600000000,leer.com
LEGACY INDUSTRIES,,,140,Automation Machinery Manufacturing,,56900000,legacy-ind.com
LENEX STEEL COMPANY,,Indiana,55,Construction,,27000000,lenexsteel.com
LENOX,,,350,Manufacturing,,400000000,http://www.lenox.com
LESCO DESIGN & MANUFACTURING,,Kentucky,89,Industrial Automation,,25000000,lescodesign.com
LESTER BUILDING SYSTEMS,,Minnesota,130,Construction,,39000000,lesterbuildings.com
LESTER SALES COMPANY,,Indiana,63,electrical/electronic manufacturing,,25000000,lestersalesco.com
LEVENGER COMPANY,,,96,Retail,,45000000,http://www.levenger.com
LEWCO,,,125,Machinery Manufacturing,,31900000,http://www.lewcoinc.com
LIBRA INDUSTRIES,,,350,"Appliances, Electrical, and Electronics Manufacturing",,40000000,http://www.libraindustries.com
LIFECORE BIOMEDICAL,,Minnesota,270,Pharmaceuticals,,185800000,lifecore.com
LIFESCAN,,Pennsylvania,2083,medical devices,,501400000,lifescan.com
LIGHTCORP,,Michigan,54,electrical/electronic manufacturing,,30000000,lightcorp.com
LINCOLN ELECTRIC,https://www.linkedin.com/company/10281,,5001,machinery,,328600000,lincolnelectric.com
LINCOLN ELECTRIC HOLDINGS INC.,https://www.linkedin.com/company/10281,Ohio,5001,machinery,,328600000,lincolnelectric.com
LINDAR CORPORATION,,Minnesota,68,plastics,,35000000,lindarcorp.com
LINK ENGINEERING,,,750,Industrial Machinery Manufacturing,,162900000,http://www.linkeng.com
"LIPHATECH, INC.",,,74,Chemical Manufacturing,,52000000,liphatech.com
LITTFIN LUMBER,,Minnesota,61,Construction,,50000000,littfintruss.com
LITTLE RAPIDS CORPORATION,,,350,Paper and Forest Product Manufacturing,,87400000,http://www.littlerapids.com
LITTLE TIKES,,,3000,Manufacturing,,450000000,http://www.littletikes.com
LLFLEX,,Kentucky,78,Packaging & Containers,,120000000,llflex.com
LNS NORTH AMERICA,,,750,Machinery Manufacturing,,41800000,http://www.LNS-northamerica.com
LOC PERFORMANCE,,,750,Manufacturing,,120000000,http://www.locperformance.com
LOCK JOINT TUBE,,Indiana,170,Manufacturing,,25000000,ljtube.com
LOGAN ALUMINUM,,Kentucky,760,mining & metals,,228900000,logan-aluminum.com
LOMAR MACHINE & TOOL COMPANY,,Michigan,62,machinery,,25600000,lomar.com
LORDSTOWN MOTORS,,,750,Motor Vehicle Manufacturing,,187100000,http://www.lordstownmotors.com
LOUISVILLE LADDER,,Kentucky,500,Mechanical Or Industrial Engineering,,320000000,louisvilleladder.com
LOWELL INC.,,Minnesota,61,medical devices,,30037000,lowellinc.com
LSI INDUSTRIES,,,3000,"Appliances, Electrical, and Electronics Manufacturing",,455100000,http://www.lsicorp.com
LUTRON ELECTRONICS,,,2800,"Appliances, Electrical, and Electronics Manufacturing",,210000000,lutron.com
M8 PHARMACEUTICALS,,,350,Pharmaceutical Manufacturing,,258000000,http://www.m8pharmaceuticals.com
MAC PAPERS AND PACKAGING,,,750,"Transportation, Logistics, Supply Chain and Storage",,469700000,https://www.macpapers.com
MAC TOOLS,,,350,Motor Vehicle Manufacturing,,115500000,http://www.mactools.com
MAC VALVES,,,750,Automation Machinery Manufacturing,,300000000,http://www.macvalves.com
MACTAC,,,750,Chemical Manufacturing,,339000000,http://www.mactac.com
MADISON-KIPP CORPORATION,,,350,Motor Vehicle Manufacturing,,37000000,http://madison-kipp.com
MAGIC LEAP,,,1400,electrical/electronic manufacturing,,185000000,http://www.magicleap.com
MAGNA MACHINE CO.,,,125,Machinery Manufacturing,,40600000,https://www.magna-machine.com/
MAGNUM MAGNETICS,,,350,Consumer Goods,,59000000,http://www.magnummagnetics.com
MAJOR TOOL & MACHINE,,Indiana,240,Defense & Space,,89000000,majortool.com
MALCO PRODUCTS,,,350,Chemical Manufacturing,,96900000,http://www.malcopro.com
MAMMOTOME,,,750,Medical Equipment Manufacturing,,170000000,http://www.mammotome.com
MANITOWOC TOOL & MACHINING,,,350,Machinery Manufacturing,,48600000,http://www.mantool.com
MANSFIELD PLUMBING,,,750,Building Materials,,51800000,http://www.mansfieldplumbing.com
MANUFACTURING TECHNOLOGY,,,350,Machinery Manufacturing,,40000000,http://www.MTIwelding.com
MARCHANT SCHMIDT,,Wisconsin,110,machinery,,35500000,marchantschmidt.com
MARION BODY WORKS,,,350,Motor Vehicle Manufacturing,,54400000,https://www.marionbody.com
MARION TOOL & DIE,,Indiana,63,Aviation & Aerospace,,27980000,mariontool.com
MARKING SERVICES,,Wisconsin,360,Construction,,67900000,markserv.com
MARMON/KEYSTONE,,,350,Mining,,307500000,http://www.marmonkeystone.com
MARSH ELECTRONICS,,,125,"Appliances, Electrical, and Electronics Manufacturing",,180000000,http://www.marshelectronics.com
MARTIN CALIBRATION INC.,,Minnesota,55,machinery,,68300000,martincalibration.com
MARXMODA,,,67,Furniture and Home Furnishings Manufacturing,,60600000,marxmoda.com
MASTER FLUID SOLUTIONS,,,350,Chemical Manufacturing,,125000000,https://www.masterfluids.com
"MASTERMOLD, LLC",,Wisconsin,94,plastics,,54000000,mastermoldllc.com
MASTERS PHARMACEUTICAL,,,350,Pharmaceutical Manufacturing,,36200000,http://www.MastersRx.com
MASTERSON FOODS,,,125,Food & Beverages,,32200000,http://www.mastersonfoods.com
MATENAER CORPORATION,,Wisconsin,55,machinery,,44800000,matenaer.com
MATRIC LIMITED,,,350,"Appliances, Electrical, and Electronics Manufacturing",,81400000,http://www.matric.com/
MATRIX DESIGN GROUP,,,81,electrical/electronic manufacturing,,29419000,http://www.matrixteam.com
MAYCO INTERNATIONAL,,Michigan,550,Automotive,,52100000,maycointernational.com
MAYFRAN INTERNATIONAL,,,350,Automation Machinery Manufacturing,,150000000,http://www.mayfran.com
MAYSTEEL INDUSTRIES,,,750,Industrial Machinery Manufacturing,,112500000,http://www.maysteel.com
MAZZELLA COMPANIES,,,750,Automation Machinery Manufacturing,,320000000,http://www.mazzellacompanies.com
MBW,,Wisconsin,79,Construction,,53637000,mbw.com
MC ASSEMBLY,,,230,electrical/electronic manufacturing,,600000000,http://www.mcati.com
MC TANK TRANSPORT,https://www.linkedin.com/company/1900799,Louisiana,76,Transportation/Trucking/Railroad,,50000000,mctank.com
MCC SOLUTIONS,,,120,Retail,,39430000,http://www.mccsolutions.net
MCE,,,350,Automation Machinery Manufacturing,,34200000,http://www.mceautomation.com
MCGREGOR METAL,,,350,Industrial Machinery Manufacturing,,43000000,http://www.mcgregormetal.com
MCLANAHAN,,,350,Machinery Manufacturing,,88400000,http://www.mclanahan.com
MCMILLAN ELECTRIC COMPANY,,,350,"Appliances, Electrical, and Electronics Manufacturing",,70100000,http://www.mcmillanelectric.com
MCNEILUS TRUCK AND MANUFACTURING,,Minnesota,570,Automotive,,142000000,mcneiluscompanies.com
MCSWAIN CARPETS & FLOORS,,,120,Retail,,49901000,http://www.mcswaincarpets.com
MDESIGN,,,350,Consumer Goods,,32100000,https://mdesignhomedecor.com/
"MEC (MAYVILLE ENGINEERING COMPANY, INC.)",,,3000,Industrial Machinery Manufacturing,,478500000,http://www.mecinc.com
MEDARTIS,,Indiana,94,medical devices,,166900000,medartisusa.com
MENASHA PACKAGING,,,3000,Packaging and Containers Manufacturing,,387300000,http://www.menasha.com
MERCHANTS FOODSERVICE,,,750,Food and Beverage Services,,311600000,http://merchantsfoodservice.com
MERCURY PLASTICS,,,350,Plastics Manufacturing,,75000000,https://www.mercury-plastics.com
MERIDIAN BIOSCIENCE,,,750,Medical Equipment Manufacturing,,333000000,http://www.meridianbioscience.com
MERRILL,,,350,Defense and Space Manufacturing,,91000000,http://www.MERRILLtg.com
MERRILL STEEL,,,350,Fabricated Metal Products,,37500000,http://www.merrillsteel.com/
"MES, INC",,,125,Motor Vehicle Manufacturing,,116100000,http://www.mesinc.net
MESSER CUTTING SYSTEMS,,,750,Machinery Manufacturing,,45000000,http://www.messer-cutting.com
METAL CRAFT AND RIVERSIDE MACHINE & ENGINEERING,,Minnesota,160,Aviation & Aerospace,,80000000,mcandrs.com
"METALCRAFT OF MAYVILLE, INC.",,,750,Industrial Machinery Manufacturing,,53400000,http://www.mtlcraft.com
METALTEK INTERNATIONAL,,Wisconsin,520,mining & metals,,210700000,metaltek.com
METALWORKING,,,125,Machinery Manufacturing,,63000000,http://www.metalworkinggroup.com
METZGERS PRINTING & MAILING,,,125,Printing Services,,30000000,http://www.metzgers.com
MFP AUTOMATION ENGINEERING,,,125,Automation Machinery Manufacturing,,51100000,http://www.mifp.com
MGS MFG. GROUP,,,3000,Plastics Manufacturing,,240000000,http://www.mgsmfg.com
MICELI DAIRY,,,350,Food and Beverage Manufacturing,,72400000,http://www.miceli-dairy.com
MICHELMAN,,,350,Chemical Manufacturing,,225000000,http://www.michelman.com
MICHIGAN SUGAR,,,3000,Food and Beverage Manufacturing,,46600000,http://www.michigansugar.com
MICHIGAN TURKEY PRODUCERS,,,750,Food and Beverage Manufacturing,,46000000,https://www.miturkey.com
MICKEY THOMPSON TIRES,,,125,Motor Vehicle Manufacturing,,32100000,http://www.mickeythompsontires.com
MICRO CONTROL COMPANY,,,120,"Appliances, Electrical, and Electronics Manufacturing",,58000000,microcontrol.com
MICRODENTAL LABORATORIES,,,350,Medical Device,,45450000,http://www.microdental.com
MICROMATIC LLC,,Indiana,56,machinery,,40000000,micromaticllc.com
MICROMERITICS INSTRUMENT,,,300,electrical/electronic manufacturing,,30000000,http://www.micromeritics.com
MICROMETL CORPORATION,,Indiana,180,machinery,,341600000,micrometl.com
MICROPOISE,,,350,Measuring and Control Instrument Manufacturing,,48200000,http://www.micropoise.com
MICRO-POISE MEASUREMENT,,,120,electrical/electronic manufacturing,,48159000,http://www.micropoise.com
MICROPULSE,,Indiana,170,medical devices,,36569000,micropulseinc.com
MICRO-TECH ENDOSCOPY,,Michigan,140,medical devices,,25000000,mtendoscopy.com
MIDMARK,,,3000,Medical Equipment Manufacturing,,500000000,http://www.midmark.com
MIDWAY PRODUCTS GROUP,,Michigan,280,Automotive,,405500000,midwayproducts.com
MIDWEST INDUSTRIAL SUPPLY,,,125,Chemical Manufacturing,,58900000,https://www.midwestind.com
MIDWESTERN AUTO GROUP,,,350,Motor Vehicle Manufacturing,,52000000,http://www.magcars.com
MIDWESTERN PET FOODS,,Indiana,150,Mechanical Or Industrial Engineering,,80000000,midwesternpetfoods.com
"MILK SOURCE, LLC",,,750,Dairy Product Manufacturing,,82100000,http://www.milksource.com
MILLCRAFT,,,350,Paper and Forest Product Manufacturing,,55000000,http://millcraft.com
MILLER ELECTRIC MFG. LLC,,,3000,Machinery Manufacturing,,380200000,http://www.MillerWelds.com
MILLER FABRICATION SOLUTIONS,,,350,Machinery Manufacturing,,30400000,http://www.millerfabricationsolutions.com
MILLER TRANSFER,https://www.linkedin.com/company/miller-transfer,,88,Transportation/Trucking/Railroad,,10000000,millertransfer.com
MILLERBERND,,,350,Construction,,30000000,http://www.millerbernd.com
MILLER'S TEXTILE,,,125,Textile Manufacturing,,30400000,http://www.millerstextile.com
MILSCO LLC,,,750,Motor Vehicle Manufacturing,,300000000,http://www.milsco.com
MILWAUKEE ELECTRONICS,,,750,"Appliances, Electrical, and Electronics Manufacturing",,70000000,http://www.MilwaukeeElectronics.com
MILWAUKEE FORGE,,Wisconsin,56,machinery,,39979000,milwaukeeforge.com
"MIRACLE-EAR, INC.",,Minnesota,1300,medical devices,,100000000,miracle-ear.com
MITSUBISHI ELECTRIC POWER PRODUCTS,,,3000,"Appliances, Electrical, and Electronics Manufacturing",,400000000,http://www.meppi.com
MITSUBISHI ELECTRIC TRANE US,,,760,electrical/electronic manufacturing,,125000000,https://www.mitsubishicomfort.com/
MME GROUP INC.,,Minnesota,200,Plastics Manufacturing,,45500000,mmegroupinc.com
MODANI FURNITURE,,,110,Retail,,29724000,http://www.modani.com
MODELS & TOOLS,,,77,Aviation and Aerospace Component Manufacturing,,25200000,modelsandtools.com
MODERN,,,350,Machinery Manufacturing,,67600000,http://www.moderngroup.com
MODERN OFFICE METHODS,,,200,Retail,,29878000,http://www.momnet.com
MODINEER,,,3000,Manufacturing,,115000000,http://www.modineer.com
MOELLER AEROSPACE,,,750,Aviation and Aerospace Component Manufacturing,,50000000,https://www.moeller-aerospace.com
MOELLER PRECISION TOOL,,Michigan,110,machinery,,54400000,moellerprecisiontool.com
MOLDED FIBER GLASS COMPANIES,,,3000,Plastics Manufacturing,,200000000,http://www.moldedfiberglass.com
MONROE TRUCK EQUIPMENT,,,750,Motor Vehicle Manufacturing,,270000000,http://www.monroetruck.com
MONTI,,,150,electrical/electronic manufacturing,,60000000,http://www.monti-inc.com
MORNINGSTAR CORPORATION,,Pennsylvania,52,electrical/electronic manufacturing,,25000000,morningstarcorp.com
MORRELL,,,125,Automation Machinery Manufacturing,,50000000,http://www.morrell-group.com
MORRELL GROUP,,,170,Automation Machinery Manufacturing,,50000000,morrell-group.com
MOSSY OAK,,,180,Retail,,40816000,http://www.mossyoak.com
MOTION DYNAMICS CORPORATION,,Michigan,80,medical devices,,26000000,motiondc.com
MOTUS INTEGRATED,,,3000,Motor Vehicle Manufacturing,,40000000,http://www.motusintegrated.com
MOUNTAIN HIGH OUTFITTERS,,,150,Retail,,26057000,http://www.mountainhighoutfitters.com
"MPI | MAGNETIC PRODUCTS, INC.",,Michigan,51,machinery,,25000000,mpimagnet.com
MPI PRODUCTS,,,3000,Motor Vehicle Manufacturing,,75000000,http://www.mpiproducts.com
MRPC,,,125,Medical Equipment Manufacturing,,48000000,https://www.mrpcorp.com/
MRS. T'S PIEROGIES,,,350,Food Production,,68500000,http://www.mrstspierogies.com
MS METAL SOLUTIONS,,Michigan,72,Machinery Manufacturing,,35600000,msmetalsolutions.com
MSSC,,,750,Motor Vehicle Manufacturing,,109100000,http://www.msscna.com
MTI,,,750,Aviation and Aerospace Component Manufacturing,,52500000,http://www.MTImotion.com
MUM INDUSTRIES,,,125,"Appliances, Electrical, and Electronics Manufacturing",,45000000,http://www.mumindustries.com/
MUSASHI AMERICAS,,Michigan,300,Automotive,,148500000,musashiamericas.com
MUZA METAL PRODUCTS,,Wisconsin,98,mining & metals,,42000000,muzametal.com
MYERS EMERGENCY POWER SYSTEMS,,,51,"Appliances, Electrical, and Electronics Manufacturing",,32100000,myerseps.com
NABCO ENTRANCES,,Wisconsin,180,Construction,,75000000,nabcoentrances.com
NANOLUMENS,,,110,electrical/electronic manufacturing,,29000000,http://www.nanolumens.com
NANSHAN AMERICA,,Indiana,140,mining & metals,,70200000,nanshanusa.com
NASCO,,,210,Retail,,318300000,nascoeducation.com
NATIONAL BUSINESS FURNITURE,,,350,Furniture and Home Furnishings Manufacturing,,119100000,https://www.nationalbusinessfurniture.com/
NATIONAL CENTER FOR DEFENSE MANUFACTURING & MACHINING (NCDMM),,Pennsylvania,51,Defense & Space,,43000000,ncdmm.org
NATIONAL ELECTRIC COIL,,,150,electrical/electronic manufacturing,,46427000,http://www.national-electric-coil.com
NATIONAL MACHINERY,,,350,Machinery Manufacturing,,44200000,http://www.nationalmachinery.com/
NATIONAL OAK DISTRIBUTORS,,,350,Motor Vehicle Manufacturing,,97000000,http://www.nationaloak.com
NATIONAL PRESTO INDUSTRIES,,,750,Manufacturing,,308000000,http://www.gopresto.com/
NATURAL LIFE,,,320,Retail,,29236000,http://www.naturallife.com
NATUS MEDICAL INCORPORATED,,,3000,Medical Equipment Manufacturing,,478300000,http://www.natus.com
NAVISTAR DEFENSE,,,350,Defense and Space Manufacturing,,151000000,http://www.NavistarDefense.com
NCC AUTOMATED SYSTEMS,,Pennsylvania,71,Industrial Automation,,118300000,nccas.com
NCP COATINGS,,,125,Chemical Manufacturing,,31400000,http://www.ncpcoatings.com
ND INDUSTRIES,,,350,Automation Machinery Manufacturing,,42300000,https://www.ndindustries.com
NDC TECHNOLOGIES,,,350,Automation Machinery Manufacturing,,86500000,http://www.ndc.com
"NEENAH ENTERPRISES, INC.",,,3000,Manufacturing,,149600000,http://www.groupnei.com
NEENAH FOUNDRY COMPANY,,Wisconsin,200,mining & metals,,214000000,groupnei.com
NEFF PACKAGING SOLUTIONS,,Kentucky,55,Packaging & Containers,,44000000,neffpackaging.com
NELSON GLOBAL,,,810,Industrial Machinery Manufacturing,,600000000,nelsongp.com
NEOCOIL,,Wisconsin,60,medical devices,,33400000,neocoil.com
NEPTUNE TECHNOLOGY GROUP,,,630,electrical/electronic manufacturing,,53781000,http://www.neptunetg.com
NEURONETICS,,,350,Medical Equipment Manufacturing,,65200000,http://www.neurostar.com/
NEW BERLIN PLASTICS,,Wisconsin,70,plastics,,36900000,nbplastics.com
NEW HUDSON FACADES,,Pennsylvania,230,Construction,,28900000,newhudsonfacades.com
NEW PIG,,,750,Manufacturing,,203700000,http://www.newpig.com
NEW PLASTICS,,Wisconsin,80,plastics,,27500000,newplasticscorp.com
NEW STANDARD,,,350,Manufacturing,,70000000,http://www.newstandard.com
NEWAGE INDUSTRIES,,,350,Plastics Manufacturing,,79300000,http://www.newageindustries.com
NEXT LEVEL DISTRIBUTION,,,200,electrical/electronic manufacturing,,28071000,http://www.getnextlevel.com
NEXTEK,,,120,electrical/electronic manufacturing,,37000000,http://www.nextekinc.com
NEXTERN,,Minnesota,1000,medical devices,,81600000,nextern.com
NEXTHERMAL,,Michigan,70,machinery,,25800000,nexthermal.com
NGK SPARK PLUGS,,,750,Motor Vehicle Manufacturing,,40000000,http://www.ngksparkplugs.com
NICO CORPORATION,,Indiana,94,medical devices,,25000000,niconeuro.com
NIDEC MINSTER,,,750,Machinery Manufacturing,,148500000,http://www.minster.com
NINE LINE APPAREL,,,120,Apparel & Fashion,,27106000,http://www.ninelineapparel.com
NITERRA NORTH AMERICA,,Michigan,190,Automotive,,40000000,ngksparkplugs.com
NIVEL,,,750,Motor Vehicle Manufacturing,,210000000,https://www.nivel.com
NMG AEROSPACE,,,350,Aviation and Aerospace Component Manufacturing,,87000000,http://www.nmgaerospace.com
NOCO,,,350,Computers and Electronics Manufacturing,,149300000,https://no.co/
NOKOMIS,,,64,Defense and Space Manufacturing,,58100000,nokomisinc.com
NORDCO,,,350,Railroad Equipment Manufacturing,,150000000,http://www.nordco.com
NORDSON MEDICAL,,Minnesota,970,medical devices,,419400000,nordsonmedical.com
NORMAN NOBLE,,,750,Medical Equipment Manufacturing,,75000000,http://www.nnoble.com
NORTECH SYSTEMS,,Minnesota,380,Mechanical Or Industrial Engineering,,140803000,nortechsys.com
NORTH VERNON INDUSTRY CORP,,Indiana,89,Machinery Manufacturing,,38100000,nvic-cwt.com
NORTHERN ENGRAVING,,,3000,Printing Services,,80800000,http://www.norcorp.com
"NORTHSTAR MEDICAL RADIOISOTOPES, LLC",,,350,Pharmaceutical Manufacturing,,62800000,https://www.northstarnm.com
NORTHWIRE,,,125,"Appliances, Electrical, and Electronics Manufacturing",,41300000,http://www.northwire.com
NORWOOD MEDICAL,,,750,Medical Equipment Manufacturing,,60000000,http://www.norwoodmedical.com
NOVATECH AUTOMATION,,,350,Utilities,,36000000,http://www.novatechautomation.com
NOVIPAX,,,350,Packaging and Containers Manufacturing,,230000000,http://www.novipax.com
NOVUM STRUCTURES,,Wisconsin,180,Construction,,180000000,novumstructures.com
NPS HOLDINGS,,,350,Paper and Forest Product Manufacturing,,63400000,https://npsholdings.com
NTN DRIVESHAFT,,Indiana,798,machinery,,271600000,ntnamericas.com
NUAIRE,,,350,Research,,75000000,http://www.nuaire.com
NUCRAFT,,,350,Furniture and Home Furnishings Manufacturing,,57900000,http://www.nucraft.com
NUESKE'S MEATS,,,125,Food and Beverage Manufacturing,,40000000,http://www.nueskemeats.com
NUK,,,350,Plastics Manufacturing,,43100000,http://www.nuk-usa.com
NYX INC.,,Michigan,940,Automotive,,65000000,nyxinc.com
OBERG INDUSTRIES,,,750,Industrial Machinery Manufacturing,,190100000,http://www.oberg.com
OBERLIN FILTER COMPANY,,Wisconsin,57,machinery,,30000000,oberlinfilter.com
OCEAN INSIGHT,,,180,electrical/electronic manufacturing,,38425000,http://www.oceaninsight.com
OEC GRAPHICS,,,350,Printing Services,,45500000,http://www.oecgraphics.com
OFS,,,1200,electrical/electronic manufacturing,,200000000,http://www.ofsoptics.com
OHIO CAT,,,3000,Machinery Manufacturing,,316700000,http://www.ohiocat.com
OHIO MULCH,,,350,Paper and Forest Product Manufacturing,,68400000,http://www.ohiomulch.com/
OHMITE,,,350,"Appliances, Electrical, and Electronics Manufacturing",,135800000,http://www.ohmite.com
OLD TIME POTTERY,,,390,Retail,,500000000,http://www.oldtimepottery.com
OLIVER HEALTHCARE PACKAGING,,,750,Packaging and Containers Manufacturing,,31689000,http://www.oliverhcp.com
OLON RICERCA BIOSCIENCE,,,125,Pharmaceutical Manufacturing,,300000000,http://www.olonricerca.com
OLYMPUS GROUP,,,350,Printing Services,,54800000,http://www.olympusgrp.com
"OMEGA PLASTICS, INC.",,Michigan,54,plastics,,33000000,opinc.com
OMNI METALCRAFT,,,125,Automation Machinery Manufacturing,,40800000,http://www.omni.com
OMNICABLE,,,350,"Appliances, Electrical, and Electronics Manufacturing",,48000000,http://www.omnicable.com
OMNISOURCE,,Indiana,860,mining & metals,,41875000,omnisource.com
OMT-VEYHL,,,190,Furniture and Home Furnishings Manufacturing,,115000000,omt-veyhl.com
OPTIMUM RV,,,130,Retail,,55600000,http://www.optimumrv.com
OPTINOSE,,,125,Pharmaceutical Manufacturing,,77900000,http://www.optinose.com
ORASCOPTIC,,Wisconsin,150,medical devices,,27500000,orascoptic.com
ORASURE,,,750,Medical Equipment Manufacturing,,387500000,http://www.OraSure.com
ORBBEC,,,350,Computer Hardware Manufacturing,,32100000,http://www.orbbec3d.com
ORBIS REUSABLE PACKAGING MANAGEMENT (RPM),,,1392,Packaging & Containers,,681200000,orbiscorporation.com
ORBUS,,,350,Wholesale,,89200000,http://www.orbus.com
ORION ENERGY SYSTEMS,,,350,"Appliances, Electrical, and Electronics Manufacturing",,121600000,http://www.orionlighting.com
ORLANDO BAKING,,,350,Food and Beverage Manufacturing,,48300000,http://www.orlandobaking.com
ORT TOOL AND DIE,,Pennsylvania,55,machinery,,25000000,orttool.com
OSBORN,,,3000,Industrial Machinery Manufacturing,,34200000,https://www.osborn.com/
OX INDUSTRIES,,,750,Paper and Forest Product Manufacturing,,36600000,http://www.oxindustries.com
"PACE INDUSTRIES, LLC",,Michigan,1100,mining & metals,,192000000,paceind.com
PACON CORPORATION,,,750,Paper and Forest Product Manufacturing,,99300000,http://www.pacon.com
PACUR LLC,,Wisconsin,77,plastics,,150000000,pacur.com
PALLET SERVICE CORPORATION,,Minnesota,51,Packaging & Containers,,26300000,palletservice.com
PALMER HOLLAND,,,125,Chemical Manufacturing,,126000000,https://www.palmerholland.com
PALRAM AMERICAS,,,350,Plastics Manufacturing,,45800000,https://www.palram.com/us
PAPER CONVERTING MACHINE COMPANY,,,750,Machinery Manufacturing,,210000000,http://www.pcmc.com
PAPER MACHINERY CORPORATION,,Wisconsin,150,machinery,,110000000,papermc.com
PAPERWORKS,,Pennsylvania,620,paper & forest products,,150000000,onepaperworks.com
PAR 4 PLASTICS,,Kentucky,70,plastics,,45600000,par4plastics.com
PARADIES LAGARDÈRE,,,2200,Retail,,345000000,http://www.paradieslagardere.com
PARAGON D&E,,,350,Aviation and Aerospace Component Manufacturing,,31200000,https://paragonde.com
PARAGON MEDICAL,,Indiana,5000,medical devices,,550000000,paragonmedical.com
PARAGON METALS,,,350,Motor Vehicle Manufacturing,,51000000,http://www.paragonmetals.com
PARK INDUSTRIES,,,247,machinery,,75900000,parkindustries.com
PARKER PLASTICS,,,153,plastics,,52100000,parker-plastics.com
PARKER'S,,,520,Retail,,492600000,http://www.parkerskitchen.com
PARTS EXPRESS,,,130,electrical/electronic manufacturing,,32093000,http://www.parts-express.com
PASLIN,,,750,Automation Machinery Manufacturing,,100000000,http://www.paslin.com
PECO PALLET,,,350,Truck Transportation,,200000000,http://www.pecopallet.com
PEERLESS TECHNOLOGIES,,,350,Defense and Space Manufacturing,,100000000,http://epeerless.com
PEI-GENESIS,,,750,"Appliances, Electrical, and Electronics Manufacturing",,282000000,https://www.peigenesis.com
PEIRCE PHELPS,,,350,Wholesale,,206000000,http://www.peirce.com
PENN COLOR,,,750,Plastics Manufacturing,,121000000,http://www.penncolor.com
PENN UNITED TECHNOLOGIES,,,750,Machinery Manufacturing,,150000000,http://www.pennunited.com
PENNAIR,,Pennsylvania,61,machinery,,27500000,pennair.com
PENNANT MOLDINGS,,,78,electrical/electronic manufacturing,,25000000,http://www.pennant-us.com
"PENNANT MOLDINGS, INC.",,,350,"Appliances, Electrical, and Electronics Manufacturing",,25000000,http://www.pennant-us.com/
PENNSYLVANIA STEEL,,,350,Fabricated Metal Products,,300000000,http://www.pasteel.com
PERLICK CORPORATION,,,350,Manufacturing,,42200000,http://www.perlick.com
PERRYMAN COMPANY,,Pennsylvania,180,mining & metals,,40000000,perrymanco.com
PETER GLENN SKI AND SPORTS,,,110,Retail,,30000000,http://www.peterglenn.com
PETERSON SPRING,,,750,Motor Vehicle Manufacturing,,191700000,http://www.pspring.com
PETLAND RETAIL STORES,,,470,Retail,,35000000,http://www.petland.com
PETOSKEY PLASTICS,,,350,Plastics Manufacturing,,65000000,http://www.petoskeyplastics.com
PGA TOUR SUPERSTORE,,,1200,Retail,,36000000,http://www.pgatoursuperstore.com
PHASE TECHNOLOGIES,,South Dakota,58,electrical/electronic manufacturing,,25000000,phasetechnologies.com
PHOENIX PAPER WICKLIFFE LLC,,Kentucky,500,paper & forest products,,160000000,phoenixpaper.com
PIDC,,,125,Chemical Manufacturing,,105000000,http://www.pidc.com
PILOT CHEMICAL,,,350,Chemical Manufacturing,,375000000,http://www.pilotchemical.com
PINCH A PENNY POOL PATIO SPA,,,870,Retail,,387300000,http://www.pinchapenny.com
PINNACLE TECHNOLOGY GROUP,,Michigan,61,electrical/electronic manufacturing,,25000000,pinnacletec.com
PISTON AUTOMOTIVE,,Michigan,380,Automotive,,58000000,pistonautomotive.com
PIXELLE,,,3000,Paper and Forest Product Manufacturing,,35000000,http://www.pixelle.com
PLACON CORPORATION,,,750,Packaging and Containers Manufacturing,,190000000,http://www.placon.com
PLAID ENTERPRISES,,,290,Retail,,32000000,http://www.plaidonline.com
PLASKOLITE,,,3000,Plastics Manufacturing,,348400000,https://plaskolite.com/
PLASTIC INGENUITY,,,750,Packaging and Containers Manufacturing,,90000000,http://www.plasticingenuity.com
PLASTICS ENGINEERING COMPANY (PLENCO),,,350,Plastics Manufacturing,,72700000,https://www.plenco.com
PLASTI-PAINT,,Michigan,59,plastics,,28000000,plastipaint.com
PLAYMONSTER,,,125,Manufacturing,,40000000,http://www.playmonster.com
PMC SMART SOLUTIONS,,,125,Medical Equipment Manufacturing,,55000000,https://www.pmcsmartsolutions.com
PNEUMATIC SCALE ANGELUS,,,750,Machinery Manufacturing,,61700000,https://psangelus.com/
POBLOCKI SIGN COMPANY,,Wisconsin,170,Construction,,42400000,poblocki.com
POINT MEDICAL CORPORATION,,Indiana,53,medical devices,,50967000,pointmedical.com
POLY VINYL CO.,,Wisconsin,51,plastics,,44100000,polyvinyl.com
POLYFLEX PRODUCTS,,Michigan,97,Packaging & Containers,,25000000,polyflexpro.com
POLYJOHN ENTERPRISES CORP.,,Indiana,71,plastics,,100000000,polyjohn.com
POOL AND SPA DEPOT,,,83,Retail,,51021000,http://www.poolandspadepot.com
PORTESCAP,,,3000,"Appliances, Electrical, and Electronics Manufacturing",,105000000,http://www.portescap.com
POST CONSUMER BRANDS,,Minnesota,1900,Mechanical Or Industrial Engineering,,438300000,postconsumerbrands.com
POST GLOVER RESISTORS,,,66,electrical/electronic manufacturing,,64736000,http://www.postglover.com
POTTERS INDUSTRIES,,Pennsylvania,1000,Mechanical Or Industrial Engineering,,37300000,pottersindustries.com
POWDER COTE II,,,130,Chemical Manufacturing,,51620000,powdercoteii.com
POWER,,,190,electrical/electronic manufacturing,,170500000,http://www.powerpartners-usa.com
POWER DISTRIBUTORS,,,350,Truck Transportation,,168400000,https://www.powerdistributors.com
POWEREX,,,350,Semiconductors,,40000000,http://www.pwrx.com
PRATT MILLER,,,350,Motor Vehicle Manufacturing,,80000000,http://www.prattmiller.com
PRC BRAND,,,125,Medical Device,,30000000,http://prentrom.com
PRECISION MEDICAL TECHNOLOGIES,,Indiana,86,medical devices,,29600000,premedtec.com
PREMIUM WATERS,,,3000,Food and Beverage Manufacturing,,417000000,http://premiumwaters.com
PRESTO PRODUCTS COMPANY,,,350,Manufacturing,,294800000,http://www.prestoproducts.com
PRIDE MOBILITY PRODUCTS,,,3000,Medical Equipment Manufacturing,,400000000,https://www.pridemobility.com
PRIDGEON & CLAY,,Michigan,600,Automotive,,295000000,pridgeonandclay.com
PRIME TECHNOLOGICAL SERVICES,,,64,electrical/electronic manufacturing,,34634000,http://www.prime-ems.com
PRIMEX,,,125,"Appliances, Electrical, and Electronics Manufacturing",,75000000,http://www.primexinc.com
"PRINSCO, INC.",,Minnesota,500,Plastics Manufacturing,,98000000,prinsco.com
PRIORITY,,Wisconsin,160,Construction,,25000000,priorityinc.com
PRO-ACTIVE ENGINEERING,,Wisconsin,63,electrical/electronic manufacturing,,25000000,proactivepcb.com
PROAMPAC,https://www.linkedin.com/company/10341654,California,1001,Packaging and Containers,,100100000,proampac.com
PROCONEX,,,350,Automation Machinery Manufacturing,,40400000,http://www.proconexdirect.com
PRODUCTION AUTOMATION CORPORATION,,Minnesota,130,medical devices,,28082000,gotopac.com
PRODUCTION CONTROL UNITS,,,125,Automation Machinery Manufacturing,,45000000,http://www.pcuinc.com
PROFESSIONAL PLUMBING GROUP,,,350,Wholesale,,50000000,http://www.ppg-inc.com
PROFILE FILMS,,Michigan,56,Packaging & Containers,,45500000,profilefilms.com
PROPER GROUP,,,750,Motor Vehicle Manufacturing,,131100000,http://propergroupintl.com
PROTOLABS,,,5000,Industrial Machinery Manufacturing,,485452000,protolabs.com
PROVIA,,,3000,Manufacturing,,392300000,https://www.provia.com
PSCO KIEFFER,,Wisconsin,72,Construction,,34493000,pscosigngroup.com
PTC ALLIANCE,,Pennsylvania,340,mining & metals,,450000000,ptcalliance.com
PTR BALER AND COMPACTOR COMPANY,,Pennsylvania,180,machinery,,63300000,ptrco.com
PTS DIAGNOSTICS,,Indiana,160,medical devices,,45000000,ptsdiagnostics.com
PTSOLUTIONS,,,750,Automation Machinery Manufacturing,,315000000,http://www.pts-tools.com
PULSE,,,350,Medical Equipment Manufacturing,,31300000,http://www.pulsetechnologies.com
PURE ROMANCE,,,5200,Retail,,250000000,http://www.pureromance.com
PYROMATION,,Indiana,91,Mechanical Or Industrial Engineering,,89000000,pyromation.com
Q-LAB,,,350,Industrial Machinery Manufacturing,,44200000,http://www.q-lab.com
QUALITY LIQUID FEEDS,,,350,Food and Beverage Manufacturing,,78500000,http://www.qlf.com
QUALITY METALS,,Minnesota,51,mining & metals,,25400000,qualitymetalsinc.com
"QUALITY PACKAGING, INC.",,Wisconsin,120,Packaging & Containers,,50000000,qpack.com
QUALITY TOOL,,Minnesota,120,machinery,,25800000,qualitytool.com
QUEST INDUSTRIAL,,Wisconsin,50,machinery,,28199000,questindustrial.com
R&E AUTOMATED,,,350,Automation Machinery Manufacturing,,56100000,http://www.reautomated.com
R.A JONES,,,750,Machinery Manufacturing,,64400000,http://www.rajones.com
RACE WINNING BRANDS,,,750,Motor Vehicle Manufacturing,,126500000,http://www.racewinningbrands.com
RADIAN RESEARCH,,,77,electrical/electronic manufacturing,,28752000,http://www.radianresearch.com
RADIUS PACKAGING,,,350,Packaging & Containers,,53500000,https://radiuspkg.com
RADIX WIRE & CABLE,,,66,electrical/electronic manufacturing,,25000000,http://www.radix-wire.com
RAMI,,,63,electrical/electronic manufacturing,,51902000,http://www.rami.com
"RAPID-LINE, INC.",,Michigan,55,Machinery Manufacturing,,39400000,rapid-line.com
"REALTRUCK, INC.",,Michigan,1400,Automotive,,100000000,realtruck.com
RECARO AUTOMOTIVE,,,350,Motor Vehicle Manufacturing,,45500000,http://www.recaro-automotive.com/
RED LION CONTROLS,,,350,Automation Machinery Manufacturing,,60000000,https://www.redlion.net/
RED NUCLEUS,,,350,Pharmaceutical Manufacturing,,257200000,https://rednucleus.com
RED VALVE COMPANY,,,110,Industrial Machinery Manufacturing,,100000000,redvalve.com
REDVIKING,,,125,Automation Machinery Manufacturing,,31400000,http://www.redviking.com
REFRIGERATED SOLUTIONS GROUP,,,74,HVAC and Refrigeration Equipment Manufacturing,,149400000,master-bilt.com
REGAL WARE,,,350,Manufacturing,,80000000,http://www.regalware.com
REHAB MEDICAL,,,350,Medical Equipment Manufacturing,,71900000,http://www.rehabmedical.com
RELIABILITY & PERFORMANCE,,,350,Defense and Space Manufacturing,,30316000,http://www.rp-tech.net/
RENK AMERICA,,Indiana,3000,machinery,,55000000,renk.com
REPUBLIC STEEL,,,750,Industrial Machinery Manufacturing,,700000000,http://www.republicsteel.com
REQUEST FOODS,,,750,Food and Beverage Manufacturing,,379700000,http://www.requestfoods.com
RESCO PRODUCTS,,Pennsylvania,280,mining & metals,,26800000,rescoproducts.com
"RESCO PRODUCTS, INC.",,Pennsylvania,280,mining & metals,,27000000,rescoproducts.com
RESOLUTION MEDICAL,,Minnesota,150,medical devices,,41400000,resolutionmedical.com
RESTAURANT EQUIPPERS,,,91,Retail,,29000000,http://www.equippers.com
RESTEK,,,350,Chemical Manufacturing,,300000000,http://www.restek.com
REVERE PLASTICS SYSTEMS,,,3000,Plastics Manufacturing,,356800000,http://www.rpsystems.com/
REVERIE,,,350,Furniture and Home Furnishings Manufacturing,,47500000,http://www.reverie.com
REXAIR,,,350,Manufacturing,,35000000,https://www.rexairllc.com
"REYNOLDS SERVICES, INC.",,Pennsylvania,51,Packaging & Containers,,48000000,rsi.biz
RF TECHNOLOGIES,,Wisconsin,370,medical devices,,25000000,rft.com
RG BARRY,,,125,Apparel & Fashion,,141800000,http://www.rgbarry.com
RHINEGEIST BREWERY,,,350,Food and Beverage Services,,59000000,http://www.rhinegeist.com
RHINESTAHL,,,125,Machinery Manufacturing,,133000000,http://www.rhinestahl.com
RHOADS INDUSTRIES,,Pennsylvania,140,Construction,,37500000,rhoadsinc.com
RICARDO DEFENSE INC,,,68,Defense and Space Manufacturing,,462277000,ricardo.com
RICE LAKE WEIGHING SYSTEMS,,,750,"Appliances, Electrical, and Electronics Manufacturing",,82900000,http://www.ricelake.com
RICHARDS INDUSTRIALS,,,125,Industrial Machinery Manufacturing,,41200000,http://www.richardsind.com/careers
RIFLE PAPER,,,110,Retail,,34018000,http://www.riflepaperco.com
"RITCHIE ENGINEERING CO., INC. (YELLOW JACKET)",,Minnesota,61,Mechanical Or Industrial Engineering,,41000000,yellowjacket.com
RITE-HITE,,,3000,Machinery Manufacturing,,300000000,http://www.ritehite.com
RITERUG FLOORING,,,590,Retail,,45000000,http://www.riterug.com
RIVERSIDE MFG.,,,79,"Appliances, Electrical, and Electronics Manufacturing",,60100000,riversidemfg.com
RMS COMPANY,,Minnesota,530,medical devices,,26552000,rmsmachining.com
ROBB & STUCKY,,,120,Retail,,300000000,http://www.robbstuckyintl.com
ROBBINS,,,750,Machinery Manufacturing,,38400000,http://www.RobbinsTBM.com
ROBIN INDUSTRIES,,,750,Plastics Manufacturing,,129000000,http://www.robin-industries.com
"ROBINSON, INC.",,,160,Industrial Machinery Manufacturing,,65000000,robinsoninc.com
ROCHE DIABETES CARE,,Indiana,200,medical devices,,43000000,rochediabetes.com
ROCKLINE INDUSTRIES,,,3000,Manufacturing,,40000000,http://www.rocklineind.com
ROCKWELL MEDICAL,,,350,Pharmaceutical Manufacturing,,68830000,http://www.rockwellmed.com
RODEM,,,125,Food and Beverage Manufacturing,,52000000,https://www.Rodem.com
ROGUE FITNESS,,,480,Retail,,80000000,http://www.roguefitness.com
ROHRER,,,3000,Packaging and Containers Manufacturing,,131000000,http://www.rohrer.com
ROMAN MANUFACTURING,,,125,"Appliances, Electrical, and Electronics Manufacturing",,52100000,https://www.romanmfg.com/
ROSENBAUER AMERICA,,South Dakota,280,Automotive,,220000000,rosenbaueramerica.com
ROSKAM BAKING,,,3000,Food and Beverage Manufacturing,,267500000,http://roskambakingcompany.com/
RÖSLER USA,,Michigan,250,machinery,,358000000,rosler.com
ROSS CONTROLS,,,350,Industrial Automation,,92400000,http://www.rosscontrols.com
ROTEX GLOBAL,,,350,Machinery Manufacturing,,90000000,http://www.rotex.com
ROVISYS,,,3000,Automation Machinery Manufacturing,,134400000,http://www.rovisys.com
ROYAL CHEMICAL,,,125,Chemical Manufacturing,,50000000,http://www.royalchemical.com
ROYER CORPORATION,,Indiana,66,plastics,,59800000,royercorp.com
RUDOLPH FOODS,,,750,Food Production,,259400000,http://www.rudolphfoods.com
R-V INDUSTRIES,,,350,Mechanical Or Industrial Engineering,,49100000,http://www.rvii.com
RYOBI DIE CASTING,,Indiana,750,Automotive,,249200000,ryobidiecasting.com
"RYOBI DIE CASTING, INC.",,Indiana,750,Automotive,,249200000,ryobidiecasting.com
RYTEC CORPORATION,,Wisconsin,190,Mechanical Or Industrial Engineering,,120000000,rytecdoors.com
S&P USA VENTILATION,,,53,electrical/electronic manufacturing,,33100000,http://www.solerpalau-usa.com
S&S CYCLE,,,350,Motor Vehicle Manufacturing,,35800000,http://www.sscycle.com
"S&S CYCLE, INC.",,Wisconsin,140,Automotive,,35822000,sscycle.com
SACO AEI POLYMERS,,,750,Plastics Manufacturing,,33500000,http://www.sacoaei.com
SAFCO PRODUCTS,,,180,Furniture and Home Furnishings Manufacturing,,37500000,safcoproducts.com
SAGINAW CONTROL AND ENGINEERING,,,150,Automation Machinery Manufacturing,,200000000,saginawcontrol.com
SALINE LECTRONICS,,,125,"Appliances, Electrical, and Electronics ManufacturingAppliances, Electrical, and Electronics Manufacturing",,39300000,http://www.lectronics.net/
SALM PARTNERS,,,350,Food and Beverage Manufacturing,,168000000,http://www.salmpartners.com
SANDRIDGE,,,750,Food and Beverage Manufacturing,,80000000,http://www.sandridge.com
SANOH AMERICA,,,3000,Automotive,,66100000,http://www.sanoh-america.com
SARTORI,,,750,Food and Beverage Manufacturing,,130000000,http://www.sartoricheese.com/
SAUDER MANUFACTURING CO.,,,350,Furniture and Home Furnishings Manufacturing,,55200000,http://www.saudermfg.com
"SCANLAN INTERNATIONAL, INC.",,Minnesota,200,medical devices,,31100000,scanlaninternational.com
SCAN-PAC MANUFACTURING,,Wisconsin,56,machinery,,25600000,scanpac.com
SCHAEDLER YESCO DISTRIBUTION,,,350,Wholesale,,60000000,https://www.sydist.com
SCHILLER GROUNDS CARE,,Pennsylvania,82,machinery,,73300000,schillergc.com
SCHLAGE LOCKS,,,7500,Manufacturing,,434500000,http://www.schlage.com
SCHNELLER,,,350,Aviation and Aerospace Component Manufacturing,,100000000,http://www.schneller.com
SCHOEP'S ICE CREAM,,,125,Food Production,,60000000,http://www.schoepsicecream.com
SCHOOL OUTFITTERS,,,200,Retail,,38000000,http://www.schooloutfitters.com
SCHUETTE METALS,,Wisconsin,65,mining & metals,,55025000,schuettemetals.com
SCHWEBEL BAKING,,,750,Food and Beverage Manufacturing,,293700000,http://www.schwebels.com
SCIENTIFIC PROTEIN LABORATORIES,,,350,Pharmaceutical Manufacturing,,44900000,https://www.splpharma.com
SCOTT EQUIPMENT COMPANY,,Minnesota,200,machinery,,180000000,scottequipment.com
SEAGRAVE FIRE APPARATUS,,,350,Automotive,,49400000,https://seagrave.com
SECANT GROUP,,,125,Textile Manufacturing,,35100000,http://www.secant.com
SECHAN ELECTRONICS,,,350,Defense and Space Manufacturing,,51000000,http://www.sechan.com
SEEGRID,,,350,Automation Machinery Manufacturing,,70000000,http://www.seegrid.com/
"SEKISUI VOLTEK, LLC",,Michigan,93,plastics,,37500000,sekisuivoltek.com
SEMCO ENERGY,,,350,Utilities,,48900000,http://www.semcoenergygas.com
SENSIT,,,68,electrical/electronic manufacturing,,25900000,http://www.gasleaksensors.com
SERIGRAPH,,,750,Printing Services,,500000000,https://www.serigraph.com
SERRA AUTOMOTIVE,,,3000,Automotive,,276100000,http://www.serrausa.com/
SERVE ELECTRIC,,,78,Automation Machinery Manufacturing,,76400000,serveelectric.com
SERVICE WIRE,,,350,"Appliances, Electrical, and Electronics Manufacturing",,88000000,http://www.servicewire.com
SHAPE PROCESS AUTOMATION,,,350,Automation Machinery Manufacturing,,57900000,http://www.shapeprocessautomation.com
SHARP SERVICES,,,3000,Pharmaceutical Manufacturing,,388000000,https://www.sharpservices.com/
SHARPER IMAGE,,,125,Computers and Electronics Manufacturing,,200000000,http://www.sharperimage.com
SHELLBACK SEMICONDUCTOR TECHNOLOGY,,,125,Semiconductor Manufacturing,,40000000,http://www.shellbacksemi.com
SHIN-ETSU SILICONES OF AMERICA,,,125,Chemical Manufacturing,,31900000,http://Shinetsusilicones.com
SHINOLA,,,750,Consumer Goods,,100000000,http://shinola.com/
SHOP VAC USA,,,350,Manufacturing,,303800000,http://www.shopvac.com
SHORELINE CONTAINER,,Michigan,110,Packaging & Containers,,68200000,shorelinecontainer.com
SIFCO INDUSTRIES,,,750,Aviation and Aerospace Component Manufacturing,,83900000,http://www.sifco.com
SIGHTPATH MEDICAL,,Minnesota,500,medical devices,,40000000,sightpathmedical.com
SIGNARAMA,,,1400,Retail,,55000000,http://www.signarama.com
SIGNICAST,,,750,Manufacturing,,205000000,http://www.signicast.com
SILBERLINE,,,750,Chemical Manufacturing,,306200000,http://www.silberline.com/
SILFEX,,,3000,Semiconductor Manufacturing,,234900000,http://www.silfex.com
SILGAN SPECIALTY,,,750,Packaging and Containers Manufacturing,,48200000,https://silganspecialty.com
SILVER SPRING FOODS,,,350,Food and Beverage Manufacturing,,50000000,http://www.silverspringfoods.com
SIMONA BOLTARON,,,125,Plastics Manufacturing,,40700000,http://www.boltaron.com
SINTO AMERICA,,,350,Machinery Manufacturing,,36300000,http://www.sintoamerica.com
SITEX,,Kentucky,170,textiles,,25600000,sitex-corp.com
SKANA ALUMINUM,,Wisconsin,73,machinery,,42800000,skanaaluminum.com
SKIDMORE SALES,,,125,Food and Beverage Manufacturing,,43000000,http://www.skidmoresales.com
SKLAR INSTRUMENTS,,Pennsylvania,72,medical devices,,50000000,sklarcorp.com
SKY CLIMBER,,,350,Industrial Machinery Manufacturing,,43100000,http://www.skyclimber.com/
SLPT GLOBAL PUMP GROUP,,Michigan,170,Automotive,,70000000,slpt.com
SMALL PARTS,,Indiana,68,machinery,,32000000,smallpartsinc.com
SMC,,,750,Medical Device,,120000000,http://www.smcltd.com
SMC LTD,,Wisconsin,1500,medical devices,,250000000,smcltd.com
SMITH & WESSON,,,1100,Manufacturing,,479242000,http://www.smith-wesson.com
SMITHERS OASIS,,,750,Manufacturing,,34300000,http://www.smithersoasis.com
SMYTH AUTO PARTS,,,350,Motor Vehicle Manufacturing,,60000000,http://www.smythautoparts.com
SOLAR ATMOSPHERES,,,350,Manufacturing,,46000000,https://www.solaratm.com
SOLUTIONS THROUGH INNOVATIVE,,,350,Defense and Space Manufacturing,,87500000,http://www.sti-tec.com
SOUNDOFF SIGNAL,,,350,"Appliances, Electrical, and Electronics Manufacturing",,32000000,http://www.soundoffsignal.com/
SOUTHEASTERN EQUIPMENT COMPANY,,,350,Machinery Manufacturing,,31200000,http://www.southeasternequip.com
SOUTHWEST GEORGIA OIL COMPANY,,,99,Retail,,295715000,http://www.swgaoil.com
SPACESAVER,,,350,Furniture and Home Furnishings Manufacturing,,100000000,https://www.spacesaver.com
SPALDING,,,750,Retail,,500000000,https://www.spalding.com
SPANCO,,,62,Industrial Machinery Manufacturing,,200000000,spanco.com
SPANG,,,110,electrical/electronic manufacturing,,60000000,http://www.spang.com
SPANG & COMPANY,,,350,"Appliances, Electrical, and Electronics Manufacturing",,60000000,http://www.spang.com
SPANGLER CANDY,,,750,Food and Beverage Manufacturing,,75000000,https://www.spanglercandy.com
SPANX,,,410,Apparel & Fashion,,400000000,http://www.spanx.com
SPARK THERAPEUTICS,,,750,Biotechnology,,93500000,http://www.sparktx.com
SPARTAN CHEMICAL,,,350,Chemical Manufacturing,,210000000,http://www.spartanchemical.com
SPARTECH CORPORATION,https://www.linkedin.com/company/27878,Missouri,7,plastics,,250000000,spartech.com
SPECIALIZED MEDICAL SERVICES,,Florida,11000,Hospital & Health Care,,35500000,specializedmed.com
"SPECIALTY COATING SYSTEMS, INC.",,Indiana,210,medical devices,,143800000,scscoatings.com
SPECSYS INC.,,Minnesota,52,machinery,,59700000,specsys.org
SPECTRUM CONTROL,,,460,Defense and Space Manufacturing,,297866000,spectrumcontrol.com
SPECTRUM INDUSTRIES INC.,,,150,Furniture,,49300000,spectrumfurniture.com
SPI LIGHTING,,,125,"Appliances, Electrical, and Electronics Manufacturing",,60000000,http://www.spilighting.com
SPOC AUTOMATION,,,65,electrical/electronic manufacturing,,41800000,http://www.spocautomation.com
SPORTECH,,,184,plastics,,32300000,sportechinc.com
SPRAY PRODUCTS CORPORATION,,,120,Chemical Manufacturing,,35000000,sprayproducts.com
SPRINGS WINDOW FASHIONS,,Wisconsin,5500,Mechanical Or Industrial Engineering,,516900000,springswindowfashions.com
SPRINT MART,,,290,Retail,,25790000,http://www.sprintmart.com
SQUIRE BOONE VILLAGE,,,55,Wholesale,,49934000,http://www.squireboonevillage.com
STAHLS,,,3000,Manufacturing,,50000000,http://www.stahls.com/home
STAKES MANUFACTURING,,,350,Printing Services,,40100000,http://www.stakesmfg.com
STANDARD ELECTRIC CO,,Michigan,64,electrical/electronic manufacturing,,85000000,standardelectricco.com
STANDARD IMAGING,,,125,Medical Device,,30000000,http://www.standardimaging.com
"STANDARD IMAGING, INC.",,Wisconsin,64,medical devices,,30000000,standardimaging.com
STANDARD STEEL,,,750,Railroad Equipment Manufacturing,,300000000,http://www.standardsteel.com
STANDEX ELECTRONICS,,,750,"Appliances, Electrical, and Electronics Manufacturing",,433000000,http://www.standexelectronics.com
STARBOARD CRUISE SERVICES,,,1600,Retail,,75000000,http://www.starboardcruise.com
STATE INDUSTRIAL PRODUCTS,,,750,Chemical Manufacturing,,187000000,http://www.stateindustrial.com
STAUFFER GLOVE & SAFETY,,,350,Manufacturing,,70900000,https://www.stauffersafety.com
STEEL CRAFT TECHNOLOGIES,,Michigan,63,mining & metals,,30000000,steelcrafttech.com
STEELE SOLUTIONS,,,750,Manufacturing,,108600000,https://steelesolutions.com
STEINWALL,,Minnesota,61,plastics,,41800000,steinwall.com
STILES MACHINERY,,,350,Machinery Manufacturing,,122200000,https://www.stilesmachinery.com
STORM POWER COMPONENTS,,,150,electrical/electronic manufacturing,,35000000,http://www.stormpowercomponents.com
STOUGHTON TRAILERS,,,3000,Transportation/Trucking/Railroad,,375000000,http://www.stoughtontrailers.com
STRAHMAN,,,125,Automation Machinery Manufacturing,,44469000,http://www.strahmangroup.com
STRATA SKIN SCIENCES,,,125,Medical Equipment Manufacturing,,34600000,http://www.strataskinsciences.com
STRATHMORE FLOORS,,,58,Retail,,32891000,http://www.strathmorefloors.com
STRATTEC,,,750,Automotive,,472300000,http://www.strattec.com
STRATTEC SECURITY CORPORATION,,Wisconsin,640,Automotive,,492946000,strattec.com
STREAMLIGHT,,,180,electrical/electronic manufacturing,,80000000,http://www.streamlight.com
SUBURBAN ENTERPRISES,,Wisconsin,94,Construction,,29500000,suburbanenterprises.com
SUB-ZERO,,,3000,Manufacturing,,170000000,http://www.subzero-wolf.com
SULLAIR,,Indiana,500,machinery,,390000000,sullair.com
SUMMIT,,,810,Retail,,140000000,http://www.summitracing.com
SUMMIT POLYMERS,,Michigan,3000,Automotive,,300000000,summitpolymers.com
SUN ORCHARD,,,350,Food and Beverage Services,,32000000,https://sunorchard.com/
SUN PRINT,,,73,Retail,,49316000,http://www.sunprint.com
SUN TAN CITY,,,300,Retail,,28493000,http://www.suntancity.com
SUPER RADIATOR COILS,,,220,Industrial Machinery Manufacturing,,83500000,superradiatorcoils.com
SUPER STEEL,,,350,Industrial Machinery Manufacturing,,67600000,http://www.supersteel.com
SUPERIOR FOODS CO.,,,350,Food and Beverage Manufacturing,,40000000,https://superiorfoods.co/
SUPERIOR INDUSTRIAL SOLUTIONS,,Indiana,180,chemicals,,43408000,relyonsuperior.com
SUPERIOR TIRE & RUBBER,,,350,Consumer Goods,,43300000,http://www.superiortire.com
SURFACE MOUNT TECHNOLOGY,,,350,"Appliances, Electrical, and Electronics Manufacturing",,41700000,http://www.teamsmt.com
SURGALIGN,,,350,Medical Equipment Manufacturing,,87800000,https://www.surgalign.com/
SUR-SEAL,,,350,Industrial Machinery Manufacturing,,36700000,http://www.sur-seal.com
SUSSEK MACHINE COMPANY,,Wisconsin,83,machinery,,35200000,sussek.com
SUTTON TRANSPORT,,,150,Transportation/Trucking/Railroad,,31008000,http://www.suttontrans.com
SWF INDUSTRIAL,,Pennsylvania,97,Construction,,33900000,swfindustrial.com
SWITCHBACK MEDICAL,,Minnesota,88,medical devices,,25100000,switchbackmedical.com
SWITCHCRAFT CONXALL,,,750,"Appliances, Electrical, and Electronics Manufacturing",,345000000,http://www.switchcraft.com/
SWITCHGEAR POWER SYSTEMS,,,125,Industrial Machinery Manufacturing,,35000000,http://www.switchgearpower.com
SYBRIDGE,,,750,Manufacturing,,250000000,http://www.sybridgetech.com
SYPRIS ELECTRONICS,,,250,electrical/electronic manufacturing,,36900000,http://www.sypriselectronics.com
SYSTEM SCALE CORPORATION,,Indiana,90,Industrial Automation,,31000000,system-scale.com
SYSTEMS CONTROL,,,240,electrical/electronic manufacturing,,147500000,http://www.systemscontrol.com
TA SYSTEMS TOTALLY AUTOMATED SYSTEMS,,Michigan,68,Industrial Automation,,48887000,ta-systems.com
TACO METALS,,,350,Industrial Machinery Manufacturing,,35000000,http://TACOMetals.com
TAILORED LABEL PRODUCTS,,,125,Printing Services,,35000000,http://www.tailoredlabel.com
TALK MORE WIRELESS,,,82,Retail,,30432000,http://www.talkmorewireless.com
TANIS BRUSH,,Wisconsin,69,Machinery Manufacturing,,25000000,tanisbrush.com
TARTER FARM AND RANCH EQUIPMENT,,,3000,Manufacturing,,224900000,http://www.tarterusa.com
TASUS CORPORATION,,Indiana,270,Automotive,,121800000,tasus.com
TAYLOR,,,350,Machinery Manufacturing,,315000000,https://www.taylor-company.com
TBP CONVERTING,,Pennsylvania,72,Construction,,28700000,tbpconverting.com
TCI,,Wisconsin,79,electrical/electronic manufacturing,,25000000,transcoil.com
TCLAD INC.,,Wisconsin,59,electrical/electronic manufacturing,,54000000,tclad.com
TEAM INDUSTRIES,,Minnesota,5000,machinery,,412000000,team-ind.com
TEAMWORK COMMERCE,,,210,Retail,,30999000,http://www.teamworkcommerce.com
TECHMETALS,,,350,Chemical Manufacturing,,42300000,https://www.techmetals.com
TECHNICOTE,,,125,Packaging and Containers Manufacturing,,100000000,http://www.technicote.com
TECHNIPLAS,,Wisconsin,630,Automotive,,323000000,techniplas.com
TEEL PLASTICS,,,350,Plastics Manufacturing,,40000000,http://www.teel.com
TEKRA,,Wisconsin,160,plastics,,54200000,tekra.com
"TELESIS TECHNOLOGIES, INC.",,,125,Automation Machinery Manufacturing,,55000000,http://www.telesis.com
TELOS ALLIANCE,,,110,electrical/electronic manufacturing,,27499000,http://www.TelosAlliance.com
TENERE,,,750,Manufacturing,,66000000,http://www.tenere.com
"TERRA DRIVE SYSTEMS, INC.",,Indiana,51,Machinery Manufacturing,,35000000,tdsdrive.com
TERVIS,,,280,Retail,,110000000,http://www.tervis.com
TEST EQUIPMENT DISTRIBUTORS,,,125,Aviation and Aerospace Component Manufacturing,,44000000,http://www.tedndt.com
TESTEK SOLUTIONS,,,200,Aviation and Aerospace Component Manufacturing,,55000000,testek.com
THE ARMOR GROUP,,,350,Industrial Machinery Manufacturing,,65000000,http://www.thearmorgroup.com
THE BETTER HEALTH MARKETS AND CAFES,,,58,Retail,,26700000,http://www.thebetterhealthstore.com
THE BREWER COMPANY,,Wisconsin,110,medical devices,,33000000,brewercompany.com
THE CONAIR,,,350,Plastics Manufacturing,,64000000,https://www.conairgroup.com
THE EASTWOOD COMPANY,,,120,Retail,,45526000,http://www.eastwood.com
THE EVANS NETWORK OF COMPANIES,,,400,Transportation/Trucking/Railroad,,300000000,http://www.theevansnetwork.com
THE FREMONT,,,350,Food and Beverage Manufacturing,,58300000,http://www.fremontcompany.com
THE GENIE,,,750,Computers and Electronics Manufacturing,,100000000,https://www.geniecompany.com/
THE GENIE COMPANY,,,160,electrical/electronic manufacturing,,100000000,http://www.geniecompany.com
THE HC COMPANIES,,,750,Plastics Manufacturing,,80000000,https://hc-companies.com/
THE HERCULES TIRE & RUBBER,,,350,Automotive,,75400000,http://www.herculestire.com
THE KENNEDY,,,125,Printing Services,,36000000,http://www.kennedygrp.com
THE METAL WARE CORPORATION,,,350,Manufacturing,,8700000,http://www.mwcorp.com
THE MONTROSE AUTO GROUP,,,65,Retail,,40066000,http://www.gomontrose.com
THE ORIGINAL MATTRESS FACTORY,,,200,Retail,,32400000,http://www.originalmattress.com
THE PLASTEK,,,3000,Plastics Manufacturing,,411500000,https://www.plastekgroup.com
THE RITESCREEN COMPANY,,,350,Building Materials,,117800000,http://www.ritescreen.com/
THE RUSS DARROW GROUP,,,3000,Motor Vehicle Manufacturing,,457400000,http://russdarrow.com
THE SHEPHERD CHEMICAL,,,350,Chemical Manufacturing,,100000000,https://www.shepchem.com
THE SINGING MACHINE COMPANY,,,54,electrical/electronic manufacturing,,30232000,http://www.singingmachine.com
THE SPIRATEX COMPANY,,Michigan,54,plastics,,26800000,spiratex.com
THE STEP2,,,750,Manufacturing,,177400000,http://www.step2.com/
THE STOW,,,350,Manufacturing,,32700000,http://www.TheStowCompany.com
"THE SUPERIOR DIE, TOOL & MACHINE CO.",,,350,Motor Vehicle Parts Manufacturing,,33300000,https://superior-dietool.com
THE WARRELL,,,750,Food and Beverage Manufacturing,,40000000,http://www.warrellcorp.com
THE WILL-BURT,,,350,Manufacturing,,120000000,http://www.willburt.com
THERMAL PRODUCT SOLUTIONS,,,125,Mechanical Or Industrial Engineering,,68000000,https://www.thermalproductsolutions.com/
THERMAL SPRAY TECHNOLOGIES,,Wisconsin,140,Machinery Manufacturing,,62000000,tstcoatings.com
THERMA-STOR,,,350,Manufacturing,,41700000,http://www.thermastor.com
THIRTY-ONE GIFTS,,,7200,Retail,,150000000,http://www.mythirtyone.com
THREE D METALS,,,125,Primary Metal Manufacturing,,31000000,https://threedmetals.com/
TIDI PRODUCTS,,,3000,Medical Equipment Manufacturing,,35000000,https://www.tidiproducts.com
TIER1MRO,https://www.linkedin.com/company/tier1mro,,51,"Transportation, Logistics, Supply Chain and Storage",,5100000,tier1mro.com
TIGERPOLY MANUFACTURING,,,350,Automotive,,48700000,http://www.tigerpoly.com
TIREHUB,,,560,logistics & supply chain,,250000000,http://www.tirehub.com
TIRES PLUS TOTAL CAR CARE,,,930,Retail,,48300000,http://www.tiresplus.com
TOLEDO ENGINEERING CO.,,,125,"Glass, Ceramics and Concrete Manufacturing",,31100000,http://www.teco.com
TOLEDO TOOL AND DIE,,,350,Motor Vehicle Manufacturing,,43800000,http://www.toledotool.com
"TOLOMATIC, INC.",,,170,Automation Machinery Manufacturing,,50000000,tolomatic.com
TOSOH SMD,,,350,Semiconductors,,34800000,http://www.tosohsmd.com
TOTAL MECHANICAL,,Wisconsin,170,Construction,,42800000,total-mechanical.com
"TOTAL PLASTICS, INT'L",,,350,Plastics Manufacturing,,75000000,http://www.totalplastics.com
TOTALLY PROMOTIONAL,,,350,Manufacturing,,51500000,http://www.totallypromotional.com/
"TP ORTHODONTICS, INC.",,Indiana,150,medical devices,,37604000,tportho.com
TPC WIRE & CABLE,,,230,electrical/electronic manufacturing,,70000000,http://www.tpcwire.com
TRACTOR CENTRAL,,,350,Machinery Manufacturing,,194400000,http://www.tractorcentral.com
TRADEHOME SHOES,,,459,Retail,,33753000,http://www.tradehome.com
TRADEMARK GLOBAL,,,350,Manufacturing,,52200000,http://www.TrademarkGlobal.com
TRAINZ.COM,,,67,Retail,,36854000,http://www.trainz.com
"TRAM, INC.",,Michigan,200,Automotive,,42183000,tramgroup.com
TRANSFER EXPRESS,,,350,Printing Services,,70000000,http://www.TransferExpress.com
TRANSHIELD,,Indiana,63,Packaging & Containers,,37200000,transhield-usa.com
TRANSNATIONAL FOODS,,,125,Food and Beverage Services,,104600000,http://www.transnationalfoods.com/
TRC,,,750,Renewable Energy Semiconductor Manufacturing,,30000000,http://www.trc4r.com
TRENDS INTERNATIONAL,,Indiana,240,Mechanical Or Industrial Engineering,,41800000,trendsinternational.com
TREW HILMOT,,Wisconsin,82,Industrial Automation,,25000000,hilmot.com
TRIAD TECHNOLOGIES,,,125,Automation Machinery Manufacturing,,38000000,http://www.triadtechnologies.com
TRIBAR TECHNOLOGIES,,,750,Motor Vehicle Manufacturing,,38800000,http://www.tribar.com
"TRICORE, INC.",,Wisconsin,170,machinery,,25000000,tricore.com
TRIENDA,,,350,Packaging and Containers Manufacturing,,100000000,http://www.trienda.com
TRIJICON,,,350,Manufacturing,,75000000,http://www.trijicon.com
TRION INDUSTRIES,,,65,Retail,,40000000,http://www.triononline.com
T-ROC,,,1300,Retail,,145800000,http://www.trocglobal.com
TROMBETTA,,,350,"Appliances, Electrical, and Electronics Manufacturing",,70000000,http://www.trombetta.com
TRONAIR,,,350,Aviation and Aerospace Component Manufacturing,,300000000,http://www.tronair.com
TROTEC LASER USA,,,350,"Appliances, Electrical, and Electronics Manufacturing",,157949000,https://www.troteclaser.com/
TRUENORTH STEEL,,North Dakota,270,Construction,,164600000,truenorthsteel.com
TSI INCORPORATED,,,1500,Industrial Machinery Manufacturing,,133333000,tsi.com
TUNNELL CONSULTING,,,125,Pharmaceutical Manufacturing,,48400000,http://www.tunnellconsulting.com
TUOHY FURNITURE CORPORATION,,,52,Furniture and Home Furnishings Manufacturing,,29282000,tuohyfurniture.com
TURF CARE SUPPLY,,,350,Manufacturing,,41800000,http://www.turfcaresupply.com/
TURN 14 DISTRIBUTION,,,350,Motor Vehicle Manufacturing,,79500000,http://www.turn14.com/
TURNER SUPPLY,,,120,Transportation/Trucking/Railroad,,52862000,http://www.turnersupply.com
TURRI'S ITALIAN FOODS,,,350,Food and Beverage Manufacturing,,51500000,http://turrisitalianfoods.com
TWEET/GAROT MECHANICAL,,Wisconsin,200,Construction,,58000000,tweetgarot.com
TWIN DISC,,,750,Machinery Manufacturing,,251100000,http://www.twindisc.com
"TYBER MEDICAL, LLC",,Pennsylvania,150,medical devices,,44000000,tybermedical.com
TYNDALE COMPANY,,,350,Apparel & Fashion,,73700000,http://www.TyndaleUSA.com
TYPE ONE ENERGY GROUP,,Wisconsin,57,machinery,,46000000,typeoneenergy.com
U.S. AUTOFORCE,,Wisconsin,410,Automotive,,53000000,usautoforce.com
U-LINE CORPORATION,,,79,Mechanical Or Industrial Engineering,,27700000,u-line.com
ULTRA MACHINING COMPANY (UMC),,Minnesota,130,machinery,,38000000,ultramc.com
ULTRA-POLY CORPORATION,,Pennsylvania,62,plastics,,27000000,ultrapoly.com
UNICO,,,350,"Appliances, Electrical, and Electronics Manufacturing",,49400000,https://unicous.com
UNION ELECTRIC STEEL,,Pennsylvania,259,mining & metals,,27856000,uniones.com
UNIQUE INDUSTRIES,,Pennsylvania,620,Mechanical Or Industrial Engineering,,51883000,favors.com
UNITED ALLOY,,,350,Industrial Machinery Manufacturing,,75000000,http://unitedalloy.com
UNIVERSAL DOUGLAS,,,180,electrical/electronic manufacturing,,100000000,http://www.universaldouglas.com
URBAN SCIENCE,,,750,Motor Vehicle Manufacturing,,175000000,http://www.urbanscience.com
URTECH MANUFACTURING,,,67,electrical/electronic manufacturing,,35000000,http://www.urtechmfg.com
US LOGISTICS LLC,https://www.linkedin.com/company/us-logistics-llc,Ohio,124,Logistics and Supply Chain,,100000000,uslfreight.com
UTEC - UNIVERSAL TOOL EQUIPMENT + CONTROLS,,Michigan,54,machinery,,25000000,universaltecinc.com
UTILIMASTER,,Indiana,560,Automotive,,75700000,utilimaster.com
VAIL RUBBER WORKS INCORPORATED,,Michigan,57,machinery,,71200000,vailrubber.com
VANDOR CORP,,Indiana,63,Packaging & Containers,,29400000,vandorcorp.com
VANTAGE PLASTICS,,Michigan,74,plastics,,80000000,vantageplastics.com
"VARIATION REDUCTION SOLUTIONS, INC. (VRSI)",,Michigan,85,Machinery Manufacturing,,29900000,vrs-inc.com
VEKA,,,350,Building Materials,,91900000,http://www.vekainc.com
VENATORX PHARMACEUTICALS,,,125,Pharmaceutical Manufacturing,,33800000,https://www.venatorx.com/
VENTRAC,,,350,Machinery Manufacturing,,100000000,http://www.ventrac.com
VENTURE LOGISTICS,,,520,Transportation/Trucking/Railroad,,41279000,http://www.venturelogistics.com
VENTURE PLASTICS,,,350,Plastics Manufacturing,,50800000,http://www.ventureplastics.com
VENUS FASHION,,,800,Retail,,200000000,http://www.venus.com
VERANOVA,,Pennsylvania,480,Pharmaceuticals,,92300000,veranova.com
VERST LOGISTICS,,,400,Transportation/Trucking/Railroad,,315000000,http://www.verstlogistics.com
VES-ARTEX,,,125,Food and Beverage Manufacturing,,37400000,https://www.ves-artex.com/
VESTIL MANUFACTURING,,Indiana,130,machinery,,150000000,vestil.com
VICTORY BREWING,,,350,Food & Beverages,,229200000,http://www.victorybeer.com/
VIKING ENGINEERING AND DEVELOPMENT,,Minnesota,62,machinery,,30000000,vikingeng.com
VIKING RANGE,,,370,Consumer Goods,,212142000,http://www.vikingrange.com
VIRACON,,,680,"Glass, Ceramics and Concrete Manufacturing",,400000000,viracon.com
VISHAY PRECISION GROUP,,,3000,"Appliances, Electrical, and Electronics Manufacturing",,362600000,http://www.vpgsensors.com
VISIONEERING,,,350,Aviation and Aerospace Component Manufacturing,,61000000,http://www.vistool.com
VITAL PLASTICS,,Wisconsin,61,plastics,,35200000,vitalplastics.com
VITAMIX,,,750,Manufacturing,,400000000,http://www.vitamix.com
VOESTALPINE ROLL FORMING CORPORATION,,Kentucky,234,mining & metals,,155600000,rfcorp.com
VOLM COMPANIES,,,350,Packaging and Containers Manufacturing,,300000000,http://www.volmcompanies.com
VONCO PRODUCTS,,,51,Packaging & Containers,,45400000,vonco.com
VORTEX OPTICS,,,350,Sporting Goods Manufacturing,,70000000,http://www.vortexoptics.com
VOSS AUTO NETWORK,,,750,Motor Vehicle Manufacturing,,116100000,http://vossauto.com
VOXX INTERNATIONAL,,,420,electrical/electronic manufacturing,,517208000,http://www.voxxintl.com
V-TEK INTERNATIONAL,,Minnesota,51,electrical/electronic manufacturing,,47000000,vtekusa.com
VULCAN GLOBAL MANUFACTURING SOLUTIONS,,Wisconsin,62,medical devices,,30800000,vulcangms.com
WABASH PLASTICS,,Indiana,59,plastics,,35500000,wabashplastics.com
WAITES,,,150,Automation Machinery Manufacturing,,57100000,waites.net
WALL COLMONOY,,,350,Manufacturing,,40000000,http://www.wallcolmonoy.com
WALTERS BUILDINGS,,Wisconsin,60,Construction,,49968000,waltersbuildings.com
WALTON & COMPANY,,Pennsylvania,76,machinery,,151500000,waltonco.com
WARREN FABRICATING & MACHINING,,,350,Machinery Manufacturing,,70000000,http://www.warfab.com
"WARREN INDUSTRIES, INC.",,,51,Packaging & Containers,,51000000,wrnind.com
WARRIOR SPORTS,,,350,Sporting Goods Manufacturing,,95000000,http://www.warrior.com
WATSON'S,,,630,Retail,,220000000,http://www.watsons.com
WAUKESHA BEARINGS,,,750,Machinery Manufacturing,,75000000,http://www.waukbearing.com
WAUSAU SUPPLY,,,750,Building Materials,,62000000,http://www.wausausupply.com
WAUSEON MACHINE & MANUFACTURING,,,125,Machinery Manufacturing,,40000000,http://www.wauseonmachine.com
WAXMAN,,,350,Manufacturing,,69600000,http://www.waxmancpg.com
WB MANUFACTURING,,,67,Furniture,,56000000,wibenchmfg.com
WEAS ENGINEERING,,,74,Chemical Manufacturing,,34353000,weasengineering.com
WEAVER POPCORN,,Indiana,85,Food Production,,50000000,weaverpopcornmfg.com
WEBER DISPLAY & PACKAGING,,Pennsylvania,89,Packaging & Containers,,63000000,weberdisplay-pkg.com
WEBSTER INDUSTRIES,,,350,Machinery Manufacturing,,43000000,http://www.websterchain.com
WEILER ABRASIVES GROUP,,Pennsylvania,270,Mechanical Or Industrial Engineering,,194200000,weilerabrasives.com
WEIL-MCLAIN,,Indiana,280,Mechanical Or Industrial Engineering,,55555000,weil-mclain.com
"WEIMER BEARING & TRANSMISSION, INC.",,,98,Automation Machinery Manufacturing,,39612000,weimerbearing.com
WEINBRENNER SHOE CO,,,350,Manufacturing,,59500000,https://www.weinbrennerusa.com/index.html
WEISSER DISTRIBUTING,,,75,Retail,,65100000,http://www.weisserdistributing.com
WELDALL MANUFACTURING,,,350,Machinery Manufacturing,,68200000,http://weldallmfg.com
WELDALOY SPECIALTY FORGINGS,,Michigan,77,mining & metals,,26109000,weldaloy.com
WELDED TUBES,,,125,Motor Vehicle Manufacturing,,31100000,http://weldedtubes.com
WELDING TECHNOLOGY CORPORATION,,Michigan,270,electrical/electronic manufacturing,,25000000,weldtechcorp.com
WELLS VEHICLE ELECTRONICS,,,750,Motor Vehicle Manufacturing,,90700000,http://www.WellsVE.com
WENTHE-DAVIDSON ENGINEERING CO.,,Wisconsin,78,machinery,,30400000,wenthe-davidson.com
WESGARDE COMPONENTS GROUP,,,130,electrical/electronic manufacturing,,26635000,http://www.wesgarde.com
WEST CHESTER PROTECTIVE GEAR,,,125,Manufacturing,,180700000,http://www.westchestergear.com
WESTERN STATES ENVELOPE & LABEL,,,750,Paper and Forest Product Manufacturing,,100000000,http://www.wsel.com
WESTFALIA TECHNOLOGIES,,,125,Automation Machinery Manufacturing,,40000000,http://www.WestfaliaUSA.com
WESTINGHOUSE LIGHTING,,,125,"Appliances, Electrical, and Electronics Manufacturing",,111100000,http://www.westinghouselighting.com
WHIP MIX CORPORATION,,Kentucky,200,medical devices,,34100000,whipmix.com
WHISKER,,,350,Consumer Goods,,33850000,http://whisker.com
WHITE HOUSE OF MUSIC,,,79,Retail,,35000000,http://www.whitehouseofmusic.com
WHITLEY MANUFACTURING,,Indiana,68,Construction,,96800000,whitleyman.com
WHITWORTH TOOL INC,,Kentucky,59,machinery,,29600000,whittool.com
"WIELAND DESIGNS, INC.",,,95,Furniture and Home Furnishings Manufacturing,,44900000,wielanddesigns.com
WIHA TOOLS USA,,,58,Industrial Machinery Manufacturing,,42800000,wihatools.com
WILD REPUBLIC,,,750,Manufacturing,,34500000,https://www.wildrepublic.com
WILLOWWOOD,,,125,Medical Equipment Manufacturing,,65000000,http://www.willowwood.com
WINCRAFT,,,750,Spectator Sports,,100000000,http://www.wincraft.com/
WINMARK – THE RESALE COMPANY,,,160,Retail,,83176000,http://www.winmarkcorporation.com
WINNER AVIATION,,,350,Aviation and Aerospace Component Manufacturing,,56600000,http://www.winner-aviation.com
WINSERT,,,125,Motor Vehicle Manufacturing,,35000000,http://www.winsert.com
WIRECRAFTERS,,Kentucky,93,Mechanical Or Industrial Engineering,,47000000,wirecrafters.com
WIREROPE WORKS,,Pennsylvania,52,mining & metals,,65800000,wireropeworks.com
WISCO INDUSTRIES,,Wisconsin,64,mining & metals,,27000000,wiscomade.com
WISCONIC,,Wisconsin,57,plastics,,44200000,wisconic.com
WISCONSIN ALUMINUM FOUNDRY,,,750,Manufacturing,,36500000,http://www.wafco.com
WISCONSIN DISTRIBUTORS,,,350,Wholesale,,131200000,http://www.wisconsindistributors.com/
WISCONSIN PLASTICS,,Wisconsin,75,plastics,,33800000,wisconsinplastics.com
WITZENMANN USA,,Michigan,120,Mechanical Or Industrial Engineering,,25000000,witzenmann-usa.com
WOLF PAVING COMPANY,,Wisconsin,67,Construction,,25000000,wolfpaving.com
WOLVERINE PACKING CO.,,,750,Food and Beverage Manufacturing,,70000000,http://www.wolverinepacking.com
WOODHULL,,,84,Retail,,35000000,http://www.woodhullusa.com
WOODSTREAM,,,350,Manufacturing,,173000000,http://www.woodstream.com
WOOF GANG BAKERY & GROOMING,,,410,Retail,,125000000,http://www.woofgangbakery.com
WORLD WIDE STEREO,,,67,Retail,,37752000,http://www.worldwidestereo.com
WRIGHT TOOL,,,125,Manufacturing,,30000000,http://www.wrighttool.com/
XALT ENERGY,,,750,Renewable Energy Semiconductor Manufacturing,,57500000,https://www.xaltenergy.com
XODUS MEDICAL,,,125,Medical Equipment Manufacturing,,33300000,http://www.xodusmedical.com/
X-RITE,,,4000,electrical/electronic manufacturing,,137499000,http://www.xrite.com
XTEK,,,350,Industrial Machinery Manufacturing,,63400000,http://www.Xtek.com
YAMATO CORPORATION,,Wisconsin,150,machinery,,35000000,yamatoamericas.com
YARK AUTOMOTIVE,,,350,Motor Vehicle Manufacturing,,400000000,https://www.yarkauto.com
YASKAWA MOTOMAN,,,750,Automation Machinery Manufacturing,,112000000,https://www.motoman.com
YATES INDUSTRIES,,Michigan,120,machinery,,31400000,yatesind.com
YENKIN-MAJESTIC PAINT CORPORATION,,,350,Chemical Manufacturing,,30100000,http://yenkin-majestic.com
YERECIC LABEL,,Pennsylvania,62,Packaging & Containers,,34000000,ylfresh.com
YOUR BUILDING CENTERS,,,145,Retail,,40000000,http://www.ybconline.com
YSI,,,350,"Appliances, Electrical, and Electronics Manufacturing",,42100000,http://www.YSI.com
YUASA BATTERY,,,350,"Appliances, Electrical, and Electronics Manufacturing",,243000000,http://www.yuasabatteries.com
YUENGLING,,,350,Food & Beverages,,500000000,http://www.yuengling.com
ZIPPO MANUFACTURING COMPANY,,Pennsylvania,570,Mechanical Or Industrial Engineering,,230000000,zippo.com
ZOLL,,,3000,Medical Equipment Manufacturing,,457600000,https://www.zoll.com/
ZUMBIEL,,,161,Packaging & Containers,,30402000,zumbiel.com
