Company,Company LinkedIn,Company Location (State),Employee Size,Industry,Phone,Revenue,Website
20/20 CUSTOM MOLDED PLASTICS,,,"501-1,000",Plastics Manufacturing,,58M,http://2020cmp.com
3-DIMENSIONAL SERVICES GROUP,,Michigan,72,Motor Vehicle Manufacturing,,122200000,3dimensional.com
4D SYSTEMS,,Michigan,82,machinery,,$32.5M,4dsysco.com
50 FLOOR,,,170,Retail,,65498000,http://www.50floor.com
A. STUCKI,,,"501-1,000",Railroad Equipment Manufacturing,,271.6M,http://www.stucki.com
A.J. ROSE,,,201-500,Automotive,,120.8M,http://www.AJRose.com
AA METALS,,,201-500,Mining,,286.1M,https://www.aametals.com
AAMP GLOBAL,,,180,electrical/electronic manufacturing,,35000000,http://www.aampglobal.com
"ABBYLAND FOODS, INC",,,"501-1,000",Food and Beverage Manufacturing,,310M,http://www.Abbyland.com
"ABLENET, INC.",,Minnesota,96,medical devices,,25000000,ablenetinc.com
"ABRASIVE TECHNOLOGY, LLC",,,201-500,Machinery Manufacturing,,$69.6M,https://www.abrasive-tech.com/
ABSOLUTE MACHINE TOOLS,,,51-200,Machinery Manufacturing,,36.2M,https://www.absolutemachine.com
ACCUPAC,,,"501-1,000",Manufacturing,,200M,https://www.accupac.com/
ACCUREX,,Wisconsin,130,machinery,,47000000,accurex.com
"ACCUTREX PRODUCTS, INC.",,Pennsylvania,73,mining & metals,,$54M,accutrex.com
ACE DORAN HAULING & RIGGING,https://www.linkedin.com/company/16194936,Kentucky,59,Transportation/Trucking/Railroad,,10000000,acedoran.com
ACE PRECISION MACHINING,,,201-500,Aviation & Aerospace,,46.9M,http://www.aceprecision.com
ACIST MEDICAL SYSTEMS,,,335,medical devices,,200000000,acist.com
ACME CRYOGENICS,,,79,Industrial Machinery Manufacturing,,70000000,acmecryo.com
ACME MANUFACTURING,,,51-200,Automation Machinery Manufacturing,,42.5M,https://www.acmemfg.com
ACS - ENGINEER. INTEGRATE. BUILD.,,Wisconsin,99,Construction,,$75.5M,acscm.com
ACS GROUP,,,"501-1,000",Machinery Manufacturing,,33.8M,http://www.acscorporate.com
ACTIA CORPORATION,,Indiana,81,electrical/electronic manufacturing,,26000000,actiaus.com
ACUMENT GLOBAL TECHNOLOGIES - NORTH AMERICA,,Michigan,890,Automotive,,139000000,fontanagruppoagtna.com
ACUTEC PRECISION AEROSPACE,,,201-500,Aviation and Aerospace Component Manufacturing,,42M,http://www.acutecprecision.com/
ADAC,,Michigan,632,Automotive,,352700000,adacautomotive.com
ADALET,,,230,electrical/electronic manufacturing,,43999000,http://www.adalet.com
ADCO CIRCUITS,,,61,"Appliances, Electrical, and Electronics Manufacturing",,27900000,adcocircuits.com
ADHESIVES RESEARCH,,,201-500,Chemical Manufacturing,,107.5M,https://www.adhesivesresearch.com/
ADKEV,,Indiana,130,plastics,,98200000,adkev.com
ADRIAN STEEL,,,51-200,Motor Vehicle Manufacturing,,52M,http://www.adriansteel.com
AD-TECH MEDICAL INSTRUMENT CORPORATION,,Wisconsin,66,medical devices,,28000000,adtechmedical.com
"ADVANCE TURNING & MANUFACTURING, INC.",,Michigan,65,medical devices,,25000000,advanceturning.com
ADVANCED POLYMER COATINGS,,,51-200,Chemical Manufacturing,,35.5M,http://www.adv-polymer.com
ADVICS MANUFACTURING OHIO,,,"501-1,000",Motor Vehicle Manufacturing,,40M,http://www.advics-ohio.com
ADVICS NORTH AMERICA,,,"1,001-5,000",Motor Vehicle Manufacturing,,188.2M,http://www.advics-na.com
AERO METALS INC.,,,69,"Agriculture, Construction, Mining Machinery Manufacturing",,45000000,aerometals.com
AEROSTAR (AEROSTAR INTERNATIONAL LLC),,,170,Defense and Space Manufacturing,,25000000,aerostar.com
AEROSTAR MANUFACTURING,,Michigan,60,mining & metals,,$27.3M,aerostarmfg.com
AEROTECH,,,201-500,Automation Machinery Manufacturing,,117.8M,http://www.aerotech.com
AFC INDUSTRIES,,,190,logistics & supply chain,,400000000,http://www.afcind.com
AFC-HOLCROFT,,Michigan,85,machinery,,36500000,afc-holcroft.com
AGI,,,201-500,Defense and Space Manufacturing,,58M,https://www.agi.com
AGRA INDUSTRIES,,Wisconsin,190,Construction,,184600000,agraind.com
AH GROUP OF COMPANIES,,Michigan,500,machinery,,44500000,ahgroupna.com
AHAUS TOOL & ENGINEERING,,Indiana,60,machinery,,27200000,ahaus.com
AHRESTY WILMINGTON,,,"501-1,000",Motor Vehicle Manufacturing,,63.3M,http://www.ahresty.com/
AIDA-AMERICA,,,201-500,Machinery Manufacturing,,40.3M,http://www.aida-america.com
AIR HYDRO POWER,,Kentucky,170,Industrial Automation,,100000000,airhydropower.com
AIRLINE HYDRAULICS,,,201-500,Industrial Automation,,30M,https://www.airlinehyd.com/
AIRSTREAM,,,"501-1,000",Motor Vehicle Manufacturing,,375M,http://www.airstream.com
AIR-WAY GLOBAL MANUFACTURING COMPANY,,Michigan,91,Construction,,$190.1M,air-way.com
AJAX PAVING INDUSTRIES,,Florida,170,Construction,,$274.1M,ajaxpaving.com
AKKERMAN - UNDERGROUND CONSTRUCTION EQUIPMENT MANUFACTURER,,Minnesota,54,machinery,,25000000,akkerman.com
AKROCHEM,,,51-200,Chemical Manufacturing,,38.7M,http://www.akrochem.com
AKRO-MILS,,,201-500,Plastics Manufacturing,,50M,http://www.akro-mils.com
ALABAMA OUTDOORS,,,61,Retail,,33915000,http://www.alabamaoutdoors.com
ALEXANDRIA INDUSTRIES,,Minnesota,210,mining & metals,,$155.3M,alexandriaindustries.com
ALKON,,,51-200,Machinery Manufacturing,,45M,http://www.alkoncorp.com
ALL FLORIDA PAPER,,,88,logistics & supply chain,,30132000,http://www.allfloridapaper.com
ALLEGHENY BRADFORD CORPORATION,,Pennsylvania,93,machinery,,37500000,alleghenybradford.com
ALLEGIS CORPORATION,,,97,Mechanical Or Industrial Engineering,,228900000,allegiscorp.com
ALL-FILL,,Pennsylvania,93,Packaging & Containers,,25000000,all-fill.com
ALLIANCE PHARMA,,,201-500,Pharmaceutical Manufacturing,,32M,http://www.alliancepharmaco.com/
ALLIANT POWER,,Wisconsin,88,Automotive,,34600000,alliantpower.com
"ALLIANT TECHNOLOGIES, LLC",,,73,Automation Machinery Manufacturing,,39761000,alliantechnologies.com
ALLIED MACHINE & ENGINEERING,,,201-500,Machinery Manufacturing,,93.8M,http://www.alliedmachine.com
ALLIED MOULDED PRODUCTS,,,180,electrical/electronic manufacturing,,40000000,http://www.alliedmoulded.com
"ALLIED PLASTICS, LLC",,,201-500,Plastics Manufacturing,,45.1M,http://www.alliedplastics.com
ALLIED WIRE & CABLE,,,200,electrical/electronic manufacturing,,75000000,http://www.awcwire.com
ALPHA IMAGING,,,51-200,Medical Equipment Manufacturing,,98.9M,http://www.alpha-imaging.com
ALPHA SOURCE GROUP,,Wisconsin,360,medical devices,,62000000,alphasourcegroup.com
"ALPHA SOURCE, INC.",,,201-500,Medical Equipment Manufacturing,,39.1M,http://www.alphasource.com
ALTERED STATE,,,1600,Retail,,250000000,http://www.altardstate.com
ALTRON AUTOMATION,,,88,Industrial Machinery Manufacturing,,64684000,altronautomation.com
AM GENERAL,,Indiana,960,Defense & Space,,230000000,amgeneral.com
AMBE ENGINEERING LLC,,Michigan,110,Automotive,,42200000,ambeeng.com
AMERCAREROYAL,,,"501-1,000",Manufacturing,,450M,https://amercareroyal.com/
AMEREX,,,240,Business Supplies & Equipment,,82400000,http://www.amerex-fire.com
AMERHART LTD,,,201-500,Building Materials,,65.5M,http://www.amerhart.com
AMERICAN BATTERY SOLUTIONS,,,51-200,"Appliances, Electrical, and Electronics Manufacturing",,59.8M,http://www.americanbatterysolutions.com
AMERICAN BATTERY SOLUTIONS INC.,,,140,"Appliances, Electrical, and Electronics Manufacturing",,59800000,americanbatterysolutions.com
AMERICAN CRANE AND EQUIPMENT,,,51-200,Machinery Manufacturing,,$31.9M,http://www.americancrane.com
AMERICAN EAGLE PAPER MILLS,,,201-500,Paper and Forest Product Manufacturing,,40M,http://www.aepaper.com
AMERICAN EXPEDITION VEHICLES,,Michigan,69,Automotive,,25000000,aev-conversions.com
"AMERICAN FREIGHT FURNITURE, MATTRESS, APPLIANCE",,,"1,001-5,000",Furniture and Home Furnishings Manufacturing,,$292.3M,https://www.americanfreight.com/
AMERICAN GIRL,,,"1,001-5,000",Manufacturing,,231.5M,http://www.americangirl.com
AMERICAN HEALTH PACKAGING,,,201-500,Pharmaceutical Manufacturing,,40M,http://www.americanhealthpackaging.com/
AMERICAN LICORICE COMPANY,,Indiana,270,Mechanical Or Industrial Engineering,,260000000,americanlicorice.com
AMERICAN ORTHODONTICS,,,"501-1,000",Medical Equipment Manufacturing,,85M,http://www.americanortho.com
AMERICAN PACKAGING CORPORATION,,,"1,001-5,000",Packaging and Containers Manufacturing,,450M,http://www.americanpackaging.com
"AMERICAN PHOENIX, INC.",,,"501-1,000",Chemical Manufacturing,,$77.7M,http://www.apimix.net
AMERICAN TEXTILE,,,"1,001-5,000",Textile Manufacturing,,$217.3M,http://www.americantextile.com
AMERICAN TIME,,Minnesota,89,electrical/electronic manufacturing,,$25.0M,american-time.com
AMERICAN TRIM,,,"501-1,000",Manufacturing,,250M,http://www.amtrim.com
AMERICAN WIRE GROUP,,,64,electrical/electronic manufacturing,,150000000,http://www.buyawg.com
AMERICHEM,,,"501-1,000",Plastics Manufacturing,,350M,http://www.americhem.com
AMETEK ENGINEERED MEDICAL COMPONENTS (EMC),,Minnesota,86,medical devices,,28600000,ametekemc.com
AMETEK SOLIDSTATE CONTROLS,,,110,electrical/electronic manufacturing,,30000000,http://www.solidstatecontrolsinc.com
AMPHENOL BORISCH,,,51-200,Defense and Space Manufacturing,,50M,http://www.borisch.com
AMPHENOL BORISCH TECHNOLOGIES,,Michigan,250,Defense & Space,,50000000,borisch.com
AMX,,,150,logistics & supply chain,,45046000,http://www.amxtrucking.com
ANCHOR HOCKING,,,450,Consumer Goods,,300000000,http://www.anchorhocking.com
ANCHOR MANUFACTURING GROUP,,,201-500,Motor Vehicle Manufacturing,,54.8M,http://www.anchor-mfg.com
ANCILLARE,,,51-200,Pharmaceutical Manufacturing,,59M,http://www.ancillare.com
ANDERSON DEVELOPMENT,,,51-200,Chemical Manufacturing,,50M,http://www.andersondevelopment.com
ANDERSON DEVELOPMENT COMPANY,,,94,Chemical Manufacturing,,50000000,andersondevelopment.com
ANDIS COMPANY,,,"501-1,000",Manufacturing,,$108.6M,http://www.andis.com
ANDROID INDUSTRIES,,Michigan,1600,Automotive,,44354000,android-ind.com
"ANGI ENERGY SYSTEMS, LLC",,,201-500,Industrial Machinery Manufacturing,,$61.3M,http://www.angienergy.com
ANGSTROM,,,51-200,Automotive,,53.7M,http://www.angstrom-usa.com
ANOMATIC,,,"501-1,000",Packaging and Containers Manufacturing,,75M,http://www.anomatic.com/
APA SOLAR RACKING,,,51-200,Renewable Energy Semiconductor Manufacturing,,55.4M,http://www.apasolar.com
APACHE STAINLESS EQUIPMENT CORPORATION AND MEPACO,,,51-200,Industrial Machinery Manufacturing,,$34.9M,http://www.apachestainless.com
"APEX INTERNATIONAL MFG, INC.",,,150,Mechanical Or Industrial Engineering,,63800000,trustapexinternational.com
APOLLO RETAIL SPECIALISTS,,,1100,Retail,,135000000,http://www.apolloretail.com
APPLIED MEDICAL TECHNOLOGY,,,201-500,Medical Equipment Manufacturing,,39M,http://www.appliedmedical.net
APPVION,,Wisconsin,660,paper & forest products,,246600000,appvion.com
APRECIA PHARMACEUTICALS,,,51-200,Pharmaceutical Manufacturing,,30.5M,https://www.aprecia.com
APRILAIRE,,Wisconsin,420,Mechanical Or Industrial Engineering,,54700000,aprilaire.com
ARANDELL,,,"501-1,000",Printing Services,,103M,https://www.arandell.com
ARISTO INDUSTRIES,,Michigan,71,Packaging & Containers,,$121.3M,aristoind.com
ARKRAY USA,,,154,medical devices,,40700000,arkrayusa.com
ARLINGTON INDUSTRIES,,,79,"Appliances, Electrical, and Electronics Manufacturing",,208400000,aifittings.com
ARROW INTERNATIONAL,,,"1,001-5,000",Manufacturing,,80M,http://www.arrowinternational.com
ARROW PACKAGING SOLUTIONS / ARROW CONTAINER,,Indiana,91,Packaging & Containers,,35600000,arrowpackagingsolutions.com
ARROW TANK AND ENGINEERING CO.,,,55,machinery,,25996000,arrowtank.com
ARROWHEAD ENGINEERED PRODUCTS,,Minnesota,1100,Automotive,,150000000,arrowheadepinc.com
ARTEZA,,,120,Retail,,55000000,http://www.arteza.com
ARTIFLEX MANUFACTURING,,,"501-1,000",Motor Vehicle Manufacturing,,250.5M,http://www.artiflexmfg.com/
ARVCO CONTAINER CORP.,,Michigan,97,Packaging & Containers,,$26.4M,arvco.com
ASAHI KASEI PLASTICS,,,201-500,Plastics Manufacturing,,188.4M,http://www.akplastics.com
ASCEND,,,410,logistics & supply chain,,75000000,http://www.driveforascend.com
ASCENT AEROSPACE,,,"501-1,000",Aviation and Aerospace Component Manufacturing,,290M,http://www.ascentaerospace.com
ASHLEY WARD,,,201-500,Manufacturing,,42.1M,http://www.ashleyward.com
ASPEN SURGICAL,,,"1,001-5,000",Medical Equipment Manufacturing,,120M,http://www.aspensurgical.com/
ASPHALT MATERIALS,,Indiana,160,Construction,,$497.6M,asphalt-materials.com
ASSOCIATED GROCERS OF THE SOUTH,,,59,Retail,,374000000,http://www.agsouth.com
ASTRONAUTICS CORPORATION OF AMERICA,,,"501-1,000",Aviation and Aerospace Component Manufacturing,,217.9M,http://www.astronautics.com
ATC TRAILERS,,Indiana,150,Automotive,,46772000,atctrailers.com
ATCO INDUSTRIES,,,"1,001-5,000",Motor Vehicle Manufacturing,,40M,http://www.atcoindustries.com
"ATKINS & PEARCE, INC.",,Kentucky,500,textiles,,70267000,atkinsandpearce.com
ATLAS MFG.,,Minnesota,92,machinery,,63000000,atlasmfg.com
ATMOSPHERE COMMERCIAL INTERIORS,,,310,Office Furniture and Fixtures Manufacturing,,45000000,atmosphereci.com
ATOS MEDICAL,,Wisconsin,120,medical devices,,91200000,atosmedical.us
ATRICURE,,,"501-1,000",Medical Equipment Manufacturing,,330.4M,http://www.atricure.com
AUDIO-TECHNICA,,,310,electrical/electronic manufacturing,,30000000,http://www.audio-technica.com
AURORA PLASTICS,,,201-500,Plastics Manufacturing,,44.1M,http://www.auroraplastics.com
AUTOCAM MEDICAL,,,"501-1,000",Medical Equipment Manufacturing,,19M,http://www.autocam-medical.com
AUTOCAR TRUCKS,,Alabama,490,Automotive,,200000000,autocartruck.com
AUTODIE,,,201-500,Industrial Machinery Manufacturing,,40000000,http://www.autodie-llc.com
AUTOMATIC SPRING PRODUCTS CORP.,,,201-500,Industrial Machinery Manufacturing,,42079000,http://www.automaticspring.com
AUTO-WARES,,,"1,001-5,000",Motor Vehicle Manufacturing,,75M,http://www.autowares.com
AVANCEON,,,51-200,Automation Machinery Manufacturing,,$54.3M,http://www.avanceon.com
AVEKA,,,86,Chemical Manufacturing,,35000000,aveka.com
AVID INTERNATIONAL MOLDING SOLUTIONS,,Minnesota,63,plastics,,$53.0M,avidims.com
AVTRON POWER SOLUTIONS,,,69,electrical/electronic manufacturing,,31000000,http://www.avtronpower.com
AXLE LOGISTICS,,,520,Transportation/Trucking/Railroad,,130600000,http://www.axlelogistics.com
AZZUR,,,201-500,Pharmaceutical Manufacturing,,$84.5M,http://www.azzur.com
B&P LITTLEFORD,,,201-500,Machinery Manufacturing,,66M,http://www.bplittleford.com
BADGER COLOR CONCENTRATES,,Wisconsin,81,plastics,,$32.0M,badgercolor.com
BAE INDUSTRIES,,,201-500,Motor Vehicle Manufacturing,,45984000,http://www.baeind.com
BAERS FURNITURE,,,360,Furniture,,185000000,http://www.baers.com
BALANCE TECHNOLOGY INC (BTI),,Michigan,96,machinery,,25000000,balancetechnology.com
"BANDIT INDUSTRIES, INC.",,Michigan,210,machinery,,300000000,banditchippers.com
BANNER ENGINEERING,,,970,Automation Machinery Manufacturing,,349999000,bannerengineering.com
BARD MANUFACTURING COMPANY,,,201-500,Industrial Machinery Manufacturing,,60.2M,http://www.bardhvac.com
BARGAIN HUNT,,,660,Retail,,450000000,http://www.bargainhunt.com
BASCO,,,201-500,Consumer Goods,,85M,http://www.bascoshowerdoor.com
BASIC FUN!,,,51-200,Manufacturing,,64.6M,http://www.basicfun.com
BASSETT MECHANICAL,,,201-500,Industrial Machinery Manufacturing,,$81M,http://www.bassettmechanical.com
BATTLE MOTORS,,,51-200,Motor Vehicle Manufacturing,,59.2M,https://battlemotors.com
BAUER BUILT INC.,,,"501-1,000",Truck Transportation,,120M,http://www.bauerbuilt.com
BECKER FURNITURE,,,130,Furniture and Home Furnishings Manufacturing,,68500000,beckerfurniture.com
BECKETT THERMAL SOLUTIONS,,,"501-1,000",Industrial Machinery Manufacturing,,43.4M,http://BeckettThermal.com
BEDFORD INDUSTRIES,,,170,Packaging & Containers,,81700000,bedford.com
BEHLER-YOUNG,,,201-500,Wholesale,,14.6M,https://www.behler-young.com/
BELGIOIOSO CHEESE INC.,,,"501-1,000",Dairy Product Manufacturing,,100M,http://www.belgioioso.com
BELL INTERNATIONAL LABORATORIES,,,67,"health, wellness & fitness",,63400000,bellintlabs.com
BELL LABORATORIES,,Wisconsin,160,Mechanical Or Industrial Engineering,,94800000,belllabs.com
"BELL LABORATORIES, INC.",,,201-500,Manufacturing,,$93.7M,http://www.belllabs.com
BELMARK INC,,,"1,001-5,000",Printing Services,,34.7M,http://www.belmark.com
BEMIS MANUFACTURING COMPANY,,,"1,001-5,000",Plastics Manufacturing,,$417.4M,http://www.BemisMfg.com
BENORE LOGISTIC,,,430,Transportation/Trucking/Railroad,,75000000,http://www.benorelogistics.com
BENSHAW,,,160,electrical/electronic manufacturing,,75000000,http://www.benshaw.com
BERGSTROM AUTOMOTIVE,,,"1,001-5,000",Motor Vehicle Manufacturing,,$113.2M,http://www.bergstromauto.com
BERK ENTERPRISES,,,51-200,Manufacturing,,69.9M,http://www.BerkBrands.com
BESCAST,,,51-200,Industrial Machinery Manufacturing,,32.4M,http://www.bescast.com
BESSER,,,201-500,Machinery Manufacturing,,5.8M,http://www.besser.com
BEST LIGHTING PRODUCTS,,,51-200,"Appliances, Electrical, and Electronics Manufacturing",,$41.4M,http://www.bestlighting.net/
BETCO,,,201-500,Chemical Manufacturing,,47M,https://www.betco.com
BETTCHER INDUSTRIES,,,201-500,Food and Beverage Manufacturing,,80M,http://www.bettcher.com
BETTER CHOICE COMPANY,,,56,Consumer Goods,,40904000,http://www.betterchoicecompany.com
BEVCORP,,,51-200,Machinery Manufacturing,,85M,http://www.bevcorp.com/
BGM ENGINEERING INC.,,Michigan,65,electrical/electronic manufacturing,,$25M,bgmeng.com
BIDFTA.COM,,,73,Retail,,35000000,http://www.bidfta.com
BIG ASS FANS,,,"501-1,000",Industrial Machinery Manufacturing,,300M,http://www.bigassfans.com
BIL-JAX,,,51-200,Manufacturing,,97.8M,https://www.biljax.com
BIOCOAT,,Pennsylvania,73,medical devices,,31500000,biocoat.com
BIRCHWOOD FOODS,,,"501-1,000",Food and Beverage Manufacturing,,$142.6M,http://www.bwfoods.com
BIRD,,,180,electrical/electronic manufacturing,,40000000,http://www.birdrf.com
BISCO,,,51-200,Medical Equipment Manufacturing,,12.1M,http://www.bisco.com
BISON® AN AMETEK® BUSINESS,,,120,electrical/electronic manufacturing,,75000000,http://www.bisonametek.com
BLAIR IMAGE ELEMENTS,,Pennsylvania,120,Construction,,$68.4M,blairimage.com
BLAKE'S HARD CIDER,,,51-200,Food and Beverage Services,,35.4M,http://blakeshardcider.com
BLASTONE INTERNATIONAL,,,201-500,Machinery Manufacturing,,200M,http://www.blastone.com/
BLOCK IMAGING,,Michigan,190,medical devices,,25000000,blockimaging.com
BLU PRODUCTS,,,201-500,Telecommunications,,345M,http://www.bluproducts.com
BLUEFLY,,,54,Retail,,85000000,http://www.bluefly.com
BLUEGRACE LOGISTICS,,,740,Transportation/Trucking/Railroad,,195900000,http://www.mybluegrace.com
BOGEN COMMUNICATIONS,,,98,electrical/electronic manufacturing,,58460000,http://www.bogen.com
BOLLMAN HAT,,,201-500,Textile Manufacturing,,$215.7M,http://www.bollmanhats.com/
BOLT EXPRESS,https://www.linkedin.com/company/366949,,178,Transportation/Trucking/Railroad,,100000000,bolt-express.com
BOOKS A MILLION,,,2300,Retail,,474100000,http://www.booksamillion.com
BOOTS & MORE,,,110,Retail,,25000000,http://www.bootsandmore.net
BORROUGHS,,,51-200,"Transportation, Logistics, Supply Chain and Storage",,88M,http://www.borroughs.com
"BOSS INDUSTRIES, LLC",,Indiana,68,Machinery Manufacturing,,$75.0M,bossair.com
BOSTON PROPER,,,140,Apparel & Fashion,,40295000,http://www.bostonproper.com
BOUCHER AUTOMOTIVE GROUP,,,"1,001-5,000",Motor Vehicle Manufacturing,,$185.5M,http://boucher.com
BRACCO MEDICAL TECHNOLOGIES,,Minnesota,160,medical devices,,422500000,braccomedtech.com
BRADLEY CALDWELL,,,201-500,Wholesale,,39.6M,http://www.bradleycaldwell.com
BRADLEY COMPANY,,Wisconsin,380,Building Materials,,225000000,bradleycorp.com
BRADLEY CORPORATION,,,"501-1,000",Building Materials,,$176.3M,https://www.bradleycorp.com
BRAKE SUPPLY,,Indiana,260,machinery,,36000000,brake.com
BRAUN AMBULANCES,,,51-200,Motor Vehicle Manufacturing,,56.3M,http://www.braunambulances.com
BRAUNABILITY,,Indiana,650,Automotive,,140000000,braunability.com
BRAZEWAY,,,"1,001-5,000",Industrial Machinery Manufacturing,,218.1M,http://www.brazeway.com
BRENNAN,,,201-500,Industrial Machinery Manufacturing,,130.4M,https://brennaninc.com
BRENTON ENGINEERING,,Minnesota,500,Packaging & Containers,,35000000,brentonengineering.com
BREWER COMPANY,,,51-200,Medical Device,,33M,http://www.brewercompany.com
BREWSTER CHEESE,,,51-200,Dairy,,111.9M,http://www.brewstercheese.com/
BRISKHEAT,,,140,electrical/electronic manufacturing,,85000000,http://www.briskheat.com
BROADWAY AUTOMOTIVE,,,"501-1,000",Motor Vehicle Manufacturing,,$37M,http://www.broadwayautomotive.com
BROOKS INSTRUMENT,,,"501-1,000",Automation Machinery Manufacturing,,94.5M,http://www.brooksinstrument.com/
BROOKVILLE EQUIPMENT,,,201-500,Railroad Equipment Manufacturing,,61.1M,http://www.brookvillecorp.com
BROWN JORDAN,,,460,Retail,,292000000,http://www.brownjordaninc.com
BRUNK INDUSTRIES,,,201-500,Medical Equipment Manufacturing,,30.2M,https://www.brunk.com/
BRUNO INDEPENDENT LIVING AIDS,,,201-500,Manufacturing,,31M,http://www.bruno.com/
BSI (BUILDING SERVICE INC.),,,51-200,Furniture and Home Furnishings Manufacturing,,$54.7M,http://www.buildingservice.com
BTD MANUFACTURING,,Minnesota,582,mining & metals,,$324.4M,btdmfg.com
BUCKEYE CORRUGATED,,,"501-1,000",Packaging and Containers Manufacturing,,77.5M,http://www.bcipkg.com
BUDDY'S HOME FURNISHINGS,,,580,Retail,,57407000,http://www.buddyrents.com
BUEHLER,,,201-500,Industrial Machinery Manufacturing,,40M,https://www.buehler.com
BULLEN ULTRASONICS,,,51-200,Aviation and Aerospace Component Manufacturing,,51.9M,http://www.bullentech.com/
BURKE PORTER,,,"1,001-5,000",Machinery Manufacturing,,155000000,http://www.burkeportergroup.com/
BURNETT DAIRY COOPERATIVE,,,201-500,Food and Beverage Manufacturing,,$80.3M,https://www.burnettdairy.com/
BUTECH BLISS,,,201-500,Machinery Manufacturing,,58.9M,http://www.butechbliss.com
BUYERS PRODUCTS,,,201-500,Motor Vehicle Manufacturing,,85.2M,http://www.buyersproducts.com
BUZZI UNICEM USA,,Pennsylvania,596,mining & metals,,$352.8M,buzziunicemusa.com
BWI,,,"1,001-5,000",Automotive,,220M,https://www.bwigroup.com/
C&J INDUSTRIES,,,201-500,Plastics Manufacturing,,57M,http://www.cjindustries.com
C&S MACHINE,,Michigan,71,Aviation & Aerospace,,$26.5M,candsmachine.com
"C. G. BRETTING MANUFACTURING CO., INC.",,Wisconsin,500,Machinery Manufacturing,,111000000,bretting.com
CABINETS TO GO,,,320,Retail,,39599000,http://www.cabinetstogo.com
CADILLAC PRODUCTS PACKAGING COMPANY,,Michigan,110,Packaging & Containers,,70800000,cadprod.com
CALDWELL TANKS,,Kentucky,200,Construction,,215500000,caldwelltanks.com
CALUMET ELECTRONICS,,,120,electrical/electronic manufacturing,,42975000,http://www.calumetelectronics.com
CAMACO-AMVIAN,,,"1,001-5,000",Motor Vehicle Manufacturing,,471.1M,http://www.camacollc.com
CAMBRIDGE-LEE INDUSTRIES,,,201-500,Mining,,100M,http://www.camlee.com/
CAMCO CHEMICAL,,,120,Chemical Manufacturing,,31398000,camco-chem.com
CAMPBELL HAUSFELD,,,201-500,Manufacturing,,84M,http://www.campbellhausfeld.com
CAMPERS INN RV,,,510,Retail,,47000000,http://www.campersinn.com
CANBERRA,,,51-200,Chemical Manufacturing,,31.9M,http://www.canberracorp.com
CANDLE-LITE COMPANY,,,180,Consumer Goods,,50275000,http://www.candle-lite.com
CANTON DROP FORGE,,,51-200,Machinery Manufacturing,,200M,http://www.cantondropforge.com
CAPITAL RESIN CORPORATION,,,51-200,Chemical Manufacturing,,$34.1M,http://www.capitalresin.com/
"CAPS® (CENTRAL ADMIXTURE PHARMACY SERVICES, INC.)",,Pennsylvania,340,Pharmaceuticals,,28100000,capspharmacy.com
CAPSA HEALTHCARE,,,"501-1,000",Medical Equipment Manufacturing,,$79.3M,http://www.capsahealthcare.com
CAR KEYS EXPRESS,,Kentucky,120,Automotive,,107500000,carkeysexpress.com
CARDONE INDUSTRIES,,Pennsylvania,870,Automotive,,514400000,cardone.com
"CARMA LABORATORIES, INC.",,,201-500,Manufacturing,,$55.2M,http://www.mycarmex.com
CARNEGIE ROBOTICS,,,51-200,Automation Machinery Manufacturing,,151.3M,http://carnegierobotics.com
CARRIER VIBRATING EQUIPMENT,,,86,Industrial Machinery Manufacturing,,32000000,carriervibrating.com
"CARTER DAY INTERNATIONAL, INC.",,Minnesota,52,Machinery Manufacturing,,$25.8M,carterday.com
CARTON SERVICE CSI,,,201-500,Packaging and Containers Manufacturing,,40.2M,http://www.cartonservice.com
CASCADE DIE CASTING,,,201-500,Automotive,,117.4M,http://cascade-cdc.com
CAST NYLONS LIMITED,,,51-200,Plastics Manufacturing,,54M,http://www.castnylon.com
CATTRON GLOBAL,,,52,electrical/electronic manufacturing,,37500000,http://www.cattron.com
CBT,,,201-500,Industrial Machinery Manufacturing,,186M,https://cbtcompany.com
CEI NETWORK,,,201-500,Motor Vehicle Manufacturing,,120M,http://www.ceinetwork.com
CEIA USA,,,51-200,"Appliances, Electrical, and Electronics Manufacturing",,32M,http://www.ceia-usa.com
CELISTICS,,,800,logistics & supply chain,,31006000,http://www.celistics.com
CENTRAL HOME BRANDS,,,"501-1,000",Manufacturing,,75M,http://www.ardencompanies.com
CENTRAL MCGOWAN,,Minnesota,54,Industrial Automation,,$32.6M,centralmcgowan.com
CENTRAL PACKAGE & DISPLAY,,Minnesota,65,Packaging & Containers,,25400000,centralpackage.com
CERROWIRE,,,330,electrical/electronic manufacturing,,151448000,http://www.cerrowire.com
CHALLENGE MANUFACTURING,,,"1,001-5,000",Motor Vehicle Manufacturing,,300M,http://www.challenge-mfg.com
CHANDLER INDUSTRIES,,,160,Aviation and Aerospace Component Manufacturing,,83400000,chandlerindustries.com
"CHANNELLOCK, INC.",,Pennsylvania,120,Mechanical Or Industrial Engineering,,25000000,channellock.com
CHAUVET,,,201-500,"Appliances, Electrical, and Electronics Manufacturing",,122.5M,http://www.chauvetlighting.com
CHEMDESIGN,,,200,Chemical Manufacturing,,30000000,chemdesign.com
CHEMSTATION,,,201-500,Chemical Manufacturing,,46.4M,http://www.chemstation.com/about/
CHEM-TREND,,,"501-1,000",Chemical Manufacturing,,37.9M,http://www.chemtrend.com
CHROMALOX,,,"1,001-5,000","Appliances, Electrical, and Electronics Manufacturing",,250M,http://www.chromalox.com/
CHROMASCAPE,,,51-200,Chemical Manufacturing,,64M,http://www.chromascape.com
CINCINNATI,,,201-500,Machinery Manufacturing,,40.1M,http://www.e-ci.com
CIRTEC MEDICAL,,Minnesota,630,medical devices,,40000000,cirtecmed.com
CITY BREWING COMPANY,,,"1,001-5,000",Beverage Manufacturing,,$279.5M,http://www.citybrewery.com
CITY FURNITURE,,,1500,Retail,,531800000,http://www.cityfurniture.com
CLARIENCE,,,"1,001-5,000","Appliances, Electrical, and Electronics Manufacturing",,473.8M,http://www.clariencetechnologies.com
"CLARION TECHNOLOGIES, INC.",,,68,plastics,,145515000,clariontechnologies.com
CLARK FIXTURES,,,51-200,Aviation and Aerospace Component Manufacturing,,42.9M,http://www.clarkfixtures.com
CLARK OIL,,,90,Retail,,50756000,http://www.clark-oil.com
CLASEN QUALITY CHOCOLATE,,,201-500,Food Production,,75M,http://www.cqc.com
"CLASSIC TURNING, INC.",,,51,Aviation and Aerospace Component Manufacturing,,32744000,classicturning.com
CLEAR ALIGN,,,80,Defense and Space Manufacturing,,55038000,clearalign.com
CLEARY BUILDING,,Wisconsin,390,Construction,,$97.3M,clearybuilding.com
CLEVELAND STEEL CONTAINER,,,201-500,Packaging and Containers Manufacturing,,77.4M,http://www.cscpails.com
CLIMATECH,,Minnesota,100,plastics,,$30.6M,clim-a-tech.com
CLIPPARD INSTRUMENT LABORATORY,,,201-500,Manufacturing,,39.6M,https://clippard.com
CMC,,,201-500,Printing Services,,50.1M,http://www.cmcgp.com
CME WIRE AND CABLE,,,93,electrical/electronic manufacturing,,49455000,http://www.cmewire.com
COASTAL AUTOMOTIVE,,,51-200,Automotive,,117.4M,http://www.coastal-automotive.com
COASTAL CONSTRUCTION PRODUCTS,,,51-200,Construction,,250M,https://CoastalOne.com
COASTAL CONTAINER,,Michigan,67,Packaging & Containers,,$25.0M,coastal-container.com
COASTAL PET PRODUCTS,,,"501-1,000",Consumer Goods,,50M,http://www.coastalpet.com
COATING PLACE INC.,,,51-200,Pharmaceutical Manufacturing,,$57.9M,http://www.coatingplace.com
CO-AX TECHNOLOGY,,,201-500,"Appliances, Electrical, and Electronics Manufacturing",,59.3M,http://www.coaxinc.com
CODONICS,,,51-200,Medical Equipment Manufacturing,,32M,http://www.codonics.com
COE DISTRIBUTING,,,201-500,Furniture and Home Furnishings Manufacturing,,70.7M,http://www.coedistributing.com
COLD JET,,,201-500,Machinery Manufacturing,,41.2M,http://www.coldjet.com
COLORCON®,,Pennsylvania,1100,Pharmaceuticals,,500000000,colorcon.com
COLORVISION INTERNATIONAL,,,190,Retail,,150000000,http://www.colorvisionint.com
COLOURS,,,201-500,Motor Vehicle Manufacturing,,72300000,http://gocolours.com
COLUMBIA GEAR CORPORATION,,,95,machinery,,74600000,columbiagear.com
"COLUMBUS INDUSTRIES INC, FILTRATION GROUP",,,"501-1,000",Manufacturing,,350M,https://www.columbusindustries.com/
COMBI PACKAGING SYSTEMS,,,51-200,Machinery Manufacturing,,36.4M,https://www.combi.com
COMETIC GASKET,,,51-200,Motor Vehicle Manufacturing,,53.8M,http://www.cometic.com
COMFORT RESEARCH,,,201-500,Furniture and Home Furnishings Manufacturing,,73000000,http://www.comfortresearch.com
COMMERCE CONTROLS,,Michigan,200,Industrial Automation,,$25M,commercecontrols.com
"COMMERCIAL TOOL GROUP: COMMERCIAL TOOL & DIE, INC., CG AUTOMATION & FIXTURE, INC., CG PLASTICS, INC.",,Michigan,130,Plastics Manufacturing,,33753000,commercialtoolgroup.com
COMMUNITY TISSUE SERVICES,,,"501-1,000",Medical Equipment Manufacturing,,52.7M,http://www.communitytissue.org
"COMPANY WRENCH, LTD.",,,51-200,Machinery Manufacturing,,$127.3M,http://companywrench.com/
COMPASS HEALTH BRANDS,,,51-200,Medical Equipment Manufacturing,,40M,http://www.compasshealthbrands.com
CON FORMS,,,76,"Glass, Ceramics and Concrete Manufacturing",,30465000,conforms.com
CONCURRENT TECHNOLOGIES,,,"501-1,000",Defense & Space,,115M,http://www.ctc.com
CONE DRIVE,,,201-500,Automation Machinery Manufacturing,,150M,http://www.conedrive.com
CONESTOGA WOOD SPECIALTIES,,,"1,001-5,000",Wholesale Building Materials,,271.6M,http://www.conestogawood.com
CONN SELMER,,Indiana,430,Mechanical Or Industrial Engineering,,298900000,connselmer.com
CONNECT AMERICA,,,"501-1,000",Medical Equipment Manufacturing,,60M,http://www.connectamerica.com
CONSOLIDATED CONSTRUCTION,,Wisconsin,120,Construction,,$26.6M,1call2build.com
CONSOLIDATED PRECISION PRODUCTS,,,"1,001-5,000",Aviation and Aerospace Component Manufacturing,,150M,http://www.cppcorp.com
CONSUMERS CONCRETE,,Michigan,52,Construction,,44500000,consumersconcrete.com
CONTINENTAL OFFICE EST. 1939,,,201-500,Office Furniture and Fixtures Manufacturing,,$122.5M,http://www.continentaloffice.com
CONTRACT INDUSTRIAL TOOLING (C-I-T),,Indiana,56,Packaging & Containers,,$582.0M,c-i-t.com
COOPER-BOOTH WHOLESALE,,,201-500,Wholesale,,34.0M,http://www.cooperbooth.com
COPPERWELD,,,150,electrical/electronic manufacturing,,82600000,http://www.copperweld.com
CORE MOLDING TECHNOLOGIES,,,"1,001-5,000",Plastics Manufacturing,,325.2M,http://www.coremt.com
CORK MEDICAL,,Indiana,71,medical devices,,25000000,corkmedical.com
CORNWELL QUALITY TOOLS,,,201-500,Motor Vehicle Manufacturing,,218.7M,http://www.cornwelltools.com
CORTEC CORPORATION,,,150,Chemical Manufacturing,,51000000,cortecvci.com
CORVAC COMPOSITES,,,"501-1,000",Motor Vehicle Manufacturing,,150M,http://www.Corvaccomposites.com
CORVAL GROUP,,Minnesota,210,Construction,,133800000,corvalgroup.com
COUGHLIN AUTOMOTIVE,,,201-500,Motor Vehicle Manufacturing,,$50.5M,http://www.coughlincars.com
COVERT MANUFACTURING,,,51-200,Motor Vehicle Manufacturing,,78.1M,http://www.covertmfg.com
C-P FLEXIBLE PACKAGING,,,"1,001-5,000",Packaging and Containers Manufacturing,,50M,http://www.cpflexpack.com
CQ MEDICAL,,Pennsylvania,76,medical devices,,25000000,cqmedical.com
CRANE PUMPS & SYSTEMS,,,"501-1,000",Machinery Manufacturing,,201.7M,http://www.cranepumps.com
CRARY INDUSTRIES,,North Dakota,87,machinery,,30900000,crary.com
CRAYOLA,,,"1,001-5,000",Manufacturing,,450.2M,http://www.crayola.com
CRC INDUSTRIES,,,201-500,Chemical Manufacturing,,75M,http://www.crcindustries.com
CREATIVE FOAM,,,"1,001-5,000",Motor Vehicle Manufacturing,,65M,http://www.creativefoam.com
CREATIVE PACKAGING COMPANY,,Kentucky,53,Packaging & Containers,,$25.4M,creativepackagingco.com
CREE LIGHTING,,,"1,001-5,000","Appliances, Electrical, and Electronics Manufacturing",,56M,http://www.creelighting.com
CREMER NORTH AMERICA,,,201-500,Chemical Manufacturing,,34.1M,http://www.petercremerna.com
CRENLO ENGINEERED CABS,,Minnesota,490,machinery,,35000000,crenlo.com
"CRESLINE PLASTIC PIPE CO., INC.",,Indiana,120,Plastics Manufacturing,,70000000,cresline.com
CRETEX MEDICAL,,Minnesota,779,Medical Equipment Manufacturing,,99600000,cretexmedical.com
CROWN BATTERY,,,"501-1,000",Motor Vehicle Manufacturing,,166.6M,http://www.crownbattery.com
CROWN IRON WORKS,,,210,Industrial Machinery Manufacturing,,50000000,crowniron.com
CROWN LABORATORIES,,,640,Retail,,300000000,http://www.crownlaboratories.com
CSAFE,https://www.linkedin.com/company/csafeglobal,,112,Logistics and Supply Chain,,11200000,csafeglobal.com
CUMMINS,,Indiana,48530,Motor Vehicle Manufacturing,,248000000,cummins.com
CURT G. JOA INC.,,,201-500,Machinery Manufacturing,,30.3M,http://www.joa.com
CURT GROUP,,,"1,001-5,000",Automotive,,247M,http://www.curtgroup.com
CURVEBEAM AI,,Pennsylvania,67,medical devices,,25000000,curvebeamai.com
"CUSTER, INC.",,,120,Furniture and Home Furnishings Manufacturing,,49100000,custerinc.com
CUSTOM PRODUCTS,,,201-500,Packaging and Containers Manufacturing,,48M,http://www.customproducts.net
DAKKOTA INTEGRATED SYSTEMS,,Michigan,3000,Automotive,,510500000,dakkota.com
DAKOTA BODIES,,South Dakota,110,Motor Vehicle Manufacturing,,25000000,dakotabodies.com
DAKOTA FLUID POWER,,South Dakota,120,machinery,,46000000,dakotafluidpower.com
DAKTRONICS,,South Dakota,2300,Manufacturing,,115000000,daktronics.com
DANT CLAYTON CORPORATION,,Kentucky,99,Construction,,$46.3M,dantclayton.com
DARANA HYBRID,,,201-500,Automation Machinery Manufacturing,,104.6M,http://www.daranahybrid.com
DAYGLO COLOR,,,201-500,Chemical Manufacturing,,92.7M,http://www.dayglo.com
DAYTON PARTS DRIVEN BY DORMAN,,,"1,001-5,000",Motor Vehicle Manufacturing,,168000000,http://www.daytonparts.com
DAYTON ROGERS MFG,,Minnesota,150,machinery,,60000000,daytonrogers.com
DAYTON-PHOENIX,,,201-500,Railroad Equipment Manufacturing,,98.7M,http://www.dayton-phoenix.com
DEARING COMPRESSOR & PUMP,,,51-200,Machinery Manufacturing,,41.1M,http://www.dearingcomp.com
DECATUR PLASTIC PRODUCTS,,Indiana,68,Automotive,,86000000,decaturplastics.com
DEDICATED COMPUTING,,,201-500,Computer Hardware Manufacturing,,140M,http://www.dedicatedcomputing.com
DEE PACKAGING SOLUTIONS,,Pennsylvania,57,Packaging & Containers,,$35.0M,deepkg.com
DEISTER MACHINE COMPANY,,Indiana,110,mining & metals,,$69.6M,deistermachine.com
DEKKO,,Indiana,350,"Appliances, Electrical, and Electronics Manufacturing",,600000000,dekko.com
DELALLO,,,201-500,Food and Beverage Manufacturing,,300M,http://www.delallo.com
DELKOR SYSTEMS,,,213,Packaging & Containers,,222500000,delkorsystems.com
DELPHINUS ENGINEERING,,,"501-1,000",Defense and Space Manufacturing,,131.2M,http://www.delphinus.com/
DELTA,,,130,electrical/electronic manufacturing,,45793000,http://www.deltasystemsinc.com
DELTA MODTECH,,Minnesota,140,machinery,,86600000,deltamodtech.com
DELVAL EQUIPMENT,,Pennsylvania,120,machinery,,25000000,delval.com
DEMMER,,,201-500,Defense and Space Manufacturing,,64.3M,http://www.demmercorp.com
DENTAL HEALTH PRODUCTS,,Wisconsin,210,medical devices,,57500000,dhpsupply.com
DENTALEZ,,,201-500,Medical Equipment Manufacturing,,75M,http://www.dentalez.com
DEPATIE FLUID POWER,,Michigan,78,machinery,,54300000,depatie.com
DERCO,,,201-500,Aviation & Aerospace,,34.4M,http://www.dercoaerospace.com
DESTACO,,,"501-1,000",Automation Machinery Manufacturing,,300M,http://www.destaco.com
DETROIT AXLE,,,201-500,Motor Vehicle Manufacturing,,70M,http://www.detroitaxle.com
DETROIT FORMING,,Michigan,69,Packaging & Containers,,$65.6M,detroitforming.com
DETROIT MANUFACTURING SYSTEMS,,,"1,001-5,000",Manufacturing,,355.3M,http://www.dmsna.com
DETROIT THERMAL SYSTEMS,,,"501-1,000",Motor Vehicle Manufacturing,,70M,http://www.detroitthermalsystems.com
DEWYS MANUFACTURING,,Michigan,120,machinery,,55900000,dewysmfg.com
DEXTER,,Indiana,3800,Mechanical Or Industrial Engineering,,530000000,dextergroup.com
DEZURIK,,,320,Industrial Machinery Manufacturing,,125000000,dezurik.com
DIAMOND MANUFACTURING COMPANY,,Pennsylvania,110,mining & metals,,76200000,diamondman.com
DIAMOND PHARMACY SERVICES,,Pennsylvania,260,Pharmaceutical Manufacturing,,391000000,diamondpharmacy.com
DITEK,,,79,electrical/electronic manufacturing,,25000000,http://www.diteksurgeprotection.com
DIVERSATEK HEALTHCARE,,Wisconsin,79,medical devices,,26900000,diversatekhealthcare.com
"DIVERSIFIED AUTOMATION, INC.",,,150,Automation Machinery Manufacturing,,100000000,diversified-automation.com
DIVERSIFIED CHEMICAL TECHNOLOGIES,,,201-500,Chemical Manufacturing,,67.9M,http://www.dchem.com
DOMINION TECHNOLOGIES GROUP,,Michigan,140,Automotive,,37100000,dominiontec.com
DONATELLE,,Minnesota,160,medical devices,,70000000,donatellemedical.com
DONSCO,,,201-500,Mining,,70M,http://www.donsco.com
DORNER MFG. CORP.,,,201-500,Industrial Automation,,90M,http://www.dornerconveyors.com
DOROTHY LANE MARKET,,,310,Retail,,80859000,http://www.dorothylane.com
DOUBLE H PLASTICS,,,201-500,Packaging and Containers Manufacturing,,39M,http://www.doublehplastics.com
DOUGLAS MACHINE INC.,,,370,Industrial Machinery Manufacturing,,125000000,douglas-machine.com
DOVER CHEMICAL,,,201-500,Chemical Manufacturing,,42.7M,http://www.doverchem.com
DOWCO,,,201-500,Textile Manufacturing,,37M,http://www.dowco-inc.com
DOWNLITE,,,160,textiles,,200000000,http://www.downlite.com
DREAMLINE,,,201-500,Wholesale,,33.9M,http://www.DreamLine.com
DRUCKER DIAGNOSTICS,,Pennsylvania,52,medical devices,,25000000,druckerdiagnostics.com
DUPERON CORPORATION,,Michigan,62,machinery,,297000000,duperon.com
DUPPS,,,201-500,Food and Beverage Manufacturing,,30.9M,http://www.dupps.com
DURATECH INDUSTRIES,,,201-500,Printing Services,,45M,http://www.duratech.com
DURAVENT,,,201-500,Industrial Machinery Manufacturing,,95829000,http://www.duraventgroup.com
DUTY FREE AMERICAS,,,1100,Retail,,34789000,http://www.dutyfreeamericas.com
DWYER INSTRUMENTS,,Indiana,340,Automation Machinery Manufacturing,,204499000,dwyer-inst.com
DYNALAB,,,120,electrical/electronic manufacturing,,27000000,http://www.dynalabems.com
"DYNALAB, INC.",,,201-500,"Appliances, Electrical, and Electronics Manufacturing",,$37.3M,http://www.dynalabems.com
DYNAMIC TOOL CORPORATION,,Wisconsin,53,plastics,,$40.2M,dyntool.com
DYSON,,,51-200,Industrial Machinery Manufacturing,,57.8M,http://www.dysoncorp.com
E. SAM JONES LIGHTING & ENERGY SOLUTIONS,,,68,electrical/electronic manufacturing,,151000000,http://www.esamjones.com
E.C. STYBERG ENGINEERING & MANUFACTURING,,Wisconsin,75,mining & metals,,$54.3M,styberg.com
EAGLE,,,201-500,Automation Machinery Manufacturing,,31.0M,http://www.eagletechnologies.com
EAGLE CRUSHER,,,51-200,Machinery Manufacturing,,31.7M,http://www.eaglecrusher.com
EAGLE FAMILY FOODS,,,201-500,Manufacturing,,53.4M,https://eaglefoods.com
EAGLE TECHNOLOGIES,,,201-500,Automation Machinery Manufacturing,,31.0M,http://www.eagletechnologies.com
EAM-MOSCA CORP.,,,201-500,Packaging and Containers Manufacturing,,51.2M,http://www.eammosca.com
EARTHFIRST BIOPOLYMER FILMS BY PSI,,,51-200,Plastics Manufacturing,,75M,http://www.plasticsuppliers.com
EASE LOGISTICS,,,180,Transportation/Trucking/Railroad,,53500000,http://www.easelogistics.com
EAST END WELDING,,,51-200,Industrial Machinery Manufacturing,,30.6M,http://www.eastendwelding.com
EAST WEST WISCONSIN,,,201-500,"Appliances, Electrical, and Electronics Manufacturing",,33.6M,http://www.ewmfg.com
"EASTERN CONTROLS, INC.",,,130,Automation Machinery Manufacturing,,30000000,easterncontrols.com
EASTERN METAL SUPPLY,,,"501-1,000",Wholesale,,64.2M,https://www.easternmetal.com
EASY WAY PRODUCTS,,,"501-1,000",Furniture and Home Furnishings Manufacturing,,38M,http://www.easywayproducts.com
EBERHARD MANUFACTURING,,,201-500,Motor Vehicle Manufacturing,,52.8M,http://www.eberhard.com
EBW ELECTRONICS,,,201-500,"Appliances, Electrical, and Electronics Manufacturing",,43.9M,http://www.ebwe.com
ECHELON FITNESS MULTIMEDIA,,,220,sporting goods,,200000000,http://www.echelonfit.com
"ECK INDUSTRIES, INC.",,,201-500,Defense and Space Manufacturing,,34.8M,http://www.eckindustries.com
ECKHART,,,201-500,Automation Machinery Manufacturing,,114.1M,http://www.eckhartusa.com
ECM INDUSTRIES,,Wisconsin,120,electrical/electronic manufacturing,,$72.5M,ecmindustries.com
ECOPAX,,Pennsylvania,58,Packaging & Containers,,$64.1M,ecopaxinc.com
ECORE INTERNATIONAL,,,"501-1,000",Wholesale Building Materials,,150M,http://www.ecoreintl.com
ECOWATER SYSTEMS LLC,,,501,Mechanical Or Industrial Engineering,,97800000,ecowater.com
ECRM,,,201-500,Manufacturing,,64.3M,http://ecrm.marketgate.com
"ECS SOLUTIONS, INC.",,Indiana,54,machinery,,$25M,ecssolutions.com
EDIBLE ARRANGEMENTS,,,3300,Retail,,600000000,http://www.ediblearrangements.com
"EFP, LLC.",,Indiana,190,Packaging and Containers Manufacturing,,55000000,efppackaging.com
EHOB,,Indiana,200,medical devices,,52400000,ehob.com
ELECTRI-CORD MANUFACTURING,,,280,electrical/electronic manufacturing,,430000000,http://www.electri-cord.com
ELECTRO-MATIC PRODUCTS,,,200,electrical/electronic manufacturing,,25000000,http://www.electro-matic.com
ELECTRON ENERGY CORPORATION,,Pennsylvania,71,mining & metals,,$32.0M,electronenergy.com
ELECTRONIC SYSTEMS,,South Dakota,52,electrical/electronic manufacturing,,51400000,electronicsi.com
ELECTRONIC THEATRE CONTROLS,,,"1,001-5,000","Appliances, Electrical, and Electronics Manufacturing",,172.5M,http://www.etcconnect.com
ELGIN FASTENER,,,"501-1,000",Machinery Manufacturing,,115M,http://www.elginfasteners.com
ELLWOOD,,,270,Industrial Machinery Manufacturing,,570000000,ellwoodgroup.com
ELSA,,Indiana,130,Automotive,,142500000,elsallc.com
EMERSON NETWORK POWER,,,7100,electrical/electronic manufacturing,,150000000,http://www.emersonnetworkpower.com
EMERY OLEOCHEMICALS,,,201-500,Chemical Manufacturing,,193.9M,https://www.emeryoleo.com
EMMI ROTH,,,201-500,Food & Beverages,,100M,http://www.emmiroth.com/careers
EMPIRE ABRASIVE EQUIPMENT CO.,,Pennsylvania,63,machinery,,27700000,empire-airblast.com
EMPIRE DIE CASTING,,,201-500,Mechanical Or Industrial Engineering,,36.4M,http://www.empiredie.com
EMPIRE ELECTRONICS,,,201-500,Automotive,,38944000,https://www.empireelectronics.com
EMSAR,,,201-500,Medical Device,,60M,http://www.emsar.com
ENABLE INJECTIONS,,,51-200,Medical Equipment Manufacturing,,50.0M,https://enableinjections.com/
ENERGY STEEL,,Michigan,54,machinery,,537000000,energysteel.com
ENERPAC,,,"501-1,000",Machinery Manufacturing,,200M,http://www.enerpac.com
ENERPAC TOOL GROUP,,,680,Industrial Machinery Manufacturing,,589422000,enerpactoolgroup.com
ENERPAC TOOL GROUP: PREVIOUSLY 'ACTUANT CORPORATION',,Wisconsin,2300,machinery,,$590M,enerpactoolgroup.com
ENGAGE TECHNOLOGIES CORPORATION,,Minnesota,84,Packaging & Containers,,$32.6M,engagetechnologies.net
ENGINE POWER COMPONENTS,,,201-500,Motor Vehicle Manufacturing,,40770000,http://www.engpwr.com
ENHANCED INFORMATION SOLUTIONS (EIS),,Minnesota,200,machinery,,500000000,eisinc.com
"ENOVAPREMIER, LLC",,Kentucky,170,Motor Vehicle Manufacturing,,72400000,enovapremier.com
ENSTROM HELICOPTER,,,201-500,Aviation and Aerospace Component Manufacturing,,52.8M,http://enstromhelicopter.com
ENVIRONMENTAL TECTONICS,,,201-500,Industrial Machinery Manufacturing,,47.8M,http://www.etcusa.com
ENWORK,,,51-200,Furniture and Home Furnishings Manufacturing,,100000000,http://enwork.com/
EOTECH,,,130,Defense and Space Manufacturing,,72000000,eotechinc.com
EPIC EQUIPMENT,,,51-200,Automation Machinery Manufacturing,,39M,http://www.epicequipment.com
EQUIPMENT & CONTROLS,,,201-500,Automation Machinery Manufacturing,,70M,http://www.eci.us
EQUIPMENT TECHNOLOGIES,,Indiana,75,machinery,,31000000,etsprayers.com
ERMCO-ECI,,,350,electrical/electronic manufacturing,,150000000,http://www.ermco-eci.com
ESCALADE SPORTS,,Indiana,210,Sporting Goods Manufacturing,,222208000,escaladesports.com
ESPERION,,,201-500,Pharmaceutical Manufacturing,,75.5M,http://www.esperion.com
"ESSENTIAL INDUSTRIES, INC",,,79,Chemical Manufacturing,,35000000,essind.com
ESSEX BROWNELL,,Indiana,70,electrical/electronic manufacturing,,$119.2M,essexbrownell.com
ESSEX FURUKAWA MAGNET WIRE,,,280,"Appliances, Electrical, and Electronics Manufacturing",,67600000,essexfurukawa.com
"EVERBRITE, LLC",,,"501-1,000",Manufacturing,,130M,http://www.everbrite.com
EVERIDGE,,Minnesota,160,Manufacturing,,75000000,everidge.com
EXECUTIVE CLASS,https://www.linkedin.com/company/2964970,Florida,51,Transportation/Trucking/Railroad,,20000000,executiveclassrelo.com
EXOTIC AUTOMATION & SUPPLY,,,200,Automation Machinery Manufacturing,,30000000,exoticautomation.com
EXTANG CORPORATION,,Michigan,120,Automotive,,116000000,extang.com
EXTREME ENGINEERING SOLUTIONS,,,201-500,Computer Hardware Manufacturing,,30M,https://www.xes-inc.com
EXTRUDE HONE,,,201-500,Machinery Manufacturing,,70M,https://www.extrudehone.com
FABCON,,Minnesota,850,Construction,,$156.5M,fabconprecast.com
FABIANO BROTHERS,,,201-500,Wholesale,,63.5M,http://www.fabianobrothers.com
FABRI-KAL,,,"1,001-5,000",Packaging and Containers Manufacturing,,303M,https://www.fabri-kal.com
FAIRBANKS MORSE DEFENSE,,,"1,001-5,000",Machinery Manufacturing,,258M,http://www.FMDefense.com
FANIMATION CEILING FANS,,Indiana,63,Manufacturing,,58500000,fanimation.com
FANNIE MAY,,,"501-1,000",Consumer Goods,,100M,http://www.fanniemay.com
FAS-PAK,,Indiana,60,Packaging & Containers,,$32.0M,fas-pak.com
"FASTCO INDUSTRIES, INC.",,Michigan,72,mining & metals,,26700000,fastcoindustries.com
FBI BUILDINGS,,Indiana,170,Construction,,$191.0M,fbibuildings.com
FCX PERFORMANCE,,,"1,001-5,000",Industrial Machinery Manufacturing,,$317.5M,http://www.fcxperformance.com
FECON,,,201-500,Machinery Manufacturing,,75M,http://www.fecon.com
FEDCO - FLUID EQUIPMENT DEVELOPMENT COMPANY,,Michigan,69,Mechanical Or Industrial Engineering,,65000000,fedco-usa.com
FEDERAL SCREW WORKS,,Michigan,80,Automotive,,59200000,federalscrewworks.com
FEESER'S FOOD DISTRIBUTORS,,,201-500,Food and Beverage Services,,172.5M,http://www.feesers.com/
FELLOWES,,,201-500,Furniture and Home Furnishings Manufacturing,,500M,https://www.fellowes.com
FENNER PRECISION POLYMERS,,,140,Automation Machinery Manufacturing,,62900000,fennerppd.com
FERADYNE OUTDOORS,,,201-500,Sporting Goods Manufacturing,,254M,http://feradyne.com
FERNO,,,201-500,Medical Device,,53.9M,http://www.fernoems.com
FESTOOL,,,51-200,Machinery Manufacturing,,46.5M,http://www.festoolusa.com
FIELD AEROSPACE,,,201-500,Aviation and Aerospace Component Manufacturing,,75M,http://www.fieldaero.com
"FINISHMASTER, INC.",,Indiana,830,Motor Vehicle Manufacturing,,390000000,finishmaster.com
FIRSTRONIC,,,"501-1,000","Appliances, Electrical, and Electronics Manufacturing",,159M,http://www.firstronic.com
FISHER BARTON,,,"501-1,000",Machinery Manufacturing,,62M,https://www.fisherbarton.com/
FISHER DYNAMICS,,,"1,001-5,000",Motor Vehicle Manufacturing,,300M,http://www.fisherco.com/
FISHER TANK COMPANY,,Pennsylvania,94,Construction,,$28.0M,fishertank.com
"FIVES GIDDINGS & LEWIS, LLC",,,4448,machinery,,671400000,fivesgroup.com
FIVES NORTH AMERICAN COMBUSTION,,,201-500,Industrial Machinery Manufacturing,,30.5M,http://combustion.fivesgroup.com/
FLAMBEAU,,,"1,001-5,000",Plastics Manufacturing,,57M,http://www.flambeau.com
FLANDERS,,Indiana,790,electrical/electronic manufacturing,,290400000,flandersinc.com
FLEXFAB,,,"501-1,000",Industrial Machinery Manufacturing,,271.6M,http://www.flexfab.com
FLEXICON,,,201-500,Industrial Machinery Manufacturing,,34M,http://www.flexicon.com
FLIGHT SYSTEMS INDUSTRIAL PRODUCTS,,Pennsylvania,73,electrical/electronic manufacturing,,$33M,fsip.biz
FLORACRAFT,,,201-500,Consumer Goods,,58.6M,http://www.floracraft.com
FLORIDA PAINTS,,,51-200,Wholesale Building Materials,,47.7M,https://www.FloridaPaints.com
FNA GROUP,,,"501-1,000",Manufacturing,,61.3M,http://www.fna-group.com
FOAM DESIGN,,Kentucky,54,Packaging & Containers,,35000000,foamdesign.com
FORD METER BOX,,Indiana,270,Construction,,119000000,fordmeterbox.com
FORT RECOVERY INDUSTRIES,,,201-500,Motor Vehicle Manufacturing,,30M,http://www.fortrecoveryindustries.com
FORT WAYNE METALS,,Indiana,650,Mechanical Or Industrial Engineering,,137500000,fwmetals.com
FORTEC MEDICAL,,,201-500,Medical Equipment Manufacturing,,32.9M,https://www.fortecmedical.com
FOSBEL,,,"501-1,000","Glass, Ceramics and Concrete Manufacturing",,318.3M,http://www.fosbel.com/
FOSS NORTH AMERICA,,,1600,"Appliances, Electrical, and Electronics Manufacturing",,100000000,fossanalytics.com
FOUNDATION WELLNESS,,,51-200,Manufacturing,,70M,https://www.foundationwellness.com/
FRANKLIN INTERNATIONAL,,,201-500,Chemical Manufacturing,,60M,http://www.Franklininternational.com
FREEMAN ENCLOSURE SYSTEMS,,,201-500,"Appliances, Electrical, and Electronics Manufacturing",,33.9M,http://freemanenclosures.com
FREEMAN MANUFACTURING & SUPPLY,,,51-200,Plastics Manufacturing,,31.2M,http://www.freemansupply.com
FREEPORT PRESS,,,51-200,Printing Services,,40.3M,http://www.freeportpress.com
FROMM FAMILY FOODS,,Wisconsin,200,Mechanical Or Industrial Engineering,,37400000,frommfamily.com
FRONTAGE LABORATORIES,,,"501-1,000",Pharmaceutical Manufacturing,,184.4M,http://www.frontagelab.com
FS-ELLIOTT,,,201-500,Machinery Manufacturing,,193.8M,https://www.fs-elliott.com/
FUTABA CORPORATION OF AMERICA,,,130,electrical/electronic manufacturing,,593600000,http://www.futabaems.com
FXI,,,"1,001-5,000",Consumer Goods,,493.7M,http://www.fxi.com/
G&H ORTHODONTICS®,,Indiana,85,medical devices,,40000000,ghorthodontics.com
G&S METAL PRODUCTS,,,201-500,Manufacturing,,30.1M,http://www.gsmetal.com/
G&T INDUSTRIES,,,120,Furniture and Home Furnishings Manufacturing,,40964000,gtindustries.com
GAGE PRODUCTS COMPANY,,,97,Chemical Manufacturing,,65000000,gageproducts.com
GALERIE CANDY AND GIFTS,,,51-200,Manufacturing,,33.7M,http://www.galeriecandy.com
GARBER AUTOMOTIVE,,,"1,001-5,000",Motor Vehicle Manufacturing,,319.2M,https://www.garberauto.com
GARDENS ALIVE,,,"1,001-5,000",Manufacturing,,170M,https://www.gardensalive.com
GARDNER,,,160,Retail,,150000000,http://www.gardnerinc.com
GARDNER WHITE,,,"501-1,000",Furniture and Home Furnishings Manufacturing,,275M,https://www.gardner-white.com
GASBARRE,,,201-500,Machinery Manufacturing,,59M,http://www.gasbarre.com
GATE PETROLEUM COMPANY,,,490,Retail,,140000000,http://www.gatepetro.com
GED INTEGRATED SOLUTIONS,,,51-200,Machinery Manufacturing,,35M,http://www.gedusa.com
GEHL FOOD,,,201-500,Food and Beverage Services,,43.1M,http://www.gehlfoods.com
"GELEST, INC.",,,200,Chemical Manufacturing,,35000000,gelest.com
GEMAIRE DISTRIBUTORS,,,"501-1,000",Wholesale,,385.2M,http://www.gemaire.com
GEMINI GROUP,,,"1,001-5,000",Automotive,,30.7M,https://geminigroup.net
GENERAL ALUMINUM,,,"1,001-5,000",Automotive,,31.8M,http://www.generalaluminum.com
GENERAL DIE CASTERS,,,201-500,Machinery Manufacturing,,32.4M,http://www.generaldie.com/
"GENERAL EQUIPMENT & SUPPLIES, INC.",,,108,machinery,,69300000,genequip.com
GENERAL FASTENERS,,,201-500,"Transportation, Logistics, Supply Chain and Storage",,300M,http://www.genfast.com
GENERAL STAMPING & METALWORKS,,Indiana,140,Automation Machinery Manufacturing,,67400000,gsmwinc.com
GENERAL TOOL,,,201-500,Defense and Space Manufacturing,,36.8M,http://www.gentool.com
GENESIS ATTACHMENTS,,Wisconsin,61,machinery,,53906000,genesisattachments.com
GENTELL,,Pennsylvania,200,medical devices,,51200000,gentell.com
GEO SPECIALTY CHEMICALS,,,"501-1,000",Chemical Manufacturing,,170.5M,http://www.geosc.com/
GEORGE E. BOOTH CO.,,Indiana,100,machinery,,$25.0M,gebooth.com
GEOTEK,,,145,machinery,,38005000,geotekinc.com
GEROTECH,,Michigan,200,machinery,,44939000,gerotech.com
GERTRUDE HAWK CHOCOLATES,,,"501-1,000",Food and Beverage Manufacturing,,294.4M,http://www.gertrudehawkchocolates.com/
GETTLE,,,201-500,"Appliances, Electrical, and Electronics Manufacturing",,37.6M,http://www.gettle.com
GHSP,,Michigan,789,Automotive,,600000000,ghsp.com
GIBBS DIE CASTING,,,"1,001-5,000",Motor Vehicle Manufacturing,,215.9M,http://www.gibbsdc.com
GLASSTECH,,,51-200,Machinery Manufacturing,,37.5M,http://www.glasstech.com/
GLENN RIEDER,,Wisconsin,120,Construction,,27800000,glennrieder.com
GLENROY,,,201-500,Packaging and Containers Manufacturing,,125M,https://www.glenroy.com
GLOBAL TUNGSTEN & POWDERS,,,"501-1,000",Chemical Manufacturing,,150M,http://www.globaltungsten.com/
GLUNT INDUSTRIES,,,51-200,Machinery Manufacturing,,31.2M,http://www.glunt.com
GMI,,Minnesota,170,medical devices,,60700000,gmi-inc.com
GMI COMPANIES,,,51-200,Furniture,,30M,http://www.ghent.com
GOEX,,,201-500,Plastics Manufacturing,,52M,http://www.goex.com
GOJO,,,"1,001-5,000",Manufacturing,,448.2M,http://www.GOJO.com
GONZALEZ GROUP,,,"501-1,000",Automation Machinery Manufacturing,,50M,http://www.gonzalez-group.com
GOOD FOODS,,,"501-1,000",Food & Beverages,,210M,http://www.goodfoods.com
GOODWILL INDUSTRIES OF SOUTHEASTERN WISCONSIN,,,1800,Retail,,214103000,http://www.goodwillsew.com
"GORDON ALUMINUM INDUSTRIES, INC.",,Wisconsin,85,mining & metals,,$30.2M,gordonaluminum.com
GORILLA GLUE,,,"501-1,000",Manufacturing,,300M,http://www.gorillatough.com/careers
GORUCK,,,69,Retail,,35000000,http://www.goruck.com
GOSIGER,,,201-500,Machinery Manufacturing,,232.7M,http://www.gosiger.com
GP REEVES,,Michigan,52,machinery,,32436000,gpreeves.com
"GPM, INC.",,Minnesota,96,mining & metals,,$26M,gpmco.com
GRACELAND FRUIT,,,201-500,Food and Beverage Services,,73M,http://www.gracelandfruit.com
GRAFF,,Wisconsin,93,Mechanical Or Industrial Engineering,,32080000,graff-designs.com
GRAFIKA PRINT,,Pennsylvania,80,Packaging & Containers,,$47M,grafikaprint.com
GRAHAM ARCHITECTURAL PRODUCTS,,Pennsylvania,140,Construction,,108600000,grahamwindows.com
GRAND DESIGN RV,,Indiana,290,Automotive,,461700000,granddesignrv.com
GRAND RAPIDS CHAIR COMPANY,,,72,Furniture and Home Furnishings Manufacturing,,40677000,grandrapidschair.com
GRANDE CHEESE COMPANY,,,"1,001-5,000",Food and Beverage Manufacturing,,110M,http://www.grande.com
GRASSLAND DAIRY PRODUCTS,,,"501-1,000",Dairy Product Manufacturing,,35M,http://www.grassland.com
GRAYMATTER,,,51-200,Automation Machinery Manufacturing,,36.1M,https://www.GrayMatterSystems.com
GREAT BAY DISTRIBUTORS,,,201-500,Wholesale,,64.8M,http://www.greatbaybud.com
GREAT NORTHERN CORPORATION,,,"1,001-5,000",Packaging & Containers,,32M,http://www.GreatNorthernCorp.com
GREEN BAY PACKAGING,,,"1,001-5,000",Packaging and Containers Manufacturing,,120M,http://www.gbp.com
GREEN BAY PACKAGING COATED PRODUCTS,,Wisconsin,53,Packaging & Containers,,$300M,gbpcoated.com
GREEN CIRCLE GROWERS,,,"501-1,000",Manufacturing,,109.4M,http://www.greencirclegrowers.com
GREEN TOKAI,,,"501-1,000",Motor Vehicle Manufacturing,,156.7M,http://www.greentokai.com
GREENBRIDGE,,,201-500,Packaging and Containers Manufacturing,,300M,http://www.greenbridge.com
GREENE TWEED,,,"1,001-5,000",Manufacturing,,400M,https://www.gtweed.com
GREENLEAF CORPORATION,,,110,Industrial Machinery Manufacturing,,108400000,greenleafcorporation.com
GROTE INDUSTRIES,,Indiana,1000,Automotive,,250000000,grote.com
GT,,,"1,001-5,000",Motor Vehicle Manufacturing,,38520000,http://www.gttechnologies.com
"GUHRING, INC.",,,201-500,Mechanical Or Industrial Engineering,,90M,http://www.guhring.com
GURLEY LEEP AUTOMOTIVE FAMILY,,Indiana,210,Motor Vehicle Manufacturing,,40517000,gurleyleep.com
"GUY & O'NEILL, INC.",,,51-200,Manufacturing,,86.6M,http://www.guyandoneill.com
GUY BROWN,,,77,Business Supplies & Equipment,,205960000,http://www.guybrown.com
H.H. BARNUM,,,201-500,Automation Machinery Manufacturing,,56M,https://www.hhbarnum.com
H.H. BARNUM COMPANY,,,180,Automation Machinery Manufacturing,,56043000,hhbarnum.com
"HA INDUSTRIES, INC.",,,58,Automation Machinery Manufacturing,,27980000,ha-industries.com
HACKBARTH DELIVERY SERVICE,,,210,Transportation/Trucking/Railroad,,29167000,http://www.hackbarthdelivery.com
HADCO METAL TRADING,,,201-500,Mining,,85.4M,http://www.hadco-metal.com
HALCON FURNITURE,,,150,Furniture and Home Furnishings Manufacturing,,70000000,halconfurniture.com
HAMPEL,,Wisconsin,78,plastics,,$90.0M,hampelcorp.com
HANA,,,68,electrical/electronic manufacturing,,29297000,http://www.hana.family
HANOVER FOODS,,,"1,001-5,000",Food Production,,61547000,https://www.hanoverfoods.com
HARBISONWALKER INTERNATIONAL,,Pennsylvania,770,"glass, ceramics & concrete",,$600M,thinkhwi.com
HARKEN INC.,,,201-500,Maritime Transportation,,41.8M,http://www.harken.com
HARMONY BIOSCIENCES,,,201-500,Pharmaceutical Manufacturing,,437.9M,https://www.harmonybiosciences.com/
HARRIS PRODUCTS,,,"501-1,000",Machinery Manufacturing,,345M,http://www.harrisproductsgroup.com
HARRISON STEEL CASTINGS,,Indiana,140,mining & metals,,$34.5M,hscast.com
HATCH STAMPING,,,"501-1,000",Motor Vehicle Manufacturing,,256.7M,http://www.hatchstamping.com
HAVILAND ENTERPRISES,,,201-500,Chemical Manufacturing,,97.5M,http://www.havilandusa.com
HAYES PERFORMANCE SYSTEMS,,,"501-1,000",Motor Vehicle Manufacturing,,70M,https://hayesperformance.com/
HBD INDUSTRIES,,,"1,001-5,000",Mechanical Or Industrial Engineering,,137.5M,http://www.hbdindustries.com
HDT,,,"501-1,000",Defense & Space,,210M,http://www.hdtglobal.com
HEARTH & HOME TECHNOLOGIES,,Minnesota,890,Manufacturing,,40000000,hearthnhome.com
HEARTLAND RV,,Indiana,540,Automotive,,200000000,heartlandrvs.com
"HED, INC.",,,51-200,"Appliances, Electrical, and Electronics Manufacturing",,33.6M,http://www.HEDcontrols.com
HEDSTROM PLASTICS,,,51-200,Manufacturing,,52.4M,http://www.hedstromplastics.com
HEIDELBERG DISTRIBUTING,,,"1,001-5,000",Food & Beverages,,300M,http://www.heidelbergdistributing.com
HEINEN'S GROCERY STORE,,,1200,Retail,,450000000,http://www.heinens.com
HEISER AUTOMOTIVE GROUP,,,201-500,Motor Vehicle Manufacturing,,61.7M,http://www.heiser.com
HELMER SCIENTIFIC,,Indiana,230,medical devices,,50000000,helmerinc.com
HELWIG CARBON PRODUCTS,,,201-500,"Appliances, Electrical, and Electronics Manufacturing",,45.2M,http://www.helwigcarbon.com
HEMLOCK SEMICONDUCTOR,,,"1,001-5,000",Chemical Manufacturing,,407M,http://www.hscpoly.com
HENTZEN COATINGS,,,201-500,Chemical Manufacturing,,37.6M,http://www.hentzen.com
HFI,,,"1,001-5,000",Motor Vehicle Manufacturing,,$468.1M,https://www.hfi-inc.com
HGC INDUSTRIES,,Indiana,69,Manufacturing,,33000000,hgcindustries.com
HILLSDALE FURNITURE,,,120,Furniture and Home Furnishings Manufacturing,,75000000,hillsdalefurniture.com
HINO MOTORS MANUFACTURING USA,,Michigan,910,Automotive,,86600000,hmmusa.com
HIROTEC AMERICA,,,201-500,Automotive,,35.4M,http://www.hirotecamerica.com
HI-TECH MOLD & ENGINEERING,,,201-500,Automotive,,30.4M,http://www.hitechmold.com
HOBART BROTHERS,,,"501-1,000",Industrial Machinery Manufacturing,,33.7M,http://www.hobartbrothers.com
HOHMAN PLATING,,,51-200,Aviation and Aerospace Component Manufacturing,,128.7M,http://www.hohmanplating.com
HOLLYWOOD FEED,,,440,Retail,,26000000,http://www.hollywoodfeed.com
HOME APPLIANCE SALES & SERVICE,,,99,Retail,,87930000,http://www.yourhomeappliance.com
HOME CITY ICE,,,"1,001-5,000",Manufacturing,,55M,http://www.homecityice.com
HOMEDICS,,,201-500,Manufacturing,,436.2M,http://www.homedics.com/
HOMETOWN PHARMACY,,,"501-1,000",Pharmaceutical Manufacturing,,98.5M,http://www.hometownpharmacyrx.com/
HORIZONS,,,51-200,Defense & Space,,189.3M,http://horizons-inc.com/
HORSBURGH & SCOTT,,,51-200,Machinery Manufacturing,,38.5M,http://www.horsburgh-scott.com
HOSE MASTER,,,201-500,Industrial Machinery Manufacturing,,135.8M,https://www.hosemaster.com
HOUSE OF FLAVORS,,,201-500,Food and Beverage Manufacturing,,31397000,http://www.houseofflavors.com
HOVERTECH INTERNATIONAL,,Pennsylvania,66,medical devices,,100000000,hovermatt.com
HOWARD MILLERÂ® & HEKMANÂ® FURNISHINGS,,,94,Furniture and Home Furnishings Manufacturing,,75000000,howardmiller.com
HOWARD TERNES PACKAGING CO,,Michigan,130,Packaging & Containers,,$25.0M,ternespkg.com
"HR PHARMACEUTICALS, INC",,Pennsylvania,110,medical devices,,25000000,hrpharma.com
HRI,,Pennsylvania,230,Construction,,445600000,hriinc.com
HRST,,Minnesota,67,Mechanical Or Industrial Engineering,,33500000,hrstinc.com
HUGHES-PETERS,,,88,electrical/electronic manufacturing,,40396000,http://www.hughespeters.com
HUI MANUFACTURING,,Wisconsin,230,machinery,,43000000,huimfg.com
HUMANETICS,,,"501-1,000",Motor Vehicle Manufacturing,,30M,https://www.humaneticsgroup.com
HUMPHREY PRODUCTS,,,201-500,"Appliances, Electrical, and Electronics Manufacturing",,57.2M,http://www.humphrey-products.com
"HURCO COMPANIES, INC.",,Indiana,250,Machinery Manufacturing,,250810000,hurco.com
HUSCO,,,"1,001-5,000",Industrial Machinery Manufacturing,,451M,http://www.husco.com
HUTCHINSON TECHNOLOGY INC.,,Minnesota,920,"Appliances, Electrical, and Electronics Manufacturing",,234649000,htch.com
HVAC DISTRIBUTORS,,,51-200,Wholesale,,48M,http://www.hvacdist.com
HYDRAFORCE,,,"1,001-5,000",Industrial Machinery Manufacturing,,220.0M,http://www.hydraforce.com
HY-KO PRODUCTS,,,51-200,Manufacturing,,35M,https://www.hy-ko.com/
HYPERION MATERIALS & TECHNOLOGIES,,,"1,001-5,000",Industrial Machinery Manufacturing,,389.4M,http://www.HyperionMT.com
HYPRO INC.,,Wisconsin,230,machinery,,75000000,hypro.com
IBCC INDUSTRIES,,,"501-1,000",Industrial Machinery Manufacturing,,76.2M,http://www.ibccind.com/
"IBCC INDUSTRIES, INC.",,,"501-1,000",Industrial Machinery Manufacturing,,76.2M,http://www.ibccind.com/
ICE HOUSE AMERICA,,,52,Retail,,30200000,http://www.icehouseamerica.com
ICE INDUSTRIES,,,"501-1,000",Manufacturing,,130.9M,http://www.iceindustries.com
ID IMAGES,,,201-500,Printing Services,,41.8M,http://www.idimages.com
IDEAL AEROSMITH INC.,,North Dakota,91,electrical/electronic manufacturing,,$25.0M,ideal-aerosmith.com
IDEAL ELECTRIC COMPANY,,,100,electrical/electronic manufacturing,,75000000,http://www.theidealelectric.com
IDESIGN,,,201-500,Manufacturing,,215M,https://www.idesignlivesimply.com/
IDI COMPOSITES INTERNATIONAL,,Indiana,160,plastics,,328700000,idicomposites.com
IDI DISTRIBUTORS,,,201-500,Wholesale Building Materials,,88.5M,https://www.idi-insulation.com
IDX CORPORATION,,Michigan,540,Mechanical Or Industrial Engineering,,365000000,idxcorporation.com
IGPS LOGISTICS,,,140,logistics & supply chain,,100000000,http://www.igps.net
IKIO LED LIGHTING,,Indiana,120,electrical/electronic manufacturing,,27900000,ikioledlighting.com
ILLING PACKAGING,,,51-200,Packaging and Containers Manufacturing,,46.4M,https://www.illingcompany.com/
"ILPEA INDUSTRIES, INC.",,Indiana,260,Plastics Manufacturing,,40084000,ilpeaindustries.com
ILSCO,,,260,electrical/electronic manufacturing,,250000000,http://www.ilsco.com
IMI PBM,,Pennsylvania,150,Mechanical Or Industrial Engineering,,356000000,pbmvalve.com
IMMI,,Indiana,750,Automotive,,533000000,imminet.com
IMPERIAL BEVERAGE,,,201-500,Wine & Spirits,,33673000,http://imperialbeverage.com/
IMPERIAL CLINICAL RESEARCH SERVICES,,Michigan,90,Pharmaceutical Manufacturing,,55000000,imperialcrs.com
INCERTEC,,Minnesota,77,machinery,,$25.0M,incertec.com
INDELCO PLASTICS CORPORATION,,Minnesota,79,plastics,,$47.0M,indelco.com
INDEPENDENT PHARMACY COOPERATIVE,,,51-200,Pharmaceutical Manufacturing,,30.8M,http://www.ipcrx.com
INDEPENDENT PHARMACY COOPERATIVE (IPC),,,51-200,Pharmaceutical Manufacturing,,30.8M,http://www.ipcrx.com
INDIANA CARTON COMPANY,,Indiana,52,Packaging & Containers,,$33.4M,indianacarton.com
INDIANA TUBE CORPORATION,,Indiana,59,mining & metals,,31300000,indianatube.com
"INDUSTRIAL MAGNETICS, INC.",,Michigan,66,machinery,,29100000,magnetics.com
INDUSTRIAL SCIENTIFIC,,,680,electrical/electronic manufacturing,,182000000,http://www.indsci.com
INFINITY MACHINE AND ENGINEERING,,Wisconsin,76,machinery,,51324000,infinitymec.com
INFUSYSTEM,,,201-500,Medical Equipment Manufacturing,,107.6M,http://www.infusystem.com
INLAND,,,201-500,Packaging and Containers Manufacturing,,31.2M,http://www.inlandpackaging.com
INNOTEC,,,201-500,Motor Vehicle Manufacturing,,69000000,http://www.innotecgroup.com
INNOVATIVE SOLUTIONS & SUPPORT,,,110,Aviation & Aerospace,,29079000,innovative-ss.com
INNOVIZE,,Minnesota,140,medical devices,,37400000,innovize.com
INOAC USA,,,"1,001-5,000",Plastics Manufacturing,,300M,http://www.inoacusa.com
INOLEX,,,51-200,Personal Care Product Manufacturing,,500M,http://www.inolex.com
"INOVISION, INC.",,Michigan,69,Automation Machinery Manufacturing,,27200000,inovision.com
INPRO,,,"501-1,000",Wholesale Building Materials,,146.1M,https://www.inprocorp.com
INSOLVES,,,83,electrical/electronic manufacturing,,25000000,http://www.insolves.com
INSPIRE MEDICAL SYSTEMS,,Minnesota,990,medical devices,,570190000,inspiresleep.com
INTEGRATED PACKAGING MACHINERY,,,51-200,Automation Machinery Manufacturing,,43.2M,http://www.callipm.com
INTERCOMP COMPANY,,,66,"Appliances, Electrical, and Electronics Manufacturing",,25700000,intercompcompany.com
INTEREUM,,,180,Furniture and Home Furnishings Manufacturing,,61700000,intereum.com
INTERKAL,,Michigan,62,Construction,,27800000,interkal.com
INTERMATIC,,,"501-1,000","Appliances, Electrical, and Electronics Manufacturing",,300M,http://www.Intermatic.com
INTERNATIONAL AUTOS GROUP,,,201-500,Motor Vehicle Manufacturing,,40M,http://www.iaautogroup.com
INTERNATIONAL DIAMOND CENTER,,,100,Retail,,36056000,http://www.shopidc.com
INTERNATIONAL THERMAL SYSTEMS,,,51-200,Machinery Manufacturing,,43.5M,http://www.internationalthermalsystems.com
INTERPLASTIC,,,201-500,Chemical Manufacturing,,30.4M,http://www.interplastic.com
INTERPLASTIC CORPORATION,,,340,Chemical Manufacturing,,150000000,interplastic.com
INTERVALA,,,201-500,"Appliances, Electrical, and Electronics Manufacturing",,59.3M,http://www.intervala.com
INTRICON CORPORATION,,Minnesota,250,medical devices,,139990000,intricon.com
INVOTEC,,,51-200,Automation Machinery Manufacturing,,42.2M,https://www.invotec.com
IRISO USA,,Michigan,58,electrical/electronic manufacturing,,324800000,irisoconnectors.com
IROQUOIS INDUSTRIES,,Michigan,180,Automotive,,249500000,iroquoisind.com
IRWIN SEATING,,,201-500,Furniture and Home Furnishings Manufacturing,,155M,http://www.irwinseating.com
ITAMCO,,Indiana,89,mining & metals,,30800000,itamco.com
ITC INCORPORATED,,Michigan,170,electrical/electronic manufacturing,,$133M,itc-us.com
ITW EAE,,Minnesota,250,electrical/electronic manufacturing,,66700000,itweae.com
ITW FOOD EQUIPMENT GROUP,,,290,electrical/electronic manufacturing,,266600000,http://www.itwfoodequipment.com
IVI INC.,,Wisconsin,59,machinery,,$28.9M,ivinc.com
J.W. SPEAKER CORPORATION,,,201-500,"Appliances, Electrical, and Electronics Manufacturing",,100.4M,http://www.jwspeaker.com/
JAC PRODUCTS,,,"1,001-5,000",Motor Vehicle Manufacturing,,32.4M,http://www.jacproducts.com
JACK LINK'S PROTEIN SNACKS,,,"1,001-5,000",Manufacturing,,62.6M,http://www.jacklinks.com
JAECKLE DISTRIBUTORS,,,51-200,Wholesale,,64M,http://www.jaeckledistributors.com
JARRETT,,,170,logistics & supply chain,,119400000,http://www.gojarrett.com
JAYCO,,Indiana,890,Automotive,,507300000,jaycofamily.com
JBC TECHNOLOGIES,,,51-200,Manufacturing,,54.3M,http://www.jbc-tech.com
JBM PACKAGING,,,51-200,Packaging and Containers Manufacturing,,35.3M,http://www.jbmpackaging.com
JEDCO,,,201-500,Aviation and Aerospace Component Manufacturing,,31.2M,http://jedinc.com
JEFFERS,,,86,Retail,,29944000,http://www.jefferspet.com
JEGS PERFORMANCE,,,210,Retail,,100000000,http://www.jegs.com
JEM TECHNICAL,,Minnesota,79,machinery,,$25.0M,jemtechnical.com
JENI'S SPLENDID ICE CREAMS,,,"1,001-5,000",Food and Beverage Manufacturing,,95.7M,http://jenis.com
JENNMAR,,Pennsylvania,4000,mining & metals,,$204M,jennmar.com
JET EDGE INTERNATIONAL,,,201-500,Aviation and Aerospace Component Manufacturing,,100M,https://www.flyjetedge.com/
JEWELRY TELEVISION,,,910,Retail,,397924000,http://www.jtv.com
JIFFY,,,201-500,Food and Beverage Manufacturing,,35M,http://www.jiffymix.com
JL AUDIO,,,330,electrical/electronic manufacturing,,131250000,http://www.jlaudio.com
JOHNSON-LANCASTER AND ASSOCIATES,,,110,Retail,,27361000,http://www.johnson-lancaster.com
JONES SIGN,,Wisconsin,370,Construction,,135800000,jonessign.com
JONTI-CRAFT,,,77,Furniture,,71000000,jonti-craft.com
JOURNEY GROUP,,South Dakota,98,Construction,,150000000,journeyconstruction.com
JOYCE DAYTON,,,51-200,Machinery Manufacturing,,44.4M,http://www.joycedayton.com
JR AUTOMATION,,,1700,Industrial Machinery Manufacturing,,600000000,jrautomation.com
JTM FOOD,,,"501-1,000",Food and Beverage Manufacturing,,155.2M,http://www.jtmfoodgroup.com
JUNGLE JIM'S INTERNATIONAL MARKET,,,340,Retail,,34289000,http://www.junglejims.com
JUST BORN,,,"501-1,000",Food and Beverage Manufacturing,,243M,http://www.justborn.com
JUST GOT 2 HAVE IT !,,,67,Retail,,39886000,http://www.justgot2haveit.com
JWF INDUSTRIES,,Pennsylvania,170,machinery,,$108.2M,jwfi.com
K&G FASHION SUPERSTORE,,,760,Retail,,318363000,http://www.kgstores.com
KAHLER AUTOMATION,,Minnesota,59,machinery,,31782000,kahlerautomation.com
KANE INNOVATIONS,,Pennsylvania,53,mining & metals,,35000000,kaneinnovations.com
KAPCO,,,201-500,Plastics Manufacturing,,81.5M,http://www.kapco.com
KAPCO METAL STAMPING,,,201-500,Mechanical Or Industrial Engineering,,97.5M,http://www.kapcoinc.com/
KATUN,,,390,Retail,,75400000,http://www.katun.com
KAYSUN CORPORATION,,,201-500,Plastics Manufacturing,,33.2M,http://www.kaysun.com
KC JONES PLATING,,,51-200,Motor Vehicle Manufacturing,,44215000,http://www.kcjplating.com
KEH,,,220,Retail,,30000000,http://www.keh.com
KEITHLEY INSTRUMENTS,,,201-500,"Appliances, Electrical, and Electronics Manufacturing",,44.2M,http://www.keithley.com/
KELPAC MEDICAL,,Minnesota,580,medical devices,,120000000,kelpacmedical.com
KENALL LIGHTING,,,201-500,"Appliances, Electrical, and Electronics Manufacturing",,35.7M,http://www.kenall.com
KENAN ADVANTAGE GROUP,https://www.linkedin.com/company/82488,,1119,Transportation/Trucking/Railroad,,250000000,
KENDALL PACKAGING,,Wisconsin,73,Packaging & Containers,,$26M,kendallpkg.com
KENDRICK PLASTICS,,Michigan,92,Automotive,,76100000,kendrickplastics.com
KENNEDY TANK AND MANUFACTURING,,Indiana,70,Mechanical Or Industrial Engineering,,26000000,kennedytank.com
KENT DISPLAYS,,,73,electrical/electronic manufacturing,,28301000,http://www.kentdisplays.com
KENT QUALITY FOODS,,,51-200,Food and Beverage Manufacturing,,35M,http://www.kqf.com
KENWAL STEEL,,,201-500,Mining,,251.2M,http://www.kenwal.com
KEYSTONE POWDERED METAL,,,201-500,Motor Vehicle Manufacturing,,100M,http://keystonepm.com
KI,,,"1,001-5,000",Furniture and Home Furnishings Manufacturing,,209M,http://www.ki.com
KI MOBILITY,,,201-500,Medical Equipment Manufacturing,,52.9M,http://www.kimobility.com
KICHLER LIGHTING,,,201-500,Manufacturing,,450M,http://www.kichler.com
KILWINS CHOCOLATES FRANCHISE,,,51-200,Food and Beverage Manufacturing,,50000000,http://www.kilwins.com
KINETICO,,,201-500,Manufacturing,,218M,http://www.kinetico.com
KINEX MEDICAL COMPANY,,Wisconsin,170,medical devices,,65300000,kinexmedical.com
KING BUSINESS INTERIORS,,,51-200,Furniture and Home Furnishings Manufacturing,,$33.8M,https://www.kbiinc.com/
"KINGSBURY, INC.",,Pennsylvania,200,machinery,,48500000,kingsbury.com
KIP,,,51-200,Retail Office Equipment,,37.5M,http://www.kip.com
KLEEN TEST PRODUCTS CORPORATION,,,"501-1,000",Manufacturing,,300M,http://www.kleentest.com
KLN FAMILY BRANDS,,,109,Mechanical Or Industrial Engineering,,354300000,klnfamilybrands.com
KLOSTERMAN BAKING,,,"501-1,000",Food and Beverage Manufacturing,,245M,http://www.klostermanbakery.com
KMC CONTROLS,,,180,electrical/electronic manufacturing,,72000000,http://www.kmccontrols.com
KNAPE & VOGT MANUFACTURING,,,"1,001-5,000",Manufacturing,,46497000,http://www.knapeandvogt.com
KNIGHT GLOBAL,,Michigan,130,machinery,,25000000,knightglobal.com
KNOTT BRAKE,,,51-200,Motor Vehicle Manufacturing,,30.5M,http://www.knottbrake.com
KNOUSE FOODS,,,"1,001-5,000",Food and Beverage Manufacturing,,45.3M,http://www.knouse.com
KOENIG EQUIPMENT,,,201-500,Oil and Gas,,43.0M,http://www.koenigequipment.com
KONDEX CORPORATION,,,120,Industrial Machinery Manufacturing,,27900000,kondex.com
KOOPS AUTOMATION SYSTEMS,,,201-500,Automation Machinery Manufacturing,,31.6M,http://www.koops.com
KRB MACHINERY COMPANY,,Pennsylvania,57,Construction,,26090000,krbmachinery.com
"KROFF, INC.",,,84,Chemical Manufacturing,,60000000,kroff.com
KRYSTAL BIOTECH,,,51-200,Biotechnology,,70.9M,http://www.krystalbio.com/
KURT J. LESKER,,,201-500,Semiconductor Manufacturing,,220M,http://www.lesker.com
KURTZ BROS.,,,51-200,Manufacturing,,31.1M,http://www.kurtz-bros.com
KYOCERA SGS,,,"5,001-10,000",Industrial Machinery Manufacturing,,55M,http://www.kyocera-sgstool.com
L & S ELECTRIC,,,201-500,Automation Machinery Manufacturing,,63.2M,https://www.lselectric.com
L&L PRODUCTS,,,"1,001-5,000",Automotive,,150M,http://www.llproducts.com
LA-CO INDUSTRIES,,,51-200,Chemical Manufacturing,,32M,https://www.lacoindustries.com
LAFORCE,,,"501-1,000",Construction,,162.3M,http://www.laforceinc.com
LAFRANCE,,,"501-1,000",Manufacturing,,75M,http://www.lafrancecorp.com
LAIRD CONNECTIVITY,,,51-200,Computers and Electronics Manufacturing,,56.4M,http://www.lairdconnect.com
LAKE SHORE CRYOTRONICS,,,170,electrical/electronic manufacturing,,25000000,http://www.lakeshore.com
LAKESIDE FOODS,,,"1,001-5,000",Food and Beverage Manufacturing,,300M,http://lakesidefoods.com
LAMINATIONS,,Wisconsin,96,Packaging & Containers,,$32.2M,laminationsonline.com
LANDAAL PACKAGING SYSTEMS,,Michigan,78,Packaging & Containers,,$50.0M,landaal.com
LANDSCAPE FORMS,,,201-500,Furniture and Home Furnishings Manufacturing,,81.9M,http://www.landscapeforms.com
LANE BRYANT,,,4000,Retail,,380000000,http://www.lanebryant.com
LANNETT COMPANY,,,"1,001-5,000",Pharmaceutical Manufacturing,,308.5M,http://www.lannett.com
LANTECH,,,201-500,Machinery Manufacturing,,242.9M,http://www.lantech.com
LASER MECHANISMS,,Michigan,71,Semiconductors,,$34.5M,lasermech.com
LASKO PRODUCTS,,,"501-1,000",Manufacturing,,130M,http://www.lasko.com
"LAVELLE INDUSTRIES, INC.",,Wisconsin,500,Manufacturing,,153600000,lavelle.com
LB WHITE COMPANY,,Wisconsin,76,Machinery Manufacturing,,$53.0M,lbwhite.com
LDV,,Wisconsin,110,Automotive,,126300000,ldvusa.com
LEBANON SEABOARD,,,201-500,Manufacturing,,215.7M,http://www.lebsea.com
LEE INDUSTRIES,,,201-500,Machinery Manufacturing,,50M,http://www.leeind.com/
LEER GROUP,,Indiana,300,Automotive,,600000000,leer.com
LEGACY INDUSTRIES,,,140,Automation Machinery Manufacturing,,56900000,legacy-ind.com
LENEX STEEL COMPANY,,Indiana,55,Construction,,27000000,lenexsteel.com
LENOX,,,201-500,Manufacturing,,400M,http://www.lenox.com
LESCO DESIGN & MANUFACTURING,,Kentucky,89,Industrial Automation,,25000000,lescodesign.com
LESTER BUILDING SYSTEMS,,Minnesota,130,Construction,,39000000,lesterbuildings.com
LESTER SALES COMPANY,,Indiana,63,electrical/electronic manufacturing,,25000000,lestersalesco.com
LEVENGER COMPANY,,,96,Retail,,45000000,http://www.levenger.com
LEWCO,,,51-200,Machinery Manufacturing,,31.9M,http://www.lewcoinc.com
LIBRA INDUSTRIES,,,201-500,"Appliances, Electrical, and Electronics Manufacturing",,40M,http://www.libraindustries.com
LIFECORE BIOMEDICAL,,Minnesota,270,Pharmaceuticals,,185800000,lifecore.com
LIFESCAN,,Pennsylvania,2083,medical devices,,501400000,lifescan.com
LIGHTCORP,,Michigan,54,electrical/electronic manufacturing,,$30M,lightcorp.com
LINCOLN ELECTRIC,https://www.linkedin.com/company/10281,,5001,machinery,,328600000,lincolnelectric.com
LINCOLN ELECTRIC HOLDINGS INC.,https://www.linkedin.com/company/10281,Ohio,5001,machinery,,328600000,lincolnelectric.com
LINDAR CORPORATION,,Minnesota,68,plastics,,$35M,lindarcorp.com
LINK ENGINEERING,,,"501-1,000",Industrial Machinery Manufacturing,,162.9M,http://www.linkeng.com
"LIPHATECH, INC.",,,74,Chemical Manufacturing,,52000000,liphatech.com
LITTFIN LUMBER,,Minnesota,61,Construction,,50000000,littfintruss.com
LITTLE RAPIDS CORPORATION,,,201-500,Paper and Forest Product Manufacturing,,87.4M,http://www.littlerapids.com
LITTLE TIKES,,,"1,001-5,000",Manufacturing,,450M,http://www.littletikes.com
LLFLEX,,Kentucky,78,Packaging & Containers,,$120.0M,llflex.com
LNS NORTH AMERICA,,,"501-1,000",Machinery Manufacturing,,41.8M,http://www.LNS-northamerica.com
LOC PERFORMANCE,,,"501-1,000",Manufacturing,,120M,http://www.locperformance.com
LOCK JOINT TUBE,,Indiana,170,Manufacturing,,25000000,ljtube.com
LOGAN ALUMINUM,,Kentucky,760,mining & metals,,228900000,logan-aluminum.com
LOMAR MACHINE & TOOL COMPANY,,Michigan,62,machinery,,$25.6M,lomar.com
LORDSTOWN MOTORS,,,"501-1,000",Motor Vehicle Manufacturing,,187.1M,http://www.lordstownmotors.com
LOUISVILLE LADDER,,Kentucky,500,Mechanical Or Industrial Engineering,,320000000,louisvilleladder.com
LOWELL INC.,,Minnesota,61,medical devices,,30037000,lowellinc.com
LSI INDUSTRIES,,,"1,001-5,000","Appliances, Electrical, and Electronics Manufacturing",,455.1M,http://www.lsicorp.com
LUTRON ELECTRONICS,,,2800,"Appliances, Electrical, and Electronics Manufacturing",,210000000,lutron.com
M8 PHARMACEUTICALS,,,201-500,Pharmaceutical Manufacturing,,258M,http://www.m8pharmaceuticals.com
MAC PAPERS AND PACKAGING,,,"501-1,000","Transportation, Logistics, Supply Chain and Storage",,469.7M,https://www.macpapers.com
MAC TOOLS,,,201-500,Motor Vehicle Manufacturing,,115.5M,http://www.mactools.com
MAC VALVES,,,"501-1,000",Automation Machinery Manufacturing,,300M,http://www.macvalves.com
MACTAC,,,"501-1,000",Chemical Manufacturing,,339M,http://www.mactac.com
MADISON-KIPP CORPORATION,,,201-500,Motor Vehicle Manufacturing,,37.0M,http://madison-kipp.com
MAGIC LEAP,,,1400,electrical/electronic manufacturing,,185000000,http://www.magicleap.com
MAGNA MACHINE CO.,,,51-200,Machinery Manufacturing,,40.6M,https://www.magna-machine.com/
MAGNUM MAGNETICS,,,201-500,Consumer Goods,,59M,http://www.magnummagnetics.com
MAJOR TOOL & MACHINE,,Indiana,240,Defense & Space,,89000000,majortool.com
MALCO PRODUCTS,,,201-500,Chemical Manufacturing,,96.9M,http://www.malcopro.com
MAMMOTOME,,,"501-1,000",Medical Equipment Manufacturing,,170M,http://www.mammotome.com
MANITOWOC TOOL & MACHINING,,,201-500,Machinery Manufacturing,,48.6M,http://www.mantool.com
MANSFIELD PLUMBING,,,"501-1,000",Building Materials,,51.8M,http://www.mansfieldplumbing.com
MANUFACTURING TECHNOLOGY,,,201-500,Machinery Manufacturing,,40M,http://www.MTIwelding.com
MARCHANT SCHMIDT,,Wisconsin,110,machinery,,35500000,marchantschmidt.com
MARION BODY WORKS,,,201-500,Motor Vehicle Manufacturing,,54.4M,https://www.marionbody.com
MARION TOOL & DIE,,Indiana,63,Aviation & Aerospace,,27980000,mariontool.com
MARKING SERVICES,,Wisconsin,360,Construction,,67900000,markserv.com
MARMON/KEYSTONE,,,201-500,Mining,,307.5M,http://www.marmonkeystone.com
MARSH ELECTRONICS,,,51-200,"Appliances, Electrical, and Electronics Manufacturing",,180M,http://www.marshelectronics.com
MARTIN CALIBRATION INC.,,Minnesota,55,machinery,,$68.3M,martincalibration.com
MARXMODA,,,67,Furniture and Home Furnishings Manufacturing,,60600000,marxmoda.com
MASTER FLUID SOLUTIONS,,,201-500,Chemical Manufacturing,,125M,https://www.masterfluids.com
"MASTERMOLD, LLC",,Wisconsin,94,plastics,,$54.0M,mastermoldllc.com
MASTERS PHARMACEUTICAL,,,201-500,Pharmaceutical Manufacturing,,36.2M,http://www.MastersRx.com
MASTERSON FOODS,,,51-200,Food & Beverages,,32.2M,http://www.mastersonfoods.com
MATENAER CORPORATION,,Wisconsin,55,machinery,,44800000,matenaer.com
MATRIC LIMITED,,,201-500,"Appliances, Electrical, and Electronics Manufacturing",,81.4M,http://www.matric.com/
MATRIX DESIGN GROUP,,,81,electrical/electronic manufacturing,,29419000,http://www.matrixteam.com
MAYCO INTERNATIONAL,,Michigan,550,Automotive,,52100000,maycointernational.com
MAYFRAN INTERNATIONAL,,,201-500,Automation Machinery Manufacturing,,150M,http://www.mayfran.com
MAYSTEEL INDUSTRIES,,,"501-1,000",Industrial Machinery Manufacturing,,112.5M,http://www.maysteel.com
MAZZELLA COMPANIES,,,"501-1,000",Automation Machinery Manufacturing,,320M,http://www.mazzellacompanies.com
MBW,,Wisconsin,79,Construction,,53637000,mbw.com
MC ASSEMBLY,,,230,electrical/electronic manufacturing,,600000000,http://www.mcati.com
MC TANK TRANSPORT,https://www.linkedin.com/company/1900799,Louisiana,76,Transportation/Trucking/Railroad,,50000000,mctank.com
MCC SOLUTIONS,,,120,Retail,,39430000,http://www.mccsolutions.net
MCE,,,201-500,Automation Machinery Manufacturing,,34.2M,http://www.mceautomation.com
MCGREGOR METAL,,,201-500,Industrial Machinery Manufacturing,,43M,http://www.mcgregormetal.com
MCLANAHAN,,,201-500,Machinery Manufacturing,,88.4M,http://www.mclanahan.com
MCMILLAN ELECTRIC COMPANY,,,201-500,"Appliances, Electrical, and Electronics Manufacturing",,70.1M,http://www.mcmillanelectric.com
MCNEILUS TRUCK AND MANUFACTURING,,Minnesota,570,Automotive,,142000000,mcneiluscompanies.com
MCSWAIN CARPETS & FLOORS,,,120,Retail,,49901000,http://www.mcswaincarpets.com
MDESIGN,,,201-500,Consumer Goods,,32.1M,https://mdesignhomedecor.com/
"MEC (MAYVILLE ENGINEERING COMPANY, INC.)",,,"1,001-5,000",Industrial Machinery Manufacturing,,478.5M,http://www.mecinc.com
MEDARTIS,,Indiana,94,medical devices,,166900000,medartisusa.com
MENASHA PACKAGING,,,"1,001-5,000",Packaging and Containers Manufacturing,,387.3M,http://www.menasha.com
MERCHANTS FOODSERVICE,,,"501-1,000",Food and Beverage Services,,311.6M,http://merchantsfoodservice.com
MERCURY PLASTICS,,,201-500,Plastics Manufacturing,,75M,https://www.mercury-plastics.com
MERIDIAN BIOSCIENCE,,,"501-1,000",Medical Equipment Manufacturing,,333M,http://www.meridianbioscience.com
MERRILL,,,201-500,Defense and Space Manufacturing,,91M,http://www.MERRILLtg.com
MERRILL STEEL,,,201-500,Fabricated Metal Products,,37.5M,http://www.merrillsteel.com/
"MES, INC",,,51-200,Motor Vehicle Manufacturing,,116.1M,http://www.mesinc.net
MESSER CUTTING SYSTEMS,,,"501-1,000",Machinery Manufacturing,,45M,http://www.messer-cutting.com
METAL CRAFT AND RIVERSIDE MACHINE & ENGINEERING,,Minnesota,160,Aviation & Aerospace,,80000000,mcandrs.com
"METALCRAFT OF MAYVILLE, INC.",,,"501-1,000",Industrial Machinery Manufacturing,,53.4M,http://www.mtlcraft.com
METALTEK INTERNATIONAL,,Wisconsin,520,mining & metals,,210700000,metaltek.com
METALWORKING,,,51-200,Machinery Manufacturing,,63M,http://www.metalworkinggroup.com
METZGERS PRINTING & MAILING,,,51-200,Printing Services,,30M,http://www.metzgers.com
MFP AUTOMATION ENGINEERING,,,51-200,Automation Machinery Manufacturing,,51.1M,http://www.mifp.com
MGS MFG. GROUP,,,"1,001-5,000",Plastics Manufacturing,,240M,http://www.mgsmfg.com
MICELI DAIRY,,,201-500,Food and Beverage Manufacturing,,72.4M,http://www.miceli-dairy.com
MICHELMAN,,,201-500,Chemical Manufacturing,,225M,http://www.michelman.com
MICHIGAN SUGAR,,,"1,001-5,000",Food and Beverage Manufacturing,,46.6M,http://www.michigansugar.com
MICHIGAN TURKEY PRODUCERS,,,"501-1,000",Food and Beverage Manufacturing,,46.0M,https://www.miturkey.com
MICKEY THOMPSON TIRES,,,51-200,Motor Vehicle Manufacturing,,32.1M,http://www.mickeythompsontires.com
MICRO CONTROL COMPANY,,,120,"Appliances, Electrical, and Electronics Manufacturing",,58000000,microcontrol.com
MICRODENTAL LABORATORIES,,,201-500,Medical Device,,45450000,http://www.microdental.com
MICROMATIC LLC,,Indiana,56,machinery,,40000000,micromaticllc.com
MICROMERITICS INSTRUMENT,,,300,electrical/electronic manufacturing,,30000000,http://www.micromeritics.com
MICROMETL CORPORATION,,Indiana,180,machinery,,$341.6M,micrometl.com
MICROPOISE,,,201-500,Measuring and Control Instrument Manufacturing,,48.2M,http://www.micropoise.com
MICRO-POISE MEASUREMENT,,,120,electrical/electronic manufacturing,,48159000,http://www.micropoise.com
MICROPULSE,,Indiana,170,medical devices,,36569000,micropulseinc.com
MICRO-TECH ENDOSCOPY,,Michigan,140,medical devices,,25000000,mtendoscopy.com
MIDMARK,,,"1,001-5,000",Medical Equipment Manufacturing,,500M,http://www.midmark.com
MIDWAY PRODUCTS GROUP,,Michigan,280,Automotive,,405500000,midwayproducts.com
MIDWEST INDUSTRIAL SUPPLY,,,51-200,Chemical Manufacturing,,58.9M,https://www.midwestind.com
MIDWESTERN AUTO GROUP,,,201-500,Motor Vehicle Manufacturing,,52M,http://www.magcars.com
MIDWESTERN PET FOODS,,Indiana,150,Mechanical Or Industrial Engineering,,80000000,midwesternpetfoods.com
"MILK SOURCE, LLC",,,"501-1,000",Dairy Product Manufacturing,,82.1M,http://www.milksource.com
MILLCRAFT,,,201-500,Paper and Forest Product Manufacturing,,55M,http://millcraft.com
MILLER ELECTRIC MFG. LLC,,,"1,001-5,000",Machinery Manufacturing,,380.2M,http://www.MillerWelds.com
MILLER FABRICATION SOLUTIONS,,,201-500,Machinery Manufacturing,,30.4M,http://www.millerfabricationsolutions.com
MILLER TRANSFER,https://www.linkedin.com/company/miller-transfer,,88,Transportation/Trucking/Railroad,,10000000,millertransfer.com
MILLERBERND,,,201-500,Construction,,30M,http://www.millerbernd.com
MILLER'S TEXTILE,,,51-200,Textile Manufacturing,,30.4M,http://www.millerstextile.com
MILSCO LLC,,,"501-1,000",Motor Vehicle Manufacturing,,300M,http://www.milsco.com
MILWAUKEE ELECTRONICS,,,"501-1,000","Appliances, Electrical, and Electronics Manufacturing",,70M,http://www.MilwaukeeElectronics.com
MILWAUKEE FORGE,,Wisconsin,56,machinery,,39979000,milwaukeeforge.com
"MIRACLE-EAR, INC.",,Minnesota,1300,medical devices,,100000000,miracle-ear.com
MITSUBISHI ELECTRIC POWER PRODUCTS,,,"1,001-5,000","Appliances, Electrical, and Electronics Manufacturing",,400M,http://www.meppi.com
MITSUBISHI ELECTRIC TRANE US,,,760,electrical/electronic manufacturing,,125000000,https://www.mitsubishicomfort.com/
MME GROUP INC.,,Minnesota,200,Plastics Manufacturing,,45500000,mmegroupinc.com
MODANI FURNITURE,,,110,Retail,,29724000,http://www.modani.com
MODELS & TOOLS,,,77,Aviation and Aerospace Component Manufacturing,,25200000,modelsandtools.com
MODERN,,,201-500,Machinery Manufacturing,,67.6M,http://www.moderngroup.com
MODERN OFFICE METHODS,,,200,Retail,,29878000,http://www.momnet.com
MODINEER,,,"1,001-5,000",Manufacturing,,115M,http://www.modineer.com
MOELLER AEROSPACE,,,"501-1,000",Aviation and Aerospace Component Manufacturing,,50M,https://www.moeller-aerospace.com
MOELLER PRECISION TOOL,,Michigan,110,machinery,,54400000,moellerprecisiontool.com
MOLDED FIBER GLASS COMPANIES,,,"1,001-5,000",Plastics Manufacturing,,200M,http://www.moldedfiberglass.com
MONROE TRUCK EQUIPMENT,,,"501-1,000",Motor Vehicle Manufacturing,,270M,http://www.monroetruck.com
MONTI,,,150,electrical/electronic manufacturing,,60000000,http://www.monti-inc.com
MORNINGSTAR CORPORATION,,Pennsylvania,52,electrical/electronic manufacturing,,25000000,morningstarcorp.com
MORRELL,,,51-200,Automation Machinery Manufacturing,,50M,http://www.morrell-group.com
MORRELL GROUP,,,170,Automation Machinery Manufacturing,,50000000,morrell-group.com
MOSSY OAK,,,180,Retail,,40816000,http://www.mossyoak.com
MOTION DYNAMICS CORPORATION,,Michigan,80,medical devices,,26000000,motiondc.com
MOTUS INTEGRATED,,,"1,001-5,000",Motor Vehicle Manufacturing,,40M,http://www.motusintegrated.com
MOUNTAIN HIGH OUTFITTERS,,,150,Retail,,26057000,http://www.mountainhighoutfitters.com
"MPI | MAGNETIC PRODUCTS, INC.",,Michigan,51,machinery,,25000000,mpimagnet.com
MPI PRODUCTS,,,"1,001-5,000",Motor Vehicle Manufacturing,,75000000,http://www.mpiproducts.com
MRPC,,,51-200,Medical Equipment Manufacturing,,48M,https://www.mrpcorp.com/
MRS. T'S PIEROGIES,,,201-500,Food Production,,68.5M,http://www.mrstspierogies.com
MS METAL SOLUTIONS,,Michigan,72,Machinery Manufacturing,,$35.6M,msmetalsolutions.com
MSSC,,,"501-1,000",Motor Vehicle Manufacturing,,109.1M,http://www.msscna.com
MTI,,,"501-1,000",Aviation and Aerospace Component Manufacturing,,52.5M,http://www.MTImotion.com
MUM INDUSTRIES,,,51-200,"Appliances, Electrical, and Electronics Manufacturing",,45M,http://www.mumindustries.com/
MUSASHI AMERICAS,,Michigan,300,Automotive,,148500000,musashiamericas.com
MUZA METAL PRODUCTS,,Wisconsin,98,mining & metals,,42000000,muzametal.com
MYERS EMERGENCY POWER SYSTEMS,,,51,"Appliances, Electrical, and Electronics Manufacturing",,32100000,myerseps.com
NABCO ENTRANCES,,Wisconsin,180,Construction,,75000000,nabcoentrances.com
NANOLUMENS,,,110,electrical/electronic manufacturing,,29000000,http://www.nanolumens.com
NANSHAN AMERICA,,Indiana,140,mining & metals,,70200000,nanshanusa.com
NASCO,,,210,Retail,,318300000,nascoeducation.com
NATIONAL BUSINESS FURNITURE,,,201-500,Furniture and Home Furnishings Manufacturing,,119.1M,https://www.nationalbusinessfurniture.com/
NATIONAL CENTER FOR DEFENSE MANUFACTURING & MACHINING (NCDMM),,Pennsylvania,51,Defense & Space,,$43M,ncdmm.org
NATIONAL ELECTRIC COIL,,,150,electrical/electronic manufacturing,,46427000,http://www.national-electric-coil.com
NATIONAL MACHINERY,,,201-500,Machinery Manufacturing,,44.2M,http://www.nationalmachinery.com/
NATIONAL OAK DISTRIBUTORS,,,201-500,Motor Vehicle Manufacturing,,97M,http://www.nationaloak.com
NATIONAL PRESTO INDUSTRIES,,,"501-1,000",Manufacturing,,308.0M,http://www.gopresto.com/
NATURAL LIFE,,,320,Retail,,29236000,http://www.naturallife.com
NATUS MEDICAL INCORPORATED,,,"1,001-5,000",Medical Equipment Manufacturing,,478.3M,http://www.natus.com
NAVISTAR DEFENSE,,,201-500,Defense and Space Manufacturing,,151M,http://www.NavistarDefense.com
NCC AUTOMATED SYSTEMS,,Pennsylvania,71,Industrial Automation,,118300000,nccas.com
NCP COATINGS,,,51-200,Chemical Manufacturing,,31.4M,http://www.ncpcoatings.com
ND INDUSTRIES,,,201-500,Automation Machinery Manufacturing,,42.3M,https://www.ndindustries.com
NDC TECHNOLOGIES,,,201-500,Automation Machinery Manufacturing,,86.5M,http://www.ndc.com
"NEENAH ENTERPRISES, INC.",,,"1,001-5,000",Manufacturing,,149.6M,http://www.groupnei.com
NEENAH FOUNDRY COMPANY,,Wisconsin,200,mining & metals,,214000000,groupnei.com
NEFF PACKAGING SOLUTIONS,,Kentucky,55,Packaging & Containers,,44000000,neffpackaging.com
NELSON GLOBAL,,,810,Industrial Machinery Manufacturing,,600000000,nelsongp.com
NEOCOIL,,Wisconsin,60,medical devices,,33400000,neocoil.com
NEPTUNE TECHNOLOGY GROUP,,,630,electrical/electronic manufacturing,,53781000,http://www.neptunetg.com
NEURONETICS,,,201-500,Medical Equipment Manufacturing,,65.2M,http://www.neurostar.com/
NEW BERLIN PLASTICS,,Wisconsin,70,plastics,,$36.9M,nbplastics.com
NEW HUDSON FACADES,,Pennsylvania,230,Construction,,28900000,newhudsonfacades.com
NEW PIG,,,"501-1,000",Manufacturing,,203.7M,http://www.newpig.com
NEW PLASTICS,,Wisconsin,80,plastics,,$27.5M,newplasticscorp.com
NEW STANDARD,,,201-500,Manufacturing,,70M,http://www.newstandard.com
NEWAGE INDUSTRIES,,,201-500,Plastics Manufacturing,,79.3M,http://www.newageindustries.com
NEXT LEVEL DISTRIBUTION,,,200,electrical/electronic manufacturing,,28071000,http://www.getnextlevel.com
NEXTEK,,,120,electrical/electronic manufacturing,,37000000,http://www.nextekinc.com
NEXTERN,,Minnesota,1000,medical devices,,81600000,nextern.com
NEXTHERMAL,,Michigan,70,machinery,,$25.8M,nexthermal.com
NGK SPARK PLUGS,,,"501-1,000",Motor Vehicle Manufacturing,,40000000,http://www.ngksparkplugs.com
NICO CORPORATION,,Indiana,94,medical devices,,25000000,niconeuro.com
NIDEC MINSTER,,,"501-1,000",Machinery Manufacturing,,148.5M,http://www.minster.com
NINE LINE APPAREL,,,120,Apparel & Fashion,,27106000,http://www.ninelineapparel.com
NITERRA NORTH AMERICA,,Michigan,190,Automotive,,40000000,ngksparkplugs.com
NIVEL,,,"501-1,000",Motor Vehicle Manufacturing,,210M,https://www.nivel.com
NMG AEROSPACE,,,201-500,Aviation and Aerospace Component Manufacturing,,87M,http://www.nmgaerospace.com
NOCO,,,201-500,Computers and Electronics Manufacturing,,149.3M,https://no.co/
NOKOMIS,,,64,Defense and Space Manufacturing,,58100000,nokomisinc.com
NORDCO,,,201-500,Railroad Equipment Manufacturing,,150M,http://www.nordco.com
NORDSON MEDICAL,,Minnesota,970,medical devices,,419400000,nordsonmedical.com
NORMAN NOBLE,,,"501-1,000",Medical Equipment Manufacturing,,75M,http://www.nnoble.com
NORTECH SYSTEMS,,Minnesota,380,Mechanical Or Industrial Engineering,,140803000,nortechsys.com
NORTH VERNON INDUSTRY CORP,,Indiana,89,Machinery Manufacturing,,$38.1M,nvic-cwt.com
NORTHERN ENGRAVING,,,"1,001-5,000",Printing Services,,80.8M,http://www.norcorp.com
"NORTHSTAR MEDICAL RADIOISOTOPES, LLC",,,201-500,Pharmaceutical Manufacturing,,62.8M,https://www.northstarnm.com
NORTHWIRE,,,51-200,"Appliances, Electrical, and Electronics Manufacturing",,41.3M,http://www.northwire.com
NORWOOD MEDICAL,,,"501-1,000",Medical Equipment Manufacturing,,60M,http://www.norwoodmedical.com
NOVATECH AUTOMATION,,,201-500,Utilities,,36M,http://www.novatechautomation.com
NOVIPAX,,,201-500,Packaging and Containers Manufacturing,,230M,http://www.novipax.com
NOVUM STRUCTURES,,Wisconsin,180,Construction,,180000000,novumstructures.com
NPS HOLDINGS,,,201-500,Paper and Forest Product Manufacturing,,63.4M,https://npsholdings.com
NTN DRIVESHAFT,,Indiana,798,machinery,,271600000,ntnamericas.com
NUAIRE,,,201-500,Research,,75M,http://www.nuaire.com
NUCRAFT,,,201-500,Furniture and Home Furnishings Manufacturing,,57.9M,http://www.nucraft.com
NUESKE'S MEATS,,,51-200,Food and Beverage Manufacturing,,40M,http://www.nueskemeats.com
NUK,,,201-500,Plastics Manufacturing,,43.1M,http://www.nuk-usa.com
NYX INC.,,Michigan,940,Automotive,,65000000,nyxinc.com
OBERG INDUSTRIES,,,"501-1,000",Industrial Machinery Manufacturing,,190.1M,http://www.oberg.com
OBERLIN FILTER COMPANY,,Wisconsin,57,machinery,,$30.0M,oberlinfilter.com
OCEAN INSIGHT,,,180,electrical/electronic manufacturing,,38425000,http://www.oceaninsight.com
OEC GRAPHICS,,,201-500,Printing Services,,45.5M,http://www.oecgraphics.com
OFS,,,1200,electrical/electronic manufacturing,,200000000,http://www.ofsoptics.com
OHIO CAT,,,"1,001-5,000",Machinery Manufacturing,,316.7M,http://www.ohiocat.com
OHIO MULCH,,,201-500,Paper and Forest Product Manufacturing,,$68.4M,http://www.ohiomulch.com/
OHMITE,,,201-500,"Appliances, Electrical, and Electronics Manufacturing",,135.8M,http://www.ohmite.com
OLD TIME POTTERY,,,390,Retail,,500000000,http://www.oldtimepottery.com
OLIVER HEALTHCARE PACKAGING,,,"501-1,000",Packaging and Containers Manufacturing,,31689000,http://www.oliverhcp.com
OLON RICERCA BIOSCIENCE,,,51-200,Pharmaceutical Manufacturing,,300M,http://www.olonricerca.com
OLYMPUS GROUP,,,201-500,Printing Services,,54.8M,http://www.olympusgrp.com
"OMEGA PLASTICS, INC.",,Michigan,54,plastics,,33000000,opinc.com
OMNI METALCRAFT,,,51-200,Automation Machinery Manufacturing,,40.8M,http://www.omni.com
OMNICABLE,,,201-500,"Appliances, Electrical, and Electronics Manufacturing",,48000000,http://www.omnicable.com
OMNISOURCE,,Indiana,860,mining & metals,,41875000,omnisource.com
OMT-VEYHL,,,190,Furniture and Home Furnishings Manufacturing,,115000000,omt-veyhl.com
OPTIMUM RV,,,130,Retail,,55600000,http://www.optimumrv.com
OPTINOSE,,,51-200,Pharmaceutical Manufacturing,,77.9M,http://www.optinose.com
ORASCOPTIC,,Wisconsin,150,medical devices,,27500000,orascoptic.com
ORASURE,,,"501-1,000",Medical Equipment Manufacturing,,387.5M,http://www.OraSure.com
ORBBEC,,,201-500,Computer Hardware Manufacturing,,32.1M,http://www.orbbec3d.com
ORBIS REUSABLE PACKAGING MANAGEMENT (RPM),,,1392,Packaging & Containers,,681200000,orbiscorporation.com
ORBUS,,,201-500,Wholesale,,89.2M,http://www.orbus.com
ORION ENERGY SYSTEMS,,,201-500,"Appliances, Electrical, and Electronics Manufacturing",,121.6M,http://www.orionlighting.com
ORLANDO BAKING,,,201-500,Food and Beverage Manufacturing,,48.3M,http://www.orlandobaking.com
ORT TOOL AND DIE,,Pennsylvania,55,machinery,,25000000,orttool.com
OSBORN,,,"1,001-5,000",Industrial Machinery Manufacturing,,34.2M,https://www.osborn.com/
OX INDUSTRIES,,,"501-1,000",Paper and Forest Product Manufacturing,,36.6M,http://www.oxindustries.com
"PACE INDUSTRIES, LLC",,Michigan,1100,mining & metals,,$192M,paceind.com
PACON CORPORATION,,,"501-1,000",Paper and Forest Product Manufacturing,,99.3M,http://www.pacon.com
PACUR LLC,,Wisconsin,77,plastics,,$150.0M,pacur.com
PALLET SERVICE CORPORATION,,Minnesota,51,Packaging & Containers,,$26.3M,palletservice.com
PALMER HOLLAND,,,51-200,Chemical Manufacturing,,126M,https://www.palmerholland.com
PALRAM AMERICAS,,,201-500,Plastics Manufacturing,,45.8M,https://www.palram.com/us
PAPER CONVERTING MACHINE COMPANY,,,"501-1,000",Machinery Manufacturing,,210M,http://www.pcmc.com
PAPER MACHINERY CORPORATION,,Wisconsin,150,machinery,,110000000,papermc.com
PAPERWORKS,,Pennsylvania,620,paper & forest products,,150000000,onepaperworks.com
PAR 4 PLASTICS,,Kentucky,70,plastics,,$45.6M,par4plastics.com
PARADIES LAGARDÈRE,,,2200,Retail,,345000000,http://www.paradieslagardere.com
PARAGON D&E,,,201-500,Aviation and Aerospace Component Manufacturing,,31.2M,https://paragonde.com
PARAGON MEDICAL,,Indiana,5000,medical devices,,550000000,paragonmedical.com
PARAGON METALS,,,201-500,Motor Vehicle Manufacturing,,51M,http://www.paragonmetals.com
PARK INDUSTRIES,,,247,machinery,,75900000,parkindustries.com
PARKER PLASTICS,,,153,plastics,,52100000,parker-plastics.com
PARKER'S,,,520,Retail,,492600000,http://www.parkerskitchen.com
PARTS EXPRESS,,,130,electrical/electronic manufacturing,,32093000,http://www.parts-express.com
PASLIN,,,"501-1,000",Automation Machinery Manufacturing,,100M,http://www.paslin.com
PECO PALLET,,,201-500,Truck Transportation,,200M,http://www.pecopallet.com
PEERLESS TECHNOLOGIES,,,201-500,Defense and Space Manufacturing,,100M,http://epeerless.com
PEI-GENESIS,,,"501-1,000","Appliances, Electrical, and Electronics Manufacturing",,282M,https://www.peigenesis.com
PEIRCE PHELPS,,,201-500,Wholesale,,206M,http://www.peirce.com
PENN COLOR,,,"501-1,000",Plastics Manufacturing,,121M,http://www.penncolor.com
PENN UNITED TECHNOLOGIES,,,"501-1,000",Machinery Manufacturing,,150M,http://www.pennunited.com
PENNAIR,,Pennsylvania,61,machinery,,27500000,pennair.com
PENNANT MOLDINGS,,,78,electrical/electronic manufacturing,,25000000,http://www.pennant-us.com
"PENNANT MOLDINGS, INC.",,,201-500,"Appliances, Electrical, and Electronics Manufacturing",,25M,http://www.pennant-us.com/
PENNSYLVANIA STEEL,,,201-500,Fabricated Metal Products,,300M,http://www.pasteel.com
PERLICK CORPORATION,,,201-500,Manufacturing,,42.2M,http://www.perlick.com
PERRYMAN COMPANY,,Pennsylvania,180,mining & metals,,$40.0M,perrymanco.com
PETER GLENN SKI AND SPORTS,,,110,Retail,,30000000,http://www.peterglenn.com
PETERSON SPRING,,,"501-1,000",Motor Vehicle Manufacturing,,191.7M,http://www.pspring.com
PETLAND RETAIL STORES,,,470,Retail,,35000000,http://www.petland.com
PETOSKEY PLASTICS,,,201-500,Plastics Manufacturing,,65000000,http://www.petoskeyplastics.com
PGA TOUR SUPERSTORE,,,1200,Retail,,36000000,http://www.pgatoursuperstore.com
PHASE TECHNOLOGIES,,South Dakota,58,electrical/electronic manufacturing,,$25.0M,phasetechnologies.com
PHOENIX PAPER WICKLIFFE LLC,,Kentucky,500,paper & forest products,,160000000,phoenixpaper.com
PIDC,,,51-200,Chemical Manufacturing,,105M,http://www.pidc.com
PILOT CHEMICAL,,,201-500,Chemical Manufacturing,,375M,http://www.pilotchemical.com
PINCH A PENNY POOL PATIO SPA,,,870,Retail,,387300000,http://www.pinchapenny.com
PINNACLE TECHNOLOGY GROUP,,Michigan,61,electrical/electronic manufacturing,,25000000,pinnacletec.com
PISTON AUTOMOTIVE,,Michigan,380,Automotive,,58000000,pistonautomotive.com
PIXELLE,,,"1,001-5,000",Paper and Forest Product Manufacturing,,35M,http://www.pixelle.com
PLACON CORPORATION,,,"501-1,000",Packaging and Containers Manufacturing,,190M,http://www.placon.com
PLAID ENTERPRISES,,,290,Retail,,32000000,http://www.plaidonline.com
PLASKOLITE,,,"1,001-5,000",Plastics Manufacturing,,348.4M,https://plaskolite.com/
PLASTIC INGENUITY,,,"501-1,000",Packaging and Containers Manufacturing,,90M,http://www.plasticingenuity.com
PLASTICS ENGINEERING COMPANY (PLENCO),,,201-500,Plastics Manufacturing,,72.7M,https://www.plenco.com
PLASTI-PAINT,,Michigan,59,plastics,,$28.0M,plastipaint.com
PLAYMONSTER,,,51-200,Manufacturing,,40M,http://www.playmonster.com
PMC SMART SOLUTIONS,,,51-200,Medical Equipment Manufacturing,,55M,https://www.pmcsmartsolutions.com
PNEUMATIC SCALE ANGELUS,,,"501-1,000",Machinery Manufacturing,,61.7M,https://psangelus.com/
POBLOCKI SIGN COMPANY,,Wisconsin,170,Construction,,42400000,poblocki.com
POINT MEDICAL CORPORATION,,Indiana,53,medical devices,,50967000,pointmedical.com
POLY VINYL CO.,,Wisconsin,51,plastics,,$44.1M,polyvinyl.com
POLYFLEX PRODUCTS,,Michigan,97,Packaging & Containers,,$25.0M,polyflexpro.com
POLYJOHN ENTERPRISES CORP.,,Indiana,71,plastics,,$100.0M,polyjohn.com
POOL AND SPA DEPOT,,,83,Retail,,51021000,http://www.poolandspadepot.com
PORTESCAP,,,"1,001-5,000","Appliances, Electrical, and Electronics Manufacturing",,105M,http://www.portescap.com
POST CONSUMER BRANDS,,Minnesota,1900,Mechanical Or Industrial Engineering,,438300000,postconsumerbrands.com
POST GLOVER RESISTORS,,,66,electrical/electronic manufacturing,,64736000,http://www.postglover.com
POTTERS INDUSTRIES,,Pennsylvania,1000,Mechanical Or Industrial Engineering,,37300000,pottersindustries.com
POWDER COTE II,,,130,Chemical Manufacturing,,51620000,powdercoteii.com
POWER,,,190,electrical/electronic manufacturing,,170500000,http://www.powerpartners-usa.com
POWER DISTRIBUTORS,,,201-500,Truck Transportation,,168.4M,https://www.powerdistributors.com
POWEREX,,,201-500,Semiconductors,,40M,http://www.pwrx.com
PRATT MILLER,,,201-500,Motor Vehicle Manufacturing,,80M,http://www.prattmiller.com
PRC BRAND,,,51-200,Medical Device,,30M,http://prentrom.com
PRECISION MEDICAL TECHNOLOGIES,,Indiana,86,medical devices,,29600000,premedtec.com
PREMIUM WATERS,,,"1,001-5,000",Food and Beverage Manufacturing,,417M,http://premiumwaters.com
PRESTO PRODUCTS COMPANY,,,201-500,Manufacturing,,294.8M,http://www.prestoproducts.com
PRIDE MOBILITY PRODUCTS,,,"1,001-5,000",Medical Equipment Manufacturing,,400M,https://www.pridemobility.com
PRIDGEON & CLAY,,Michigan,600,Automotive,,295000000,pridgeonandclay.com
PRIME TECHNOLOGICAL SERVICES,,,64,electrical/electronic manufacturing,,34634000,http://www.prime-ems.com
PRIMEX,,,51-200,"Appliances, Electrical, and Electronics Manufacturing",,75M,http://www.primexinc.com
"PRINSCO, INC.",,Minnesota,500,Plastics Manufacturing,,98000000,prinsco.com
PRIORITY,,Wisconsin,160,Construction,,25000000,priorityinc.com
PRO-ACTIVE ENGINEERING,,Wisconsin,63,electrical/electronic manufacturing,,25000000,proactivepcb.com
PROAMPAC,https://www.linkedin.com/company/10341654,California,1001,Packaging and Containers,,100100000,proampac.com
PROCONEX,,,201-500,Automation Machinery Manufacturing,,40.4M,http://www.proconexdirect.com
PRODUCTION AUTOMATION CORPORATION,,Minnesota,130,medical devices,,28082000,gotopac.com
PRODUCTION CONTROL UNITS,,,51-200,Automation Machinery Manufacturing,,45.0M,http://www.pcuinc.com
PROFESSIONAL PLUMBING GROUP,,,201-500,Wholesale,,50M,http://www.ppg-inc.com
PROFILE FILMS,,Michigan,56,Packaging & Containers,,$45.5M,profilefilms.com
PROPER GROUP,,,"501-1,000",Motor Vehicle Manufacturing,,131.1M,http://propergroupintl.com
PROTOLABS,,,5000,Industrial Machinery Manufacturing,,485452000,protolabs.com
PROVIA,,,"1,001-5,000",Manufacturing,,392.3M,https://www.provia.com
PSCO KIEFFER,,Wisconsin,72,Construction,,34493000,pscosigngroup.com
PTC ALLIANCE,,Pennsylvania,340,mining & metals,,450000000,ptcalliance.com
PTR BALER AND COMPACTOR COMPANY,,Pennsylvania,180,machinery,,63300000,ptrco.com
PTS DIAGNOSTICS,,Indiana,160,medical devices,,45000000,ptsdiagnostics.com
PTSOLUTIONS,,,"501-1,000",Automation Machinery Manufacturing,,315M,http://www.pts-tools.com
PULSE,,,201-500,Medical Equipment Manufacturing,,31.3M,http://www.pulsetechnologies.com
PURE ROMANCE,,,5200,Retail,,250000000,http://www.pureromance.com
PYROMATION,,Indiana,91,Mechanical Or Industrial Engineering,,89000000,pyromation.com
Q-LAB,,,201-500,Industrial Machinery Manufacturing,,44.2M,http://www.q-lab.com
QUALITY LIQUID FEEDS,,,201-500,Food and Beverage Manufacturing,,78.5M,http://www.qlf.com
QUALITY METALS,,Minnesota,51,mining & metals,,25400000,qualitymetalsinc.com
"QUALITY PACKAGING, INC.",,Wisconsin,120,Packaging & Containers,,$50M,qpack.com
QUALITY TOOL,,Minnesota,120,machinery,,25800000,qualitytool.com
QUEST INDUSTRIAL,,Wisconsin,50,machinery,,28199000,questindustrial.com
R&E AUTOMATED,,,201-500,Automation Machinery Manufacturing,,56.1M,http://www.reautomated.com
R.A JONES,,,"501-1,000",Machinery Manufacturing,,64.4M,http://www.rajones.com
RACE WINNING BRANDS,,,"501-1,000",Motor Vehicle Manufacturing,,126.5M,http://www.racewinningbrands.com
RADIAN RESEARCH,,,77,electrical/electronic manufacturing,,28752000,http://www.radianresearch.com
RADIUS PACKAGING,,,201-500,Packaging & Containers,,53.5M,https://radiuspkg.com
RADIX WIRE & CABLE,,,66,electrical/electronic manufacturing,,25000000,http://www.radix-wire.com
RAMI,,,63,electrical/electronic manufacturing,,51902000,http://www.rami.com
"RAPID-LINE, INC.",,Michigan,55,Machinery Manufacturing,,$39.4M,rapid-line.com
"REALTRUCK, INC.",,Michigan,1400,Automotive,,100000000,realtruck.com
RECARO AUTOMOTIVE,,,201-500,Motor Vehicle Manufacturing,,45.5M,http://www.recaro-automotive.com/
RED LION CONTROLS,,,201-500,Automation Machinery Manufacturing,,60M,https://www.redlion.net/
RED NUCLEUS,,,201-500,Pharmaceutical Manufacturing,,257.2M,https://rednucleus.com
RED VALVE COMPANY,,,110,Industrial Machinery Manufacturing,,100000000,redvalve.com
REDVIKING,,,51-200,Automation Machinery Manufacturing,,31.4M,http://www.redviking.com
REFRIGERATED SOLUTIONS GROUP,,,74,HVAC and Refrigeration Equipment Manufacturing,,149400000,master-bilt.com
REGAL WARE,,,201-500,Manufacturing,,80M,http://www.regalware.com
REHAB MEDICAL,,,201-500,Medical Equipment Manufacturing,,71.9M,http://www.rehabmedical.com
RELIABILITY & PERFORMANCE,,,201-500,Defense and Space Manufacturing,,30316000,http://www.rp-tech.net/
RENK AMERICA,,Indiana,3000,machinery,,$55M,renk.com
REPUBLIC STEEL,,,"501-1,000",Industrial Machinery Manufacturing,,700M,http://www.republicsteel.com
REQUEST FOODS,,,"501-1,000",Food and Beverage Manufacturing,,379.7M,http://www.requestfoods.com
RESCO PRODUCTS,,Pennsylvania,280,mining & metals,,26800000,rescoproducts.com
"RESCO PRODUCTS, INC.",,Pennsylvania,280,mining & metals,,$27M,rescoproducts.com
RESOLUTION MEDICAL,,Minnesota,150,medical devices,,41400000,resolutionmedical.com
RESTAURANT EQUIPPERS,,,91,Retail,,29000000,http://www.equippers.com
RESTEK,,,201-500,Chemical Manufacturing,,300M,http://www.restek.com
REVERE PLASTICS SYSTEMS,,,"1,001-5,000",Plastics Manufacturing,,356.8M,http://www.rpsystems.com/
REVERIE,,,201-500,Furniture and Home Furnishings Manufacturing,,47.5M,http://www.reverie.com
REXAIR,,,201-500,Manufacturing,,35M,https://www.rexairllc.com
"REYNOLDS SERVICES, INC.",,Pennsylvania,51,Packaging & Containers,,$48.0M,rsi.biz
RF TECHNOLOGIES,,Wisconsin,370,medical devices,,25000000,rft.com
RG BARRY,,,51-200,Apparel & Fashion,,141.8M,http://www.rgbarry.com
RHINEGEIST BREWERY,,,201-500,Food and Beverage Services,,59M,http://www.rhinegeist.com
RHINESTAHL,,,51-200,Machinery Manufacturing,,133M,http://www.rhinestahl.com
RHOADS INDUSTRIES,,Pennsylvania,140,Construction,,37500000,rhoadsinc.com
RICARDO DEFENSE INC,,,68,Defense and Space Manufacturing,,462277000,ricardo.com
RICE LAKE WEIGHING SYSTEMS,,,"501-1,000","Appliances, Electrical, and Electronics Manufacturing",,82.9M,http://www.ricelake.com
RICHARDS INDUSTRIALS,,,51-200,Industrial Machinery Manufacturing,,41.2M,http://www.richardsind.com/careers
RIFLE PAPER,,,110,Retail,,34018000,http://www.riflepaperco.com
"RITCHIE ENGINEERING CO., INC. (YELLOW JACKET)",,Minnesota,61,Mechanical Or Industrial Engineering,,41000000,yellowjacket.com
RITE-HITE,,,"1,001-5,000",Machinery Manufacturing,,300M,http://www.ritehite.com
RITERUG FLOORING,,,590,Retail,,45000000,http://www.riterug.com
RIVERSIDE MFG.,,,79,"Appliances, Electrical, and Electronics Manufacturing",,60100000,riversidemfg.com
RMS COMPANY,,Minnesota,530,medical devices,,26552000,rmsmachining.com
ROBB & STUCKY,,,120,Retail,,300000000,http://www.robbstuckyintl.com
ROBBINS,,,"501-1,000",Machinery Manufacturing,,38.4M,http://www.RobbinsTBM.com
ROBIN INDUSTRIES,,,"501-1,000",Plastics Manufacturing,,129M,http://www.robin-industries.com
"ROBINSON, INC.",,,160,Industrial Machinery Manufacturing,,65000000,robinsoninc.com
ROCHE DIABETES CARE,,Indiana,200,medical devices,,43000000,rochediabetes.com
ROCKLINE INDUSTRIES,,,"1,001-5,000",Manufacturing,,40M,http://www.rocklineind.com
ROCKWELL MEDICAL,,,201-500,Pharmaceutical Manufacturing,,68830000,http://www.rockwellmed.com
RODEM,,,51-200,Food and Beverage Manufacturing,,52M,https://www.Rodem.com
ROGUE FITNESS,,,480,Retail,,80000000,http://www.roguefitness.com
ROHRER,,,"1,001-5,000",Packaging and Containers Manufacturing,,131M,http://www.rohrer.com
ROMAN MANUFACTURING,,,51-200,"Appliances, Electrical, and Electronics Manufacturing",,52.1M,https://www.romanmfg.com/
ROSENBAUER AMERICA,,South Dakota,280,Automotive,,220000000,rosenbaueramerica.com
ROSKAM BAKING,,,"1,001-5,000",Food and Beverage Manufacturing,,267.5M,http://roskambakingcompany.com/
RÖSLER USA,,Michigan,250,machinery,,$358.0M,rosler.com
ROSS CONTROLS,,,201-500,Industrial Automation,,92.4M,http://www.rosscontrols.com
ROTEX GLOBAL,,,201-500,Machinery Manufacturing,,90M,http://www.rotex.com
ROVISYS,,,"1,001-5,000",Automation Machinery Manufacturing,,134.4M,http://www.rovisys.com
ROYAL CHEMICAL,,,51-200,Chemical Manufacturing,,50M,http://www.royalchemical.com
ROYER CORPORATION,,Indiana,66,plastics,,$59.8M,royercorp.com
RUDOLPH FOODS,,,"501-1,000",Food Production,,259.4M,http://www.rudolphfoods.com
R-V INDUSTRIES,,,201-500,Mechanical Or Industrial Engineering,,49.1M,http://www.rvii.com
RYOBI DIE CASTING,,Indiana,750,Automotive,,249200000,ryobidiecasting.com
"RYOBI DIE CASTING, INC.",,Indiana,750,Automotive,,249200000,ryobidiecasting.com
RYTEC CORPORATION,,Wisconsin,190,Mechanical Or Industrial Engineering,,120000000,rytecdoors.com
S&P USA VENTILATION,,,53,electrical/electronic manufacturing,,33100000,http://www.solerpalau-usa.com
S&S CYCLE,,,201-500,Motor Vehicle Manufacturing,,35.8M,http://www.sscycle.com
"S&S CYCLE, INC.",,Wisconsin,140,Automotive,,35822000,sscycle.com
SACO AEI POLYMERS,,,"501-1,000",Plastics Manufacturing,,33.5M,http://www.sacoaei.com
SAFCO PRODUCTS,,,180,Furniture and Home Furnishings Manufacturing,,37500000,safcoproducts.com
SAGINAW CONTROL AND ENGINEERING,,,150,Automation Machinery Manufacturing,,200000000,saginawcontrol.com
SALINE LECTRONICS,,,51-200,"Appliances, Electrical, and Electronics ManufacturingAppliances, Electrical, and Electronics Manufacturing",,39.3M,http://www.lectronics.net/
SALM PARTNERS,,,201-500,Food and Beverage Manufacturing,,168M,http://www.salmpartners.com
SANDRIDGE,,,"501-1,000",Food and Beverage Manufacturing,,80M,http://www.sandridge.com
SANOH AMERICA,,,"1,001-5,000",Automotive,,66.1M,http://www.sanoh-america.com
SARTORI,,,"501-1,000",Food and Beverage Manufacturing,,130M,http://www.sartoricheese.com/
SAUDER MANUFACTURING CO.,,,201-500,Furniture and Home Furnishings Manufacturing,,55.2M,http://www.saudermfg.com
"SCANLAN INTERNATIONAL, INC.",,Minnesota,200,medical devices,,31100000,scanlaninternational.com
SCAN-PAC MANUFACTURING,,Wisconsin,56,machinery,,25600000,scanpac.com
SCHAEDLER YESCO DISTRIBUTION,,,201-500,Wholesale,,60M,https://www.sydist.com
SCHILLER GROUNDS CARE,,Pennsylvania,82,machinery,,$73.3M,schillergc.com
SCHLAGE LOCKS,,,"5,001-10,000",Manufacturing,,434.5M,http://www.schlage.com
SCHNELLER,,,201-500,Aviation and Aerospace Component Manufacturing,,100M,http://www.schneller.com
SCHOEP'S ICE CREAM,,,51-200,Food Production,,60M,http://www.schoepsicecream.com
SCHOOL OUTFITTERS,,,200,Retail,,38000000,http://www.schooloutfitters.com
SCHUETTE METALS,,Wisconsin,65,mining & metals,,55025000,schuettemetals.com
SCHWEBEL BAKING,,,"501-1,000",Food and Beverage Manufacturing,,293.7M,http://www.schwebels.com
SCIENTIFIC PROTEIN LABORATORIES,,,201-500,Pharmaceutical Manufacturing,,44.9M,https://www.splpharma.com
SCOTT EQUIPMENT COMPANY,,Minnesota,200,machinery,,180000000,scottequipment.com
SEAGRAVE FIRE APPARATUS,,,201-500,Automotive,,49.4M,https://seagrave.com
SECANT GROUP,,,51-200,Textile Manufacturing,,35.1M,http://www.secant.com
SECHAN ELECTRONICS,,,201-500,Defense and Space Manufacturing,,51M,http://www.sechan.com
SEEGRID,,,201-500,Automation Machinery Manufacturing,,70M,http://www.seegrid.com/
"SEKISUI VOLTEK, LLC",,Michigan,93,plastics,,$37.5M,sekisuivoltek.com
SEMCO ENERGY,,,201-500,Utilities,,48.9M,http://www.semcoenergygas.com
SENSIT,,,68,electrical/electronic manufacturing,,25900000,http://www.gasleaksensors.com
SERIGRAPH,,,"501-1,000",Printing Services,,500M,https://www.serigraph.com
SERRA AUTOMOTIVE,,,"1,001-5,000",Automotive,,276.1M,http://www.serrausa.com/
SERVE ELECTRIC,,,78,Automation Machinery Manufacturing,,76400000,serveelectric.com
SERVICE WIRE,,,201-500,"Appliances, Electrical, and Electronics Manufacturing",,88M,http://www.servicewire.com
SHAPE PROCESS AUTOMATION,,,201-500,Automation Machinery Manufacturing,,57.9M,http://www.shapeprocessautomation.com
SHARP SERVICES,,,"1,001-5,000",Pharmaceutical Manufacturing,,388M,https://www.sharpservices.com/
SHARPER IMAGE,,,51-200,Computers and Electronics Manufacturing,,200M,http://www.sharperimage.com
SHELLBACK SEMICONDUCTOR TECHNOLOGY,,,51-200,Semiconductor Manufacturing,,40000000,http://www.shellbacksemi.com
SHIN-ETSU SILICONES OF AMERICA,,,51-200,Chemical Manufacturing,,31.9M,http://Shinetsusilicones.com
SHINOLA,,,"501-1,000",Consumer Goods,,100M,http://shinola.com/
SHOP VAC USA,,,201-500,Manufacturing,,303.8M,http://www.shopvac.com
SHORELINE CONTAINER,,Michigan,110,Packaging & Containers,,68200000,shorelinecontainer.com
SIFCO INDUSTRIES,,,"501-1,000",Aviation and Aerospace Component Manufacturing,,83.9M,http://www.sifco.com
SIGHTPATH MEDICAL,,Minnesota,500,medical devices,,40000000,sightpathmedical.com
SIGNARAMA,,,1400,Retail,,55000000,http://www.signarama.com
SIGNICAST,,,"501-1,000",Manufacturing,,205M,http://www.signicast.com
SILBERLINE,,,"501-1,000",Chemical Manufacturing,,306.2M,http://www.silberline.com/
SILFEX,,,"1,001-5,000",Semiconductor Manufacturing,,234.9M,http://www.silfex.com
SILGAN SPECIALTY,,,"501-1,000",Packaging and Containers Manufacturing,,48.2M,https://silganspecialty.com
SILVER SPRING FOODS,,,201-500,Food and Beverage Manufacturing,,50M,http://www.silverspringfoods.com
SIMONA BOLTARON,,,51-200,Plastics Manufacturing,,40.7M,http://www.boltaron.com
SINTO AMERICA,,,201-500,Machinery Manufacturing,,36.3M,http://www.sintoamerica.com
SITEX,,Kentucky,170,textiles,,$25.6M,sitex-corp.com
SKANA ALUMINUM,,Wisconsin,73,machinery,,$42.8M,skanaaluminum.com
SKIDMORE SALES,,,51-200,Food and Beverage Manufacturing,,43M,http://www.skidmoresales.com
SKLAR INSTRUMENTS,,Pennsylvania,72,medical devices,,50000000,sklarcorp.com
SKY CLIMBER,,,201-500,Industrial Machinery Manufacturing,,43.1M,http://www.skyclimber.com/
SLPT GLOBAL PUMP GROUP,,Michigan,170,Automotive,,70000000,slpt.com
SMALL PARTS,,Indiana,68,machinery,,32000000,smallpartsinc.com
SMC,,,"501-1,000",Medical Device,,120M,http://www.smcltd.com
SMC LTD,,Wisconsin,1500,medical devices,,250000000,smcltd.com
SMITH & WESSON,,,1100,Manufacturing,,479242000,http://www.smith-wesson.com
SMITHERS OASIS,,,"501-1,000",Manufacturing,,34.3M,http://www.smithersoasis.com
SMYTH AUTO PARTS,,,201-500,Motor Vehicle Manufacturing,,60M,http://www.smythautoparts.com
SOLAR ATMOSPHERES,,,201-500,Manufacturing,,46M,https://www.solaratm.com
SOLUTIONS THROUGH INNOVATIVE,,,201-500,Defense and Space Manufacturing,,87.5M,http://www.sti-tec.com
SOUNDOFF SIGNAL,,,201-500,"Appliances, Electrical, and Electronics Manufacturing",,32M,http://www.soundoffsignal.com/
SOUTHEASTERN EQUIPMENT COMPANY,,,201-500,Machinery Manufacturing,,31.2M,http://www.southeasternequip.com
SOUTHWEST GEORGIA OIL COMPANY,,,99,Retail,,295715000,http://www.swgaoil.com
SPACESAVER,,,201-500,Furniture and Home Furnishings Manufacturing,,100M,https://www.spacesaver.com
SPALDING,,,"501-1,000",Retail,,500M,https://www.spalding.com
SPANCO,,,62,Industrial Machinery Manufacturing,,200000000,spanco.com
SPANG,,,110,electrical/electronic manufacturing,,60000000,http://www.spang.com
SPANG & COMPANY,,,201-500,"Appliances, Electrical, and Electronics Manufacturing",,60M,http://www.spang.com
SPANGLER CANDY,,,"501-1,000",Food and Beverage Manufacturing,,75M,https://www.spanglercandy.com
SPANX,,,410,Apparel & Fashion,,400000000,http://www.spanx.com
SPARK THERAPEUTICS,,,"501-1,000",Biotechnology,,93.5M,http://www.sparktx.com
SPARTAN CHEMICAL,,,201-500,Chemical Manufacturing,,210M,http://www.spartanchemical.com
SPARTECH CORPORATION,https://www.linkedin.com/company/27878,Missouri,seven,plastics,,250000000,spartech.com
SPECIALIZED MEDICAL SERVICES,,Florida,11000,Hospital & Health Care,,35500000,specializedmed.com
"SPECIALTY COATING SYSTEMS, INC.",,Indiana,210,medical devices,,143800000,scscoatings.com
SPECSYS INC.,,Minnesota,52,machinery,,$59.7M,specsys.org
SPECTRUM CONTROL,,,460,Defense and Space Manufacturing,,297866000,spectrumcontrol.com
SPECTRUM INDUSTRIES INC.,,,150,Furniture,,49300000,spectrumfurniture.com
SPI LIGHTING,,,51-200,"Appliances, Electrical, and Electronics Manufacturing",,60M,http://www.spilighting.com
SPOC AUTOMATION,,,65,electrical/electronic manufacturing,,41800000,http://www.spocautomation.com
SPORTECH,,,184,plastics,,32300000,sportechinc.com
SPRAY PRODUCTS CORPORATION,,,120,Chemical Manufacturing,,35000000,sprayproducts.com
SPRINGS WINDOW FASHIONS,,Wisconsin,5500,Mechanical Or Industrial Engineering,,516900000,springswindowfashions.com
SPRINT MART,,,290,Retail,,25790000,http://www.sprintmart.com
SQUIRE BOONE VILLAGE,,,55,Wholesale,,49934000,http://www.squireboonevillage.com
STAHLS,,,"1,001-5,000",Manufacturing,,50M,http://www.stahls.com/home
STAKES MANUFACTURING,,,201-500,Printing Services,,40.1M,http://www.stakesmfg.com
STANDARD ELECTRIC CO,,Michigan,64,electrical/electronic manufacturing,,$85M,standardelectricco.com
STANDARD IMAGING,,,51-200,Medical Device,,30M,http://www.standardimaging.com
"STANDARD IMAGING, INC.",,Wisconsin,64,medical devices,,30000000,standardimaging.com
STANDARD STEEL,,,"501-1,000",Railroad Equipment Manufacturing,,300M,http://www.standardsteel.com
STANDEX ELECTRONICS,,,"501-1,000","Appliances, Electrical, and Electronics Manufacturing",,433M,http://www.standexelectronics.com
STARBOARD CRUISE SERVICES,,,1600,Retail,,75000000,http://www.starboardcruise.com
STATE INDUSTRIAL PRODUCTS,,,"501-1,000",Chemical Manufacturing,,187M,http://www.stateindustrial.com
STAUFFER GLOVE & SAFETY,,,201-500,Manufacturing,,70.9M,https://www.stauffersafety.com
STEEL CRAFT TECHNOLOGIES,,Michigan,63,mining & metals,,$30M,steelcrafttech.com
STEELE SOLUTIONS,,,"501-1,000",Manufacturing,,108.6M,https://steelesolutions.com
STEINWALL,,Minnesota,61,plastics,,$41.8M,steinwall.com
STILES MACHINERY,,,201-500,Machinery Manufacturing,,122.2M,https://www.stilesmachinery.com
STORM POWER COMPONENTS,,,150,electrical/electronic manufacturing,,35000000,http://www.stormpowercomponents.com
STOUGHTON TRAILERS,,,"1,001-5,000",Transportation/Trucking/Railroad,,375M,http://www.stoughtontrailers.com
STRAHMAN,,,51-200,Automation Machinery Manufacturing,,44469000,http://www.strahmangroup.com
STRATA SKIN SCIENCES,,,51-200,Medical Equipment Manufacturing,,34.6M,http://www.strataskinsciences.com
STRATHMORE FLOORS,,,58,Retail,,32891000,http://www.strathmorefloors.com
STRATTEC,,,"501-1,000",Automotive,,472.3M,http://www.strattec.com
STRATTEC SECURITY CORPORATION,,Wisconsin,640,Automotive,,492946000,strattec.com
STREAMLIGHT,,,180,electrical/electronic manufacturing,,80000000,http://www.streamlight.com
SUBURBAN ENTERPRISES,,Wisconsin,94,Construction,,29500000,suburbanenterprises.com
SUB-ZERO,,,"1,001-5,000",Manufacturing,,170M,http://www.subzero-wolf.com
SULLAIR,,Indiana,500,machinery,,390000000,sullair.com
SUMMIT,,,810,Retail,,140000000,http://www.summitracing.com
SUMMIT POLYMERS,,Michigan,3000,Automotive,,300000000,summitpolymers.com
SUN ORCHARD,,,201-500,Food and Beverage Services,,32M,https://sunorchard.com/
SUN PRINT,,,73,Retail,,49316000,http://www.sunprint.com
SUN TAN CITY,,,300,Retail,,28493000,http://www.suntancity.com
SUPER RADIATOR COILS,,,220,Industrial Machinery Manufacturing,,83500000,superradiatorcoils.com
SUPER STEEL,,,201-500,Industrial Machinery Manufacturing,,67.6M,http://www.supersteel.com
SUPERIOR FOODS CO.,,,201-500,Food and Beverage Manufacturing,,40000000,https://superiorfoods.co/
SUPERIOR INDUSTRIAL SOLUTIONS,,Indiana,180,chemicals,,43408000,relyonsuperior.com
SUPERIOR TIRE & RUBBER,,,201-500,Consumer Goods,,43.3M,http://www.superiortire.com
SURFACE MOUNT TECHNOLOGY,,,201-500,"Appliances, Electrical, and Electronics Manufacturing",,41.7M,http://www.teamsmt.com
SURGALIGN,,,201-500,Medical Equipment Manufacturing,,87.8M,https://www.surgalign.com/
SUR-SEAL,,,201-500,Industrial Machinery Manufacturing,,36.7M,http://www.sur-seal.com
SUSSEK MACHINE COMPANY,,Wisconsin,83,machinery,,$35.2M,sussek.com
SUTTON TRANSPORT,,,150,Transportation/Trucking/Railroad,,31008000,http://www.suttontrans.com
SWF INDUSTRIAL,,Pennsylvania,97,Construction,,33900000,swfindustrial.com
SWITCHBACK MEDICAL,,Minnesota,88,medical devices,,25100000,switchbackmedical.com
SWITCHCRAFT CONXALL,,,"501-1,000","Appliances, Electrical, and Electronics Manufacturing",,345M,http://www.switchcraft.com/
SWITCHGEAR POWER SYSTEMS,,,51-200,Industrial Machinery Manufacturing,,35M,http://www.switchgearpower.com
SYBRIDGE,,,"501-1,000",Manufacturing,,250000000,http://www.sybridgetech.com
SYPRIS ELECTRONICS,,,250,electrical/electronic manufacturing,,36900000,http://www.sypriselectronics.com
SYSTEM SCALE CORPORATION,,Indiana,90,Industrial Automation,,$31M,system-scale.com
SYSTEMS CONTROL,,,240,electrical/electronic manufacturing,,147500000,http://www.systemscontrol.com
TA SYSTEMS TOTALLY AUTOMATED SYSTEMS,,Michigan,68,Industrial Automation,,48887000,ta-systems.com
TACO METALS,,,201-500,Industrial Machinery Manufacturing,,35M,http://TACOMetals.com
TAILORED LABEL PRODUCTS,,,51-200,Printing Services,,35M,http://www.tailoredlabel.com
TALK MORE WIRELESS,,,82,Retail,,30432000,http://www.talkmorewireless.com
TANIS BRUSH,,Wisconsin,69,Machinery Manufacturing,,$25.0M,tanisbrush.com
TARTER FARM AND RANCH EQUIPMENT,,,"1,001-5,000",Manufacturing,,224.9M,http://www.tarterusa.com
TASUS CORPORATION,,Indiana,270,Automotive,,121800000,tasus.com
TAYLOR,,,201-500,Machinery Manufacturing,,315M,https://www.taylor-company.com
TBP CONVERTING,,Pennsylvania,72,Construction,,28700000,tbpconverting.com
TCI,,Wisconsin,79,electrical/electronic manufacturing,,$25M,transcoil.com
TCLAD INC.,,Wisconsin,59,electrical/electronic manufacturing,,$54M,tclad.com
TEAM INDUSTRIES,,Minnesota,5000,machinery,,412000000,team-ind.com
TEAMWORK COMMERCE,,,210,Retail,,30999000,http://www.teamworkcommerce.com
TECHMETALS,,,201-500,Chemical Manufacturing,,42.3M,https://www.techmetals.com
TECHNICOTE,,,51-200,Packaging and Containers Manufacturing,,100M,http://www.technicote.com
TECHNIPLAS,,Wisconsin,630,Automotive,,323000000,techniplas.com
TEEL PLASTICS,,,201-500,Plastics Manufacturing,,40M,http://www.teel.com
TEKRA,,Wisconsin,160,plastics,,$54.2M,tekra.com
"TELESIS TECHNOLOGIES, INC.",,,51-200,Automation Machinery Manufacturing,,55.0M,http://www.telesis.com
TELOS ALLIANCE,,,110,electrical/electronic manufacturing,,27499000,http://www.TelosAlliance.com
TENERE,,,"501-1,000",Manufacturing,,66M,http://www.tenere.com
"TERRA DRIVE SYSTEMS, INC.",,Indiana,51,Machinery Manufacturing,,$35.0M,tdsdrive.com
TERVIS,,,280,Retail,,110000000,http://www.tervis.com
TEST EQUIPMENT DISTRIBUTORS,,,51-200,Aviation and Aerospace Component Manufacturing,,44M,http://www.tedndt.com
TESTEK SOLUTIONS,,,200,Aviation and Aerospace Component Manufacturing,,55000000,testek.com
THE ARMOR GROUP,,,201-500,Industrial Machinery Manufacturing,,65M,http://www.thearmorgroup.com
THE BETTER HEALTH MARKETS AND CAFES,,,58,Retail,,26700000,http://www.thebetterhealthstore.com
THE BREWER COMPANY,,Wisconsin,110,medical devices,,33000000,brewercompany.com
THE CONAIR,,,201-500,Plastics Manufacturing,,64M,https://www.conairgroup.com
THE EASTWOOD COMPANY,,,120,Retail,,45526000,http://www.eastwood.com
THE EVANS NETWORK OF COMPANIES,,,400,Transportation/Trucking/Railroad,,300000000,http://www.theevansnetwork.com
THE FREMONT,,,201-500,Food and Beverage Manufacturing,,58.3M,http://www.fremontcompany.com
THE GENIE,,,"501-1,000",Computers and Electronics Manufacturing,,100M,https://www.geniecompany.com/
THE GENIE COMPANY,,,160,electrical/electronic manufacturing,,100000000,http://www.geniecompany.com
THE HC COMPANIES,,,"501-1,000",Plastics Manufacturing,,80M,https://hc-companies.com/
THE HERCULES TIRE & RUBBER,,,201-500,Automotive,,75.4M,http://www.herculestire.com
THE KENNEDY,,,51-200,Printing Services,,36M,http://www.kennedygrp.com
THE METAL WARE CORPORATION,,,201-500,Manufacturing,,8.7M,http://www.mwcorp.com
THE MONTROSE AUTO GROUP,,,65,Retail,,40066000,http://www.gomontrose.com
THE ORIGINAL MATTRESS FACTORY,,,200,Retail,,32400000,http://www.originalmattress.com
THE PLASTEK,,,"1,001-5,000",Plastics Manufacturing,,411.5M,https://www.plastekgroup.com
THE RITESCREEN COMPANY,,,201-500,Building Materials,,117.8M,http://www.ritescreen.com/
THE RUSS DARROW GROUP,,,"1,001-5,000",Motor Vehicle Manufacturing,,457.4M,http://russdarrow.com
THE SHEPHERD CHEMICAL,,,201-500,Chemical Manufacturing,,100M,https://www.shepchem.com
THE SINGING MACHINE COMPANY,,,54,electrical/electronic manufacturing,,30232000,http://www.singingmachine.com
THE SPIRATEX COMPANY,,Michigan,54,plastics,,26800000,spiratex.com
THE STEP2,,,"501-1,000",Manufacturing,,177.4M,http://www.step2.com/
THE STOW,,,201-500,Manufacturing,,32.7M,http://www.TheStowCompany.com
"THE SUPERIOR DIE, TOOL & MACHINE CO.",,,201-500,Motor Vehicle Parts Manufacturing,,$33.3M,https://superior-dietool.com
THE WARRELL,,,"501-1,000",Food and Beverage Manufacturing,,40000000,http://www.warrellcorp.com
THE WILL-BURT,,,201-500,Manufacturing,,120M,http://www.willburt.com
THERMAL PRODUCT SOLUTIONS,,,51-200,Mechanical Or Industrial Engineering,,68000000,https://www.thermalproductsolutions.com/
THERMAL SPRAY TECHNOLOGIES,,Wisconsin,140,Machinery Manufacturing,,$62.0M,tstcoatings.com
THERMA-STOR,,,201-500,Manufacturing,,41.7M,http://www.thermastor.com
THIRTY-ONE GIFTS,,,7200,Retail,,150000000,http://www.mythirtyone.com
THREE D METALS,,,51-200,Primary Metal Manufacturing,,31M,https://threedmetals.com/
TIDI PRODUCTS,,,"1,001-5,000",Medical Equipment Manufacturing,,35M,https://www.tidiproducts.com
TIER1MRO,https://www.linkedin.com/company/tier1mro,,51,"Transportation, Logistics, Supply Chain and Storage",,5100000,tier1mro.com
TIGERPOLY MANUFACTURING,,,201-500,Automotive,,48.7M,http://www.tigerpoly.com
TIREHUB,,,560,logistics & supply chain,,250000000,http://www.tirehub.com
TIRES PLUS TOTAL CAR CARE,,,930,Retail,,48300000,http://www.tiresplus.com
TOLEDO ENGINEERING CO.,,,51-200,"Glass, Ceramics and Concrete Manufacturing",,31.1M,http://www.teco.com
TOLEDO TOOL AND DIE,,,201-500,Motor Vehicle Manufacturing,,43.8M,http://www.toledotool.com
"TOLOMATIC, INC.",,,170,Automation Machinery Manufacturing,,50000000,tolomatic.com
TOSOH SMD,,,201-500,Semiconductors,,34.8M,http://www.tosohsmd.com
TOTAL MECHANICAL,,Wisconsin,170,Construction,,42800000,total-mechanical.com
"TOTAL PLASTICS, INT'L",,,201-500,Plastics Manufacturing,,75000000,http://www.totalplastics.com
TOTALLY PROMOTIONAL,,,201-500,Manufacturing,,51.5M,http://www.totallypromotional.com/
"TP ORTHODONTICS, INC.",,Indiana,150,medical devices,,37604000,tportho.com
TPC WIRE & CABLE,,,230,electrical/electronic manufacturing,,70000000,http://www.tpcwire.com
TRACTOR CENTRAL,,,201-500,Machinery Manufacturing,,194.4M,http://www.tractorcentral.com
TRADEHOME SHOES,,,459,Retail,,33753000,http://www.tradehome.com
TRADEMARK GLOBAL,,,201-500,Manufacturing,,52.2M,http://www.TrademarkGlobal.com
TRAINZ.COM,,,67,Retail,,36854000,http://www.trainz.com
"TRAM, INC.",,Michigan,200,Automotive,,42183000,tramgroup.com
TRANSFER EXPRESS,,,201-500,Printing Services,,70M,http://www.TransferExpress.com
TRANSHIELD,,Indiana,63,Packaging & Containers,,$37.2M,transhield-usa.com
TRANSNATIONAL FOODS,,,51-200,Food and Beverage Services,,104.6M,http://www.transnationalfoods.com/
TRC,,,"501-1,000",Renewable Energy Semiconductor Manufacturing,,30M,http://www.trc4r.com
TRENDS INTERNATIONAL,,Indiana,240,Mechanical Or Industrial Engineering,,41800000,trendsinternational.com
TREW HILMOT,,Wisconsin,82,Industrial Automation,,$25M,hilmot.com
TRIAD TECHNOLOGIES,,,51-200,Automation Machinery Manufacturing,,38M,http://www.triadtechnologies.com
TRIBAR TECHNOLOGIES,,,"501-1,000",Motor Vehicle Manufacturing,,38.8M,http://www.tribar.com
"TRICORE, INC.",,Wisconsin,170,machinery,,$25.0M,tricore.com
TRIENDA,,,201-500,Packaging and Containers Manufacturing,,100M,http://www.trienda.com
TRIJICON,,,201-500,Manufacturing,,75M,http://www.trijicon.com
TRION INDUSTRIES,,,65,Retail,,40000000,http://www.triononline.com
T-ROC,,,1300,Retail,,145800000,http://www.trocglobal.com
TROMBETTA,,,201-500,"Appliances, Electrical, and Electronics Manufacturing",,70M,http://www.trombetta.com
TRONAIR,,,201-500,Aviation and Aerospace Component Manufacturing,,300M,http://www.tronair.com
TROTEC LASER USA,,,201-500,"Appliances, Electrical, and Electronics Manufacturing",,157949000,https://www.troteclaser.com/
TRUENORTH STEEL,,North Dakota,270,Construction,,164600000,truenorthsteel.com
TSI INCORPORATED,,,1500,Industrial Machinery Manufacturing,,133333000,tsi.com
TUNNELL CONSULTING,,,51-200,Pharmaceutical Manufacturing,,48.4M,http://www.tunnellconsulting.com
TUOHY FURNITURE CORPORATION,,,52,Furniture and Home Furnishings Manufacturing,,29282000,tuohyfurniture.com
TURF CARE SUPPLY,,,201-500,Manufacturing,,41.8M,http://www.turfcaresupply.com/
TURN 14 DISTRIBUTION,,,201-500,Motor Vehicle Manufacturing,,79.5M,http://www.turn14.com/
TURNER SUPPLY,,,120,Transportation/Trucking/Railroad,,52862000,http://www.turnersupply.com
TURRI'S ITALIAN FOODS,,,201-500,Food and Beverage Manufacturing,,51.5M,http://turrisitalianfoods.com
TWEET/GAROT MECHANICAL,,Wisconsin,200,Construction,,58000000,tweetgarot.com
TWIN DISC,,,"501-1,000",Machinery Manufacturing,,251.1M,http://www.twindisc.com
"TYBER MEDICAL, LLC",,Pennsylvania,150,medical devices,,44000000,tybermedical.com
TYNDALE COMPANY,,,201-500,Apparel & Fashion,,73.7M,http://www.TyndaleUSA.com
TYPE ONE ENERGY GROUP,,Wisconsin,57,machinery,,$46M,typeoneenergy.com
U.S. AUTOFORCE,,Wisconsin,410,Automotive,,53000000,usautoforce.com
U-LINE CORPORATION,,,79,Mechanical Or Industrial Engineering,,27700000,u-line.com
ULTRA MACHINING COMPANY (UMC),,Minnesota,130,machinery,,38000000,ultramc.com
ULTRA-POLY CORPORATION,,Pennsylvania,62,plastics,,$27M,ultrapoly.com
UNICO,,,201-500,"Appliances, Electrical, and Electronics Manufacturing",,49.4M,https://unicous.com
UNION ELECTRIC STEEL,,Pennsylvania,259,mining & metals,,27856000,uniones.com
UNIQUE INDUSTRIES,,Pennsylvania,620,Mechanical Or Industrial Engineering,,51883000,favors.com
UNITED ALLOY,,,201-500,Industrial Machinery Manufacturing,,75M,http://unitedalloy.com
UNIVERSAL DOUGLAS,,,180,electrical/electronic manufacturing,,100000000,http://www.universaldouglas.com
URBAN SCIENCE,,,"501-1,000",Motor Vehicle Manufacturing,,175M,http://www.urbanscience.com
URTECH MANUFACTURING,,,67,electrical/electronic manufacturing,,35000000,http://www.urtechmfg.com
US LOGISTICS LLC,https://www.linkedin.com/company/us-logistics-llc,Ohio,124,Logistics and Supply Chain,,100000000,uslfreight.com
UTEC - UNIVERSAL TOOL EQUIPMENT + CONTROLS,,Michigan,54,machinery,,$25M,universaltecinc.com
UTILIMASTER,,Indiana,560,Automotive,,75700000,utilimaster.com
VAIL RUBBER WORKS INCORPORATED,,Michigan,57,machinery,,$71.2M,vailrubber.com
VANDOR CORP,,Indiana,63,Packaging & Containers,,$29.4M,vandorcorp.com
VANTAGE PLASTICS,,Michigan,74,plastics,,$80.0M,vantageplastics.com
"VARIATION REDUCTION SOLUTIONS, INC. (VRSI)",,Michigan,85,Machinery Manufacturing,,$29.9M,vrs-inc.com
VEKA,,,201-500,Building Materials,,91.9M,http://www.vekainc.com
VENATORX PHARMACEUTICALS,,,51-200,Pharmaceutical Manufacturing,,33.8M,https://www.venatorx.com/
VENTRAC,,,201-500,Machinery Manufacturing,,100M,http://www.ventrac.com
VENTURE LOGISTICS,,,520,Transportation/Trucking/Railroad,,41279000,http://www.venturelogistics.com
VENTURE PLASTICS,,,201-500,Plastics Manufacturing,,50.8M,http://www.ventureplastics.com
VENUS FASHION,,,800,Retail,,200000000,http://www.venus.com
VERANOVA,,Pennsylvania,480,Pharmaceuticals,,92300000,veranova.com
VERST LOGISTICS,,,400,Transportation/Trucking/Railroad,,315000000,http://www.verstlogistics.com
VES-ARTEX,,,51-200,Food and Beverage Manufacturing,,37.4M,https://www.ves-artex.com/
VESTIL MANUFACTURING,,Indiana,130,machinery,,150000000,vestil.com
VICTORY BREWING,,,201-500,Food & Beverages,,229.2M,http://www.victorybeer.com/
VIKING ENGINEERING AND DEVELOPMENT,,Minnesota,62,machinery,,$30.0M,vikingeng.com
VIKING RANGE,,,370,Consumer Goods,,212142000,http://www.vikingrange.com
VIRACON,,,680,"Glass, Ceramics and Concrete Manufacturing",,400000000,viracon.com
VISHAY PRECISION GROUP,,,"1,001-5,000","Appliances, Electrical, and Electronics Manufacturing",,362.6M,http://www.vpgsensors.com
VISIONEERING,,,201-500,Aviation and Aerospace Component Manufacturing,,61M,http://www.vistool.com
VITAL PLASTICS,,Wisconsin,61,plastics,,35200000,vitalplastics.com
VITAMIX,,,"501-1,000",Manufacturing,,400M,http://www.vitamix.com
VOESTALPINE ROLL FORMING CORPORATION,,Kentucky,234,mining & metals,,155600000,rfcorp.com
VOLM COMPANIES,,,201-500,Packaging and Containers Manufacturing,,300M,http://www.volmcompanies.com
VONCO PRODUCTS,,,51,Packaging & Containers,,45400000,vonco.com
VORTEX OPTICS,,,201-500,Sporting Goods Manufacturing,,70M,http://www.vortexoptics.com
VOSS AUTO NETWORK,,,"501-1,000",Motor Vehicle Manufacturing,,116.1M,http://vossauto.com
VOXX INTERNATIONAL,,,420,electrical/electronic manufacturing,,517208000,http://www.voxxintl.com
V-TEK INTERNATIONAL,,Minnesota,51,electrical/electronic manufacturing,,$47M,vtekusa.com
VULCAN GLOBAL MANUFACTURING SOLUTIONS,,Wisconsin,62,medical devices,,30800000,vulcangms.com
WABASH PLASTICS,,Indiana,59,plastics,,35500000,wabashplastics.com
WAITES,,,150,Automation Machinery Manufacturing,,57100000,waites.net
WALL COLMONOY,,,201-500,Manufacturing,,40000000,http://www.wallcolmonoy.com
WALTERS BUILDINGS,,Wisconsin,60,Construction,,49968000,waltersbuildings.com
WALTON & COMPANY,,Pennsylvania,76,machinery,,151500000,waltonco.com
WARREN FABRICATING & MACHINING,,,201-500,Machinery Manufacturing,,70M,http://www.warfab.com
"WARREN INDUSTRIES, INC.",,,51,Packaging & Containers,,51000000,wrnind.com
WARRIOR SPORTS,,,201-500,Sporting Goods Manufacturing,,95M,http://www.warrior.com
WATSON'S,,,630,Retail,,220000000,http://www.watsons.com
WAUKESHA BEARINGS,,,"501-1,000",Machinery Manufacturing,,75M,http://www.waukbearing.com
WAUSAU SUPPLY,,,"501-1,000",Building Materials,,62M,http://www.wausausupply.com
WAUSEON MACHINE & MANUFACTURING,,,51-200,Machinery Manufacturing,,40M,http://www.wauseonmachine.com
WAXMAN,,,201-500,Manufacturing,,69.6M,http://www.waxmancpg.com
WB MANUFACTURING,,,67,Furniture,,56000000,wibenchmfg.com
WEAS ENGINEERING,,,74,Chemical Manufacturing,,34353000,weasengineering.com
WEAVER POPCORN,,Indiana,85,Food Production,,50000000,weaverpopcornmfg.com
WEBER DISPLAY & PACKAGING,,Pennsylvania,89,Packaging & Containers,,$63M,weberdisplay-pkg.com
WEBSTER INDUSTRIES,,,201-500,Machinery Manufacturing,,43M,http://www.websterchain.com
WEILER ABRASIVES GROUP,,Pennsylvania,270,Mechanical Or Industrial Engineering,,194200000,weilerabrasives.com
WEIL-MCLAIN,,Indiana,280,Mechanical Or Industrial Engineering,,55555000,weil-mclain.com
"WEIMER BEARING & TRANSMISSION, INC.",,,98,Automation Machinery Manufacturing,,39612000,weimerbearing.com
WEINBRENNER SHOE CO,,,201-500,Manufacturing,,59.5M,https://www.weinbrennerusa.com/index.html
WEISSER DISTRIBUTING,,,75,Retail,,65100000,http://www.weisserdistributing.com
WELDALL MANUFACTURING,,,201-500,Machinery Manufacturing,,68.2M,http://weldallmfg.com
WELDALOY SPECIALTY FORGINGS,,Michigan,77,mining & metals,,26109000,weldaloy.com
WELDED TUBES,,,51-200,Motor Vehicle Manufacturing,,31.1M,http://weldedtubes.com
WELDING TECHNOLOGY CORPORATION,,Michigan,270,electrical/electronic manufacturing,,25000000,weldtechcorp.com
WELLS VEHICLE ELECTRONICS,,,"501-1,000",Motor Vehicle Manufacturing,,90.7M,http://www.WellsVE.com
WENTHE-DAVIDSON ENGINEERING CO.,,Wisconsin,78,machinery,,$30.4M,wenthe-davidson.com
WESGARDE COMPONENTS GROUP,,,130,electrical/electronic manufacturing,,26635000,http://www.wesgarde.com
WEST CHESTER PROTECTIVE GEAR,,,51-200,Manufacturing,,180.7M,http://www.westchestergear.com
WESTERN STATES ENVELOPE & LABEL,,,"501-1,000",Paper and Forest Product Manufacturing,,100.0M,http://www.wsel.com
WESTFALIA TECHNOLOGIES,,,51-200,Automation Machinery Manufacturing,,40M,http://www.WestfaliaUSA.com
WESTINGHOUSE LIGHTING,,,51-200,"Appliances, Electrical, and Electronics Manufacturing",,111.1M,http://www.westinghouselighting.com
WHIP MIX CORPORATION,,Kentucky,200,medical devices,,34100000,whipmix.com
WHISKER,,,201-500,Consumer Goods,,33850000,http://whisker.com
WHITE HOUSE OF MUSIC,,,79,Retail,,35000000,http://www.whitehouseofmusic.com
WHITLEY MANUFACTURING,,Indiana,68,Construction,,96800000,whitleyman.com
WHITWORTH TOOL INC,,Kentucky,59,machinery,,$29.6M,whittool.com
"WIELAND DESIGNS, INC.",,,95,Furniture and Home Furnishings Manufacturing,,44900000,wielanddesigns.com
WIHA TOOLS USA,,,58,Industrial Machinery Manufacturing,,42800000,wihatools.com
WILD REPUBLIC,,,"501-1,000",Manufacturing,,34.5M,https://www.wildrepublic.com
WILLOWWOOD,,,51-200,Medical Equipment Manufacturing,,65M,http://www.willowwood.com
WINCRAFT,,,"501-1,000",Spectator Sports,,100M,http://www.wincraft.com/
WINMARK – THE RESALE COMPANY,,,160,Retail,,83176000,http://www.winmarkcorporation.com
WINNER AVIATION,,,201-500,Aviation and Aerospace Component Manufacturing,,56.6M,http://www.winner-aviation.com
WINSERT,,,51-200,Motor Vehicle Manufacturing,,35M,http://www.winsert.com
WIRECRAFTERS,,Kentucky,93,Mechanical Or Industrial Engineering,,47000000,wirecrafters.com
WIREROPE WORKS,,Pennsylvania,52,mining & metals,,65800000,wireropeworks.com
WISCO INDUSTRIES,,Wisconsin,64,mining & metals,,$27M,wiscomade.com
WISCONIC,,Wisconsin,57,plastics,,$44.2M,wisconic.com
WISCONSIN ALUMINUM FOUNDRY,,,"501-1,000",Manufacturing,,36.5M,http://www.wafco.com
WISCONSIN DISTRIBUTORS,,,201-500,Wholesale,,131.2M,http://www.wisconsindistributors.com/
WISCONSIN PLASTICS,,Wisconsin,75,plastics,,$33.8M,wisconsinplastics.com
WITZENMANN USA,,Michigan,120,Mechanical Or Industrial Engineering,,25000000,witzenmann-usa.com
WOLF PAVING COMPANY,,Wisconsin,67,Construction,,25000000,wolfpaving.com
WOLVERINE PACKING CO.,,,"501-1,000",Food and Beverage Manufacturing,,70000000,http://www.wolverinepacking.com
WOODHULL,,,84,Retail,,35000000,http://www.woodhullusa.com
WOODSTREAM,,,201-500,Manufacturing,,173M,http://www.woodstream.com
WOOF GANG BAKERY & GROOMING,,,410,Retail,,125000000,http://www.woofgangbakery.com
WORLD WIDE STEREO,,,67,Retail,,37752000,http://www.worldwidestereo.com
WRIGHT TOOL,,,51-200,Manufacturing,,30M,http://www.wrighttool.com/
XALT ENERGY,,,"501-1,000",Renewable Energy Semiconductor Manufacturing,,57.5M,https://www.xaltenergy.com
XODUS MEDICAL,,,51-200,Medical Equipment Manufacturing,,33.3M,http://www.xodusmedical.com/
X-RITE,,,4000,electrical/electronic manufacturing,,137499000,http://www.xrite.com
XTEK,,,201-500,Industrial Machinery Manufacturing,,63.4M,http://www.Xtek.com
YAMATO CORPORATION,,Wisconsin,150,machinery,,35000000,yamatoamericas.com
YARK AUTOMOTIVE,,,201-500,Motor Vehicle Manufacturing,,400M,https://www.yarkauto.com
YASKAWA MOTOMAN,,,"501-1,000",Automation Machinery Manufacturing,,112M,https://www.motoman.com
YATES INDUSTRIES,,Michigan,120,machinery,,$31.4M,yatesind.com
YENKIN-MAJESTIC PAINT CORPORATION,,,201-500,Chemical Manufacturing,,30.1M,http://yenkin-majestic.com
YERECIC LABEL,,Pennsylvania,62,Packaging & Containers,,$34M,ylfresh.com
YOUR BUILDING CENTERS,,,145,Retail,,40000000,http://www.ybconline.com
YSI,,,201-500,"Appliances, Electrical, and Electronics Manufacturing",,42.1M,http://www.YSI.com
YUASA BATTERY,,,201-500,"Appliances, Electrical, and Electronics Manufacturing",,243M,http://www.yuasabatteries.com
YUENGLING,,,201-500,Food & Beverages,,500M,http://www.yuengling.com
ZIPPO MANUFACTURING COMPANY,,Pennsylvania,570,Mechanical Or Industrial Engineering,,230000000,zippo.com
ZOLL,,,"1,001-5,000",Medical Equipment Manufacturing,,$457.6M,https://www.zoll.com/
ZUMBIEL,,,161,Packaging & Containers,,30402000,zumbiel.com
