Company,Company LinkedIn,Company Location (State),Employee Size,Industry,Phone,Revenue,Website
13WHAM ABC,,,79,Media Production,,,https://13wham.com/
13WHAM ABC,http://www.linkedin.com/company/13wham-tv,,79,Media Production,,,https://13wham.com/
20/20 CUSTOM MOLDED PLASTICS,,,"501-1,000",Plastics Manufacturing,,58M,http://2020cmp.com
20/20 CUSTOM MOLDED PLASTICS,https://www.linkedin.com/company/15516558,Ohio,"501-1,000",Plastics Manufacturing,,58M,http://2020cmp.com
3 UNDER 3,,,one,,,,
3 UNDER 3,,,seven,,,,
3 UNDER 3,,,three,,,,
3-DIMENSIONAL SERVICES GROUP,,Michigan,72,Motor Vehicle Manufacturing,,122200000,3dimensional.com
3-DIMENSIONAL SERVICES GROUP,,Michigan,72,Motor Vehicle Manufacturing,,,3dimensional.com
4D SYSTEMS,,Michigan,82,machinery,,$32.5M,4dsysco.com
4D SYSTEMS,,Michigan,82,machinery,+1 (330) 352-1228,,4dsysco.com
4D SYSTEMS,,Michigan,82,machinery,+18003809165,,4dsysco.com
50 FLOOR,,,170,Retail,,65498000,http://www.50floor.com
50 FLOOR,,Georgia,170,Retail,,65498000,http://www.50floor.com
A. STUCKI,,,"501-1,000",Railroad Equipment Manufacturing,,271.6M,http://www.stucki.com
A. STUCKI,,,"501-1,000",Railroad Equipment Manufacturing,,271.6M,http://www.stucki.com/
A. STUCKI,https://www.linkedin.com/company/3339864,,ten,Railroad Equipment Manufacturing,,,http://www.stucki.com/
A. STUCKI,https://www.linkedin.com/company/3339864,Pennsylvania,"501-1,000",Railroad Equipment Manufacturing,,271.6M,http://www.stucki.com
A. STUCKI,https://www.linkedin.com/company/3339864,Pennsylvania,"501-1,000",Railroad Equipment Manufacturing,,271.6M,http://www.stucki.com/
A.J. ROSE,,,201-500,Automotive,,120.8M,http://www.AJRose.com
A.J. ROSE,https://www.linkedin.com/company/592276,Ohio,201-500,Automotive,,120.8M,http://www.AJRose.com
A.O. REED & CO.,,,201-500,Construction,,,https://aoreed.com/
A.O. REED & CO.,https://www.linkedin.com/company/ao-reed/,,201-500,Construction,,,https://aoreed.com/
A.P. MOLLER - MAERSK,,,"10,001+","Transportation, Logistics, Supply Chain and Storage",,,http://www.maersk.com/
A.P. MOLLER - MAERSK,https://www.linkedin.com/company/maersk-group/,,"10,001+","Transportation, Logistics, Supply Chain and Storage",,,http://www.maersk.com/
A123 SYSTEMS,,,"1,001-5,000",Renewable Energy Semiconductor Manufacturing,,,http://www.a123systems.com/
A123 SYSTEMS,https://www.linkedin.com/company/a123-systems/,,"1,001-5,000",Renewable Energy Semiconductor Manufacturing,,,http://www.a123systems.com/
AA METALS,,,201-500,Mining,,286.1M,https://www.aametals.com
AA METALS,https://linkedin.com/company/aa-metals-inc,Florida,201-500,Mining,,286.1M,https://www.aametals.com
AAMP GLOBAL,,,180,electrical/electronic manufacturing,,35000000,http://www.aampglobal.com
AAMP GLOBAL,,Florida,180,electrical/electronic manufacturing,,35000000,http://www.aampglobal.com
AARP,,,"1,001-5,000",Non-profit Organizations,,,https://www.aarp.org/
AARP,https://www.linkedin.com/company/aarp/,,"1,001-5,000",Non-profit Organizations,,,https://www.aarp.org/
ABBOTT,,,three,,,,
ABBOTT,,,"10,001+",Hospitals and Health Care,,,https://www.abbott.com/
ABBOTT,https://www.linkedin.com/company/abbott-/,,"10,001+",Hospitals and Health Care,,,https://www.abbott.com/
"ABBYLAND FOODS, INC",,,"501-1,000",Food and Beverage Manufacturing,,310M,http://www.Abbyland.com
"ABBYLAND FOODS, INC",https://linkedin.com/company/abbyland-foods-inc,Wisconsin,"501-1,000",Food and Beverage Manufacturing,,310M,http://www.Abbyland.com
"ABLENET, INC.",,Minnesota,96,medical devices,,25000000,ablenetinc.com
"ABLENET, INC.",,Minnesota,96,medical devices,+16512942200,,ablenetinc.com
"ABLENET, INC.",,Minnesota,96,medical devices,+1-952-807-2317,,ablenetinc.com
"ABLENET, INC.",,Minnesota,96,medical devices,+1-970-590-8002,,ablenetinc.com
"ABRASIVE TECHNOLOGY, LLC",,,201-500,Machinery Manufacturing,,$69.6M,https://www.abrasive-tech.com/
"ABRASIVE TECHNOLOGY, LLC",https://linkedin.com/company/abrasive-technology/,,three,Machinery Manufacturing,,,https://www.abrasive-tech.com/
"ABRASIVE TECHNOLOGY, LLC",https://linkedin.com/company/abrasive-technology/,Ohio,201-500,Machinery Manufacturing,,$69.6M,https://www.abrasive-tech.com/
ABSOLUTE MACHINE TOOLS,,,51-200,Machinery Manufacturing,,36.2M,https://www.absolutemachine.com
ABSOLUTE MACHINE TOOLS,https://linkedin.com/company/absolute-machine-tools,,nine,Machinery Manufacturing,,,https://www.absolutemachine.com
ABSOLUTE MACHINE TOOLS,https://linkedin.com/company/absolute-machine-tools,Ohio,51-200,Machinery Manufacturing,,36.2M,https://www.absolutemachine.com
ACCESS FINANCIAL GROUP,,,0,,,,https://www.afinancial.com/
ACCESS FINANCIAL GROUP,,,0,,,,https://www.afinancial.com/
ACCOUNTING TAX & TECHNOLOGY SOLUTIONS,,,one,,,,https://www.accountingtaxtechnologysolutions.com/
ACCOUNTING TAX & TECHNOLOGY SOLUTIONS,,,two,,,,https://www.accountingtaxtechnologysolutions.com/
ACCUPAC,,,"501-1,000",Manufacturing,,200M,https://www.accupac.com/
ACCUPAC,https://www.linkedin.com/company/accupac,Pennsylvania,"501-1,000",Manufacturing,,200M,https://www.accupac.com/
ACCUREX,,Wisconsin,130,machinery,,47000000,accurex.com
ACCUREX,,Wisconsin,130,machinery,+1 (800) 333-1400,,accurex.com
"ACCUTREX PRODUCTS, INC.",,Pennsylvania,73,mining & metals,,$54M,accutrex.com
"ACCUTREX PRODUCTS, INC.",,Pennsylvania,73,mining & metals,+1-412-780-8325,,accutrex.com
"ACCUTREX PRODUCTS, INC.",,Pennsylvania,73,mining & metals,"+1-724-746-4300,+1-724-493-9313",,accutrex.com
ACE DORAN HAULING & RIGGING,https://www.linkedin.com/company/16194936,Kentucky,59,Transportation/Trucking/Railroad,,10000000,acedoran.com
ACE DORAN HAULING & RIGGING,https://www.linkedin.com/company/16194936,Ohio,59,Transportation/Trucking/Railroad,,10000000,acedoran.com
ACE PRECISION MACHINING,,,201-500,Aviation & Aerospace,,46.9M,http://www.aceprecision.com
ACE PRECISION MACHINING,https://linkedin.com/company/ace-precision-machining,Wisconsin,201-500,Aviation & Aerospace,,46.9M,http://www.aceprecision.com
ACIST MEDICAL SYSTEMS,,,335,medical devices,,200000000,acist.com
ACIST MEDICAL SYSTEMS,,Minnesota,335,medical devices,,200000000,acist.com
ACME CRYOGENICS,,,79,Industrial Machinery Manufacturing,,70000000,acmecryo.com
ACME CRYOGENICS,,Pennsylvania,79,Industrial Machinery Manufacturing,,70000000,acmecryo.com
ACME MANUFACTURING,,,51-200,Automation Machinery Manufacturing,,42.5M,https://www.acmemfg.com
ACME MANUFACTURING,https://linkedin.com/company/acmemfg,Michigan,51-200,Automation Machinery Manufacturing,,42.5M,https://www.acmemfg.com
"ACOUST-A-FIBER, INC.",,,"501-1,000",Motor Vehicle Manufacturing,,,http://www.mwaaf.com/
"ACOUST-A-FIBER, INC.",https://linkedin.com/company/acoust-a-fiber/,Ohio,"501-1,000",Motor Vehicle Manufacturing,,,http://www.mwaaf.com/
ACS - ENGINEER. INTEGRATE. BUILD.,,Wisconsin,99,Construction,,$75.5M,acscm.com
ACS - ENGINEER. INTEGRATE. BUILD.,,Wisconsin,99,Construction,+18002485391,,acscm.com
ACS GROUP,,,"501-1,000",Machinery Manufacturing,,33.8M,http://www.acscorporate.com
ACS GROUP,https://linkedin.com/company/acs-group_2,Wisconsin,"501-1,000",Machinery Manufacturing,,33.8M,http://www.acscorporate.com
ACTIA CORPORATION,,Indiana,81,electrical/electronic manufacturing,,26000000,actiaus.com
ACTIA CORPORATION,,Indiana,81,electrical/electronic manufacturing,,,actiaus.com
ACTS XXIX,,,8,Religious Institutions,,,https://www.actsxxix.org/
ACTS XXIX,https://www.linkedin.com/company/acts-xxix/,,8,Religious Institutions,,,https://www.actsxxix.org/
ACUMENT GLOBAL TECHNOLOGIES - NORTH AMERICA,,Michigan,890,Automotive,,139000000,fontanagruppoagtna.com
ACUMENT GLOBAL TECHNOLOGIES - NORTH AMERICA,,Michigan,890,Automotive,,,fontanagruppoagtna.com
ACUTEC PRECISION AEROSPACE,,,201-500,Aviation and Aerospace Component Manufacturing,,42M,http://www.acutecprecision.com/
ACUTEC PRECISION AEROSPACE,https://www.linkedin.com/company/2107190,Pennsylvania,201-500,Aviation and Aerospace Component Manufacturing,,42M,http://www.acutecprecision.com/
ADAC,,Michigan,632,Automotive,,352700000,adacautomotive.com
ADAC,,Michigan,632,Automotive,,,adacautomotive.com
ADALET,,,230,electrical/electronic manufacturing,,43999000,http://www.adalet.com
ADALET,,Ohio,230,electrical/electronic manufacturing,,43999000,http://www.adalet.com
ADCO CIRCUITS,,,61,"Appliances, Electrical, and Electronics Manufacturing",,27900000,adcocircuits.com
ADCO CIRCUITS,,Michigan,61,"Appliances, Electrical, and Electronics Manufacturing",,27900000,adcocircuits.com
ADHESIVES RESEARCH,,,201-500,Chemical Manufacturing,,107.5M,https://www.adhesivesresearch.com/
ADHESIVES RESEARCH,https://www.linkedin.com/company/48179,Pennsylvania,201-500,Chemical Manufacturing,,107.5M,https://www.adhesivesresearch.com/
ADKEV,,Indiana,130,plastics,,98200000,adkev.com
ADKEV,,Indiana,130,plastics,,,adkev.com
ADRIAN STEEL,,,51-200,Motor Vehicle Manufacturing,,52M,http://www.adriansteel.com
ADRIAN STEEL,https://www.linkedin.com/company/adrian-steel,,six,Motor Vehicle Manufacturing,,,http://www.adriansteel.com
ADRIAN STEEL,https://www.linkedin.com/company/adrian-steel,Michigan,51-200,Motor Vehicle Manufacturing,,52M,http://www.adriansteel.com
AD-TECH MEDICAL INSTRUMENT CORPORATION,,Wisconsin,66,medical devices,,28000000,adtechmedical.com
AD-TECH MEDICAL INSTRUMENT CORPORATION,,Wisconsin,66,medical devices,"+1-262-930-2816,+1-262-930-6836",,adtechmedical.com
AD-TECH MEDICAL INSTRUMENT CORPORATION,,Wisconsin,66,medical devices,"+1-281-384-4946,+1-281-923-7369",,adtechmedical.com
AD-TECH MEDICAL INSTRUMENT CORPORATION,,Wisconsin,66,medical devices,+1-414-339-9572,,adtechmedical.com
"ADVANCE TURNING & MANUFACTURING, INC.",,Michigan,65,medical devices,,25000000,advanceturning.com
"ADVANCE TURNING & MANUFACTURING, INC.",,Michigan,65,medical devices,+1-517-745-0879,,advanceturning.com
"ADVANCE TURNING & MANUFACTURING, INC.",,Michigan,65,medical devices,+15177832713,,advanceturning.com
"ADVANCE TURNING & MANUFACTURING, INC.",,Michigan,65,medical devices,+1-517-795-2327,,advanceturning.com
"ADVANCE TURNING & MANUFACTURING, INC.",,Michigan,65,medical devices,+1-517-902-1511,,advanceturning.com
ADVANCED BUSINESS EQUIPMENT,,,11-50,Retail Office Equipment,,,https://www.abecarolina.com/
ADVANCED BUSINESS EQUIPMENT,https://www.linkedin.com/company/advanced-business-equipment/,,11-50,Retail Office Equipment,,,https://www.abecarolina.com/
ADVANCED POLYMER COATINGS,,,51-200,Chemical Manufacturing,,35.5M,http://www.adv-polymer.com
ADVANCED POLYMER COATINGS,https://www.linkedin.com/company/561900,Ohio,51-200,Chemical Manufacturing,,35.5M,http://www.adv-polymer.com
ADVANTEK,,,"501-1,000",Semiconductor Manufacturing,,,https://www.advantek.com/
ADVANTEK,https://www.linkedin.com/company/advantek/,,"501-1,000",Semiconductor Manufacturing,,,https://www.advantek.com/
ADVICE4BUSINESS,,,2-10,Business Consulting and Services,,,https://www.advice4businessne.com/
ADVICE4BUSINESS,https://www.linkedin.com/company/advice4business-ne/,,ten,Business Consulting and Services,,,https://www.advice4businessne.com/
ADVICE4BUSINESS,https://www.linkedin.com/company/advice4business-ne/,,2-10,Business Consulting and Services,,,https://www.advice4businessne.com/
ADVICS MANUFACTURING OHIO,,,"501-1,000",Motor Vehicle Manufacturing,,40M,http://www.advics-ohio.com
ADVICS MANUFACTURING OHIO,https://www.linkedin.com/company/6618074,Ohio,"501-1,000",Motor Vehicle Manufacturing,,40M,http://www.advics-ohio.com
ADVICS NORTH AMERICA,,,"1,001-5,000",Motor Vehicle Manufacturing,,188.2M,http://www.advics-na.com
ADVICS NORTH AMERICA,https://www.linkedin.com/company/151098,Ohio,"1,001-5,000",Motor Vehicle Manufacturing,,188.2M,http://www.advics-na.com
AERO MARK INC,,,2,Airlines/aviation,,,https://www.aeromark.com/
AERO MARK INC,http://www.linkedin.com/company/aeromark-inc,,2,Airlines/aviation,,,https://www.aeromark.com/
AERO METALS INC.,,,69,"Agriculture, Construction, Mining Machinery Manufacturing",,45000000,aerometals.com
AERO METALS INC.,,Indiana,69,"Agriculture, Construction, Mining Machinery Manufacturing",,45000000,aerometals.com
AEROSTAR (AEROSTAR INTERNATIONAL LLC),,,170,Defense and Space Manufacturing,,25000000,aerostar.com
AEROSTAR (AEROSTAR INTERNATIONAL LLC),,South Dakota,170,Defense and Space Manufacturing,,25000000,aerostar.com
AEROSTAR MANUFACTURING,,Michigan,60,mining & metals,,$27.3M,aerostarmfg.com
AEROSTAR MANUFACTURING,,Michigan,60,mining & metals,+1-716-510-5885,,aerostarmfg.com
AEROSTAR MANUFACTURING,,Michigan,60,mining & metals,+17349420615,,aerostarmfg.com
AEROTECH,,,201-500,Automation Machinery Manufacturing,,117.8M,http://www.aerotech.com
AEROTECH,https://www.linkedin.com/company/40062,Pennsylvania,201-500,Automation Machinery Manufacturing,,117.8M,http://www.aerotech.com
AFC INDUSTRIES,,,190,logistics & supply chain,,400000000,http://www.afcind.com
AFC INDUSTRIES,,Ohio,190,logistics & supply chain,,400000000,http://www.afcind.com
AFC-HOLCROFT,,Michigan,85,machinery,,36500000,afc-holcroft.com
AFC-HOLCROFT,,Michigan,85,machinery,+1 (734) 459-9850,,afc-holcroft.com
AFLAC,,,19000,Insurance,,,https://www.aflac.com/
AFLAC,http://www.linkedin.com/company/aflac,,19000,Insurance,,,https://www.aflac.com/
AG CONTAINER TRANSPORT,https://www.linkedin.com/company/ag-container-transport-llc,,five,Transportation/Trucking/Railroad,,,cmhdray.com
AG CONTAINER TRANSPORT,https://www.linkedin.com/company/ag-container-transport-llc,Ohio,200,Transportation/Trucking/Railroad,,50000000,cmhdray.com
AGI,,,201-500,Defense and Space Manufacturing,,58M,https://www.agi.com
AGI,https://www.linkedin.com/company/7853,Pennsylvania,201-500,Defense and Space Manufacturing,,58M,https://www.agi.com
AGRA INDUSTRIES,,Wisconsin,190,Construction,,184600000,agraind.com
AGRA INDUSTRIES,,Wisconsin,190,Construction,+17155369584,,agraind.com
AH GROUP OF COMPANIES,,Michigan,500,machinery,,44500000,ahgroupna.com
AH GROUP OF COMPANIES,,Michigan,500,machinery,+1 (877) 983-4230,,ahgroupna.com
AHAUS TOOL & ENGINEERING,,Indiana,60,machinery,,27200000,ahaus.com
AHAUS TOOL & ENGINEERING,,Indiana,60,machinery,+17659623571,,ahaus.com
AHRESTY WILMINGTON,,,"501-1,000",Motor Vehicle Manufacturing,,63.3M,http://www.ahresty.com/
AHRESTY WILMINGTON,https://www.linkedin.com/company/1569957,Ohio,"501-1,000",Motor Vehicle Manufacturing,,63.3M,http://www.ahresty.com/
AIDA-AMERICA,,,201-500,Machinery Manufacturing,,40.3M,http://www.aida-america.com
AIDA-AMERICA,https://linkedin.com/company/aida-america,,nine,Machinery Manufacturing,,,http://www.aida-america.com
AIDA-AMERICA,https://linkedin.com/company/aida-america,Ohio,201-500,Machinery Manufacturing,,40.3M,http://www.aida-america.com
AIDA-AMERICA,https://www.linkedin.com/company/aida-america,Ohio,201,machinery,,50000000,aida-america.com
AIR HYDRO POWER,,Kentucky,170,Industrial Automation,,100000000,airhydropower.com
AIR HYDRO POWER,,Kentucky,170,Industrial Automation,,,airhydropower.com
AIRLINE HYDRAULICS,,,201-500,Industrial Automation,,30M,https://www.airlinehyd.com/
AIRLINE HYDRAULICS,https://www.linkedin.com/company/543132,Pennsylvania,201-500,Industrial Automation,,30M,https://www.airlinehyd.com/
AIRSTREAM,,,"501-1,000",Motor Vehicle Manufacturing,,375M,http://www.airstream.com
AIRSTREAM,https://linkedin.com/company/airstream,Ohio,"501-1,000",Motor Vehicle Manufacturing,,375M,http://www.airstream.com
AIR-WAY GLOBAL MANUFACTURING COMPANY,,Michigan,91,Construction,,$190.1M,air-way.com
AIR-WAY GLOBAL MANUFACTURING COMPANY,,Michigan,91,Construction,,,air-way.com
AIR-WAY GLOBAL MANUFACTURING COMPANY,,Michigan,91,Construction,+1-517-232-5658,,air-way.com
AJAX PAVING INDUSTRIES,,Florida,170,Construction,,$274.1M,ajaxpaving.com
AJAX PAVING INDUSTRIES,,Florida,170,Construction,+12482443300,,ajaxpaving.com
AJAX PAVING INDUSTRIES,,Florida,170,Construction,+1-715-927-0324,,ajaxpaving.com
AJAX PAVING INDUSTRIES,,Florida,170,Construction,+1-941-518-9407,,ajaxpaving.com
AJAX PAVING INDUSTRIES,,Florida,170,Construction,+1-941-650-4895,,ajaxpaving.com
AKKERMAN - UNDERGROUND CONSTRUCTION EQUIPMENT MANUFACTURER,,Minnesota,54,machinery,,25000000,akkerman.com
AKKERMAN - UNDERGROUND CONSTRUCTION EQUIPMENT MANUFACTURER,,Minnesota,54,machinery,+1 (800) 533-0386,,akkerman.com
AKROCHEM,,,51-200,Chemical Manufacturing,,38.7M,http://www.akrochem.com
AKROCHEM,https://www.linkedin.com/company/4018494,Ohio,51-200,Chemical Manufacturing,,38.7M,http://www.akrochem.com
AKRO-MILS,,,201-500,Plastics Manufacturing,,50M,http://www.akro-mils.com
AKRO-MILS,https://linkedin.com/company/akro-mils,Ohio,201-500,Plastics Manufacturing,,50M,http://www.akro-mils.com
ALABAMA OUTDOORS,,,61,Retail,,33915000,http://www.alabamaoutdoors.com
ALABAMA OUTDOORS,,Alabama,61,Retail,,33915000,http://www.alabamaoutdoors.com
ALABAMA PORT AUTHORITY,,,170,Maritime,,,https://www.alports.com/
ALABAMA PORT AUTHORITY,http://www.linkedin.com/company/alabama-port-authority,,170,Maritime,,,https://www.alports.com/
ALABAMA TECHNOLOGY NETWORK,,,51-200,Professional Training and Coaching,,,https://www.atn.org/
ALABAMA TECHNOLOGY NETWORK,https://www.linkedin.com/company/alabama-technology-network/,,51-200,Professional Training and Coaching,,,https://www.atn.org/
ALARNG,,,six,,,,https://al.ng.mil/
ALARNG,,,seven,,,,https://al.ng.mil/
ALBAWANI,,,"10,001+",Construction,,,https://www.albawani.net/
ALBAWANI,https://www.linkedin.com/company/albawani/,,seven,Construction,,,https://www.albawani.net/
ALBAWANI,https://www.linkedin.com/company/albawani/,,"10,001+",Construction,,,https://www.albawani.net/
ALECTRA,,,"1,001-5,000",Utilities,,,https://www.alectra.com/
ALECTRA,https://www.linkedin.com/company/alectra/,,"1,001-5,000",Utilities,,,https://www.alectra.com/
ALEXANDRIA INDUSTRIES,,Minnesota,210,mining & metals,,$155.3M,alexandriaindustries.com
ALEXANDRIA INDUSTRIES,,Minnesota,210,mining & metals,+1-320-304-2883,,alexandriaindustries.com
ALEXANDRIA INDUSTRIES,,Minnesota,210,mining & metals,+1-320-491-2127,,alexandriaindustries.com
ALEXANDRIA INDUSTRIES,,Minnesota,210,mining & metals,"+1-320-492-9238,+1-320-760-3759",,alexandriaindustries.com
ALEXANDRIA INDUSTRIES,,Minnesota,210,mining & metals,+1-612-554-1269,,alexandriaindustries.com
ALEXANDRIA INDUSTRIES,,Minnesota,210,mining & metals,+18005686601,,alexandriaindustries.com
ALKON,,,51-200,Machinery Manufacturing,,45M,http://www.alkoncorp.com
ALKON,https://www.linkedin.com/company/1367491,Ohio,51-200,Machinery Manufacturing,,45M,http://www.alkoncorp.com
ALL FIBER & SCRAP RECYCLING,,,two,,,,http://afsrecycling.com/
ALL FIBER & SCRAP RECYCLING,,,nine,,,,http://afsrecycling.com/
ALL FLORIDA PAPER,,,88,logistics & supply chain,,30132000,http://www.allfloridapaper.com
ALL FLORIDA PAPER,,Florida,88,logistics & supply chain,,30132000,http://www.allfloridapaper.com
ALLEGHENY BRADFORD CORPORATION,,Pennsylvania,93,machinery,,37500000,alleghenybradford.com
ALLEGHENY BRADFORD CORPORATION,,Pennsylvania,93,machinery,+1 (814) 362-2590,,alleghenybradford.com
ALLEGIS CORPORATION,,,97,Mechanical Or Industrial Engineering,,228900000,allegiscorp.com
ALLEGIS CORPORATION,,Minnesota,97,Mechanical Or Industrial Engineering,,228900000,allegiscorp.com
ALL-FILL,,Pennsylvania,93,Packaging & Containers,,25000000,all-fill.com
ALL-FILL,,Pennsylvania,93,Packaging & Containers,,,all-fill.com
ALLIANCE INDUSTRIES INC.,https://www.linkedin.com/company/alliance-industries-inc.,,eight,machinery,,,allianceindustries.com
ALLIANCE INDUSTRIES INC.,https://www.linkedin.com/company/alliance-industries-inc.,Ohio,192,machinery,,100000000,allianceindustries.com
ALLIANCE PHARMA,,,201-500,Pharmaceutical Manufacturing,,32M,http://www.alliancepharmaco.com/
ALLIANCE PHARMA,https://www.linkedin.com/company/9355645,Pennsylvania,201-500,Pharmaceutical Manufacturing,,32M,http://www.alliancepharmaco.com/
ALLIANCEBERNSTEIN,,,one,,,,
ALLIANCEBERNSTEIN,,,"1,001-5,000 employees",Financial Services,,,https://www.alliancebernstein.com/
ALLIANT POWER,,Wisconsin,88,Automotive,,34600000,alliantpower.com
ALLIANT POWER,,Wisconsin,88,Automotive,+16088425100,,alliantpower.com
"ALLIANT TECHNOLOGIES, LLC",,,73,Automation Machinery Manufacturing,,39761000,alliantechnologies.com
"ALLIANT TECHNOLOGIES, LLC",,Kentucky,73,Automation Machinery Manufacturing,,39761000,alliantechnologies.com
ALLIANZ,,,155000,Financial Services,,,https://tech.allianz.com/
ALLIANZ,https://www.linkedin.com/company/allianz-technology/,,155000,Financial Services,,,https://tech.allianz.com/
ALLIED MACHINE & ENGINEERING,,,201-500,Machinery Manufacturing,,93.8M,http://www.alliedmachine.com
ALLIED MACHINE & ENGINEERING,https://www.linkedin.com/company/72279,Ohio,201-500,Machinery Manufacturing,,93.8M,http://www.alliedmachine.com
ALLIED MINERAL PRODUCTS,,,"1,001-5,000","Glass, Ceramics and Concrete Manufacturing",,,http://www.alliedmineral.com
ALLIED MINERAL PRODUCTS,https://www.linkedin.com/company/allied-mineral-products/about/,,"1,001-5,000","Glass, Ceramics and Concrete Manufacturing",,,http://www.alliedmineral.com
ALLIED MOULDED PRODUCTS,,,180,electrical/electronic manufacturing,,40000000,http://www.alliedmoulded.com
ALLIED MOULDED PRODUCTS,,,201-500,"Appliances, Electrical, and Electronics Manufacturing",,40M,http://www.alliedmoulded.com
ALLIED MOULDED PRODUCTS,,Ohio,180,electrical/electronic manufacturing,,40000000,http://www.alliedmoulded.com
ALLIED MOULDED PRODUCTS,https://www.linkedin.com/company/800832,Ohio,201-500,"Appliances, Electrical, and Electronics Manufacturing",,40M,http://www.alliedmoulded.com
"ALLIED PLASTICS, LLC",,,201-500,Plastics Manufacturing,,45.1M,http://www.alliedplastics.com
"ALLIED PLASTICS, LLC",https://linkedin.com/company/alliedplastics,Wisconsin,201-500,Plastics Manufacturing,,45.1M,http://www.alliedplastics.com
ALLIED WIRE & CABLE,,,200,electrical/electronic manufacturing,,75000000,http://www.awcwire.com
ALLIED WIRE & CABLE,,,201-500,"Appliances, Electrical, and Electronics Manufacturing",,75M,https://www.awcwire.com
ALLIED WIRE & CABLE,https://www.linkedin.com/company/220868,,four,"Appliances, Electrical, and Electronics Manufacturing",,,https://www.awcwire.com
ALLIED WIRE & CABLE,https://www.linkedin.com/company/220868,Pennsylvania,201-500,"Appliances, Electrical, and Electronics Manufacturing",,75M,https://www.awcwire.com
ALLINA HEALTH,,,"10,001+",Hospitals and Health Care,,,https://www.allinahealth.org/
ALLINA HEALTH,https://www.linkedin.com/company/allina-health/,,"10,001+",Hospitals and Health Care,,,https://www.allinahealth.org/
ALLNEX,,,"1,001-5,000",Chemical Manufacturing,,,http://www.allnex.com/
ALLNEX,https://www.linkedin.com/company/allnex/,,"1,001-5,000",Chemical Manufacturing,,,http://www.allnex.com/
ALLYALIGN HEALTH,,,51-200,Hospitals and Health Care,,,https://www.allyalign.com/
ALLYALIGN HEALTH,https://www.linkedin.com/company/allyalign-health/,,51-200,Hospitals and Health Care,,,https://www.allyalign.com/
"ALMANZA, BLACKBURN, DICKIE & MITCHELL LLP",,,three,,,,
"ALMANZA, BLACKBURN, DICKIE & MITCHELL LLP",,,11-50,Legal Services,,,http://www.abdmlaw.com/
"ALMANZA, BLACKBURN, DICKIE & MITCHELL LLP",https://www.linkedin.com/company/almanza-blackburn-&-dickie-llp/,,11-50,Legal Services,,,http://www.abdmlaw.com/
ALPHA IMAGING,,,51-200,Medical Equipment Manufacturing,,98.9M,http://www.alpha-imaging.com
ALPHA IMAGING,https://www.linkedin.com/company/1153713,Ohio,51-200,Medical Equipment Manufacturing,,98.9M,http://www.alpha-imaging.com
ALPHA SOURCE GROUP,,Wisconsin,360,medical devices,,62000000,alphasourcegroup.com
ALPHA SOURCE GROUP,,Wisconsin,360,medical devices,+12015418700,,alphasourcegroup.com
ALPHA SOURCE GROUP,,Wisconsin,360,medical devices,+1-414-336-6754,,alphasourcegroup.com
ALPHA SOURCE GROUP,,Wisconsin,360,medical devices,+1-513-504-5659,,alphasourcegroup.com
"ALPHA SOURCE, INC.",,,201-500,Medical Equipment Manufacturing,,39.1M,http://www.alphasource.com
"ALPHA SOURCE, INC.",,Wisconsin,57,medical devices,,50000000,alphasource.com
"ALPHA SOURCE, INC.",,Wisconsin,57,medical devices,+12015418700,,alphasource.com
"ALPHA SOURCE, INC.",,Wisconsin,57,medical devices,+1-262-598-1766,,alphasource.com
"ALPHA SOURCE, INC.",,Wisconsin,57,medical devices,+1-815-329-8301,,alphasource.com
"ALPHA SOURCE, INC.",https://linkedin.com/company/alpha-source-inc-,Wisconsin,201-500,Medical Equipment Manufacturing,,39.1M,http://www.alphasource.com
ALTAPOINTE HEALTH SYSTEMS,,,"1,001-5,000",Hospitals and Health Care,,,https://altapointe.org/
ALTAPOINTE HEALTH SYSTEMS,,,650,Hospital & Health Care,,,https://altapointe.org/
ALTAPOINTE HEALTH SYSTEMS,http://www.linkedin.com/company/altapointe-health,,650,Hospital & Health Care,,,https://altapointe.org/
ALTAPOINTE HEALTH SYSTEMS,https://www.linkedin.com/company/altapointe-health/,,"1,001-5,000",Hospitals and Health Care,,,https://altapointe.org/
ALTAWORX,,,30,Telecommunications,,,https://www.altaworx.com/
ALTAWORX,https://www.linkedin.com/company/altaworx/,,30,Telecommunications,,,https://www.altaworx.com/
ALTERED STATE,,,1600,Retail,,250000000,http://www.altardstate.com
ALTERED STATE,,Tennessee,1600,Retail,,250000000,http://www.altardstate.com
ALTRON AUTOMATION,,,88,Industrial Machinery Manufacturing,,64684000,altronautomation.com
ALTRON AUTOMATION,,Michigan,88,Industrial Machinery Manufacturing,,64684000,altronautomation.com
ALVITA CARE,,,51-200,Individual and Family Services,,,https://alvitacare.com/
ALVITA CARE,https://www.linkedin.com/company/alvita-care/,,51-200,Individual and Family Services,,,https://alvitacare.com/
AM GENERAL,,Indiana,960,Defense & Space,,230000000,amgeneral.com
AM GENERAL,,Indiana,960,Defense & Space,,,amgeneral.com
AMAZON WEB SERVICES,,,"10,001+",IT Services and IT Consulting,,,https://aws.amazon.com/
AMAZON WEB SERVICES,https://www.linkedin.com/company/amazon-web-services/,,"10,001+",IT Services and IT Consulting,,,https://aws.amazon.com/
AMBE ENGINEERING LLC,,Michigan,110,Automotive,,42200000,ambeeng.com
AMBE ENGINEERING LLC,,Michigan,110,Automotive,+18109860895,,ambeeng.com
AMERCAREROYAL,,,"501-1,000",Manufacturing,,450M,https://amercareroyal.com/
AMERCAREROYAL,https://www.linkedin.com/company/18608162,Pennsylvania,"501-1,000",Manufacturing,,450M,https://amercareroyal.com/
AMEREX,,,240,Business Supplies & Equipment,,82400000,http://www.amerex-fire.com
AMEREX,,,"501-1,000",Business Supplies & Equipment,,82.4M,http://www.amerex-fire.com/
AMEREX,,Alabama,240,Business Supplies & Equipment,,82400000,http://www.amerex-fire.com
AMEREX,https://linkedin.com/company/amerex-corporation,Alabama,"501-1,000",Business Supplies & Equipment,,82.4M,http://www.amerex-fire.com/
AMERHART LTD,,,201-500,Building Materials,,65.5M,http://www.amerhart.com
AMERHART LTD,https://linkedin.com/company/amerhart,Wisconsin,201-500,Building Materials,,65.5M,http://www.amerhart.com
AMERICAN BATTERY SOLUTIONS,,,51-200,"Appliances, Electrical, and Electronics Manufacturing",,59.8M,http://www.americanbatterysolutions.com
AMERICAN BATTERY SOLUTIONS,https://linkedin.com/company/american-battery-solutions,Michigan,51-200,"Appliances, Electrical, and Electronics Manufacturing",,59.8M,http://www.americanbatterysolutions.com
AMERICAN BATTERY SOLUTIONS INC.,,,140,"Appliances, Electrical, and Electronics Manufacturing",,59800000,americanbatterysolutions.com
AMERICAN BATTERY SOLUTIONS INC.,,Michigan,140,"Appliances, Electrical, and Electronics Manufacturing",,59800000,americanbatterysolutions.com
AMERICAN CRANE AND EQUIPMENT,,,51-200,Machinery Manufacturing,,$31.9M,http://www.americancrane.com
AMERICAN CRANE AND EQUIPMENT,https://www.linkedin.com/company/1177244,,four,Machinery Manufacturing,,,http://www.americancrane.com
AMERICAN CRANE AND EQUIPMENT,https://www.linkedin.com/company/1177244,Pennsylvania,51-200,Machinery Manufacturing,,$31.9M,http://www.americancrane.com
AMERICAN EAGLE PAPER MILLS,,,201-500,Paper and Forest Product Manufacturing,,40M,http://www.aepaper.com
AMERICAN EAGLE PAPER MILLS,https://www.linkedin.com/company/5392535,Pennsylvania,201-500,Paper and Forest Product Manufacturing,,40M,http://www.aepaper.com
AMERICAN EXPEDITION VEHICLES,,Michigan,69,Automotive,,25000000,aev-conversions.com
AMERICAN EXPEDITION VEHICLES,,Michigan,69,Automotive,+14062512100,,aev-conversions.com
"AMERICAN FREIGHT FURNITURE, MATTRESS, APPLIANCE",,,"1,001-5,000",Furniture and Home Furnishings Manufacturing,,$292.3M,https://www.americanfreight.com/
"AMERICAN FREIGHT FURNITURE, MATTRESS, APPLIANCE",https://linkedin.com/company/americanfreight/,Ohio,"1,001-5,000",Furniture and Home Furnishings Manufacturing,,$292.3M,https://www.americanfreight.com/
AMERICAN GIRL,,,"1,001-5,000",Manufacturing,,231.5M,http://www.americangirl.com
AMERICAN GIRL,https://linkedin.com/company/american-girl,Wisconsin,"1,001-5,000",Manufacturing,,231.5M,http://www.americangirl.com
AMERICAN HEALTH PACKAGING,,,201-500,Pharmaceutical Manufacturing,,40M,http://www.americanhealthpackaging.com/
AMERICAN HEALTH PACKAGING,https://linkedin.com/company/american-health-packaging/,Ohio,201-500,Pharmaceutical Manufacturing,,40M,http://www.americanhealthpackaging.com/
AMERICAN LICORICE COMPANY,,Indiana,270,Mechanical Or Industrial Engineering,,260000000,americanlicorice.com
AMERICAN LICORICE COMPANY,,Indiana,270,Mechanical Or Industrial Engineering,+1-215-869-0058,,americanlicorice.com
AMERICAN LICORICE COMPANY,,Indiana,270,Mechanical Or Industrial Engineering,"+1-219-369-3937,+1-510-487-5500",,americanlicorice.com
AMERICAN LICORICE COMPANY,,Indiana,270,Mechanical Or Industrial Engineering,+1-541-241-0814,,americanlicorice.com
AMERICAN LICORICE COMPANY,,Indiana,270,Mechanical Or Industrial Engineering,+1-708-473-2183,,americanlicorice.com
AMERICAN LICORICE COMPANY,,Indiana,270,Mechanical Or Industrial Engineering,+18664422783,,americanlicorice.com
AMERICAN ORTHODONTICS,,,"501-1,000",Medical Equipment Manufacturing,,85M,http://www.americanortho.com
AMERICAN ORTHODONTICS,,Wisconsin,520,medical devices,,110000000,americanortho.com
AMERICAN ORTHODONTICS,,Wisconsin,520,medical devices,"+1-414-405-4235,+1-920-296-1810,+1-920-207-2051",,americanortho.com
AMERICAN ORTHODONTICS,,Wisconsin,520,medical devices,"+1-443-991-3508,+1-920-467-0809",,americanortho.com
AMERICAN ORTHODONTICS,,Wisconsin,520,medical devices,+19204575051,,americanortho.com
AMERICAN ORTHODONTICS,,Wisconsin,520,medical devices,"+1-920-457-5051,+1-602-628-0443",,americanortho.com
AMERICAN ORTHODONTICS,https://linkedin.com/company/american-orthodontics,Wisconsin,"501-1,000",Medical Equipment Manufacturing,,85M,http://www.americanortho.com
AMERICAN PACKAGING CORPORATION,,,"1,001-5,000",Packaging and Containers Manufacturing,,450M,http://www.americanpackaging.com
AMERICAN PACKAGING CORPORATION,https://linkedin.com/company/american-packaging-corporation,,two,Packaging and Containers Manufacturing,,,http://www.americanpackaging.com
AMERICAN PACKAGING CORPORATION,https://linkedin.com/company/american-packaging-corporation,Wisconsin,"1,001-5,000",Packaging and Containers Manufacturing,,450M,http://www.americanpackaging.com
"AMERICAN PHOENIX, INC.",,,"501-1,000",Chemical Manufacturing,,$77.7M,http://www.apimix.net
"AMERICAN PHOENIX, INC.",https://linkedin.com/company/american-phoenix,Minnesota,"501-1,000",Chemical Manufacturing,,$77.7M,http://www.apimix.net
AMERICAN SILK MILLS,,,seven,,,,https://www.americansilk.com/
AMERICAN SILK MILLS,,,one,,,,https://www.americansilk.com/
AMERICAN TEXTILE,,,"1,001-5,000",Textile Manufacturing,,$217.3M,http://www.americantextile.com
AMERICAN TEXTILE,https://www.linkedin.com/company/88229,Pennsylvania,"1,001-5,000",Textile Manufacturing,,$217.3M,http://www.americantextile.com
AMERICAN TIME,,Minnesota,89,electrical/electronic manufacturing,,$25.0M,american-time.com
AMERICAN TIME,,Minnesota,89,electrical/electronic manufacturing,+18003288996,,american-time.com
AMERICAN TRIM,,,"501-1,000",Manufacturing,,250M,http://www.amtrim.com
AMERICAN TRIM,https://www.linkedin.com/company/41812,Ohio,"501-1,000",Manufacturing,,250M,http://www.amtrim.com
AMERICAN WIRE GROUP,,,64,electrical/electronic manufacturing,,150000000,http://www.buyawg.com
AMERICAN WIRE GROUP,,Florida,64,electrical/electronic manufacturing,,150000000,http://www.buyawg.com
AMERICHEM,,,"501-1,000",Plastics Manufacturing,,350M,http://www.americhem.com
AMERICHEM,https://linkedin.com/company/americhem,Ohio,"501-1,000",Plastics Manufacturing,,350M,http://www.americhem.com
AMERICOLD LOGISTICS,,,"10,001+",Truck Transportation,,,https://www.americold.com/
AMERICOLD LOGISTICS,https://www.linkedin.com/company/americold-logistics/,,"10,001+",Truck Transportation,,,https://www.americold.com/
"AMERICOLD LOGISTICS, LLC.",,,seven,,,,
"AMERICOLD LOGISTICS, LLC.",,,6100,Transportation/Trucking/Railroad,,,https://www.americold.com/
"AMERICOLD LOGISTICS, LLC.",http://www.linkedin.com/company/americold-logistics,,6100,Transportation/Trucking/Railroad,,,https://www.americold.com/
AMETEK ENGINEERED MEDICAL COMPONENTS (EMC),,Minnesota,86,medical devices,,28600000,ametekemc.com
AMETEK ENGINEERED MEDICAL COMPONENTS (EMC),,Minnesota,86,medical devices,,,ametekemc.com
AMETEK SOLIDSTATE CONTROLS,,,110,electrical/electronic manufacturing,,30000000,http://www.solidstatecontrolsinc.com
AMETEK SOLIDSTATE CONTROLS,,Ohio,110,electrical/electronic manufacturing,,30000000,http://www.solidstatecontrolsinc.com
AMHERST H. WILDER FOUNDATION,,,201-500,Non-profit Organization Management,,,https://www.wilder.org/
AMHERST H. WILDER FOUNDATION,https://www.linkedin.com/company/wilderfoundation/,,201-500,Non-profit Organization Management,,,https://www.wilder.org/
AMPHENOL BORISCH,,,51-200,Defense and Space Manufacturing,,50M,http://www.borisch.com
AMPHENOL BORISCH,https://linkedin.com/company/borisch-manufacturing,Michigan,51-200,Defense and Space Manufacturing,,50M,http://www.borisch.com
AMPHENOL BORISCH TECHNOLOGIES,,Michigan,250,Defense & Space,,50000000,borisch.com
AMPHENOL BORISCH TECHNOLOGIES,,Michigan,250,Defense & Space,+1-269-501-2219,,borisch.com
AMPHENOL BORISCH TECHNOLOGIES,,Michigan,250,Defense & Space,+1-517-990-5831,,borisch.com
AMSTED AUTOMOTIVE,,,four,,,,
AMSTED AUTOMOTIVE,,,640,Automotive,,,https://amstedauto.com/
AMSTED AUTOMOTIVE,,Michigan,650,Automotive,,189900000,amstedauto.com
AMSTED AUTOMOTIVE,,Michigan,650,Automotive,+19897541103,,amstedauto.com
AMSTED AUTOMOTIVE,http://www.linkedin.com/company/amsted-automotive,,640,Automotive,,,https://amstedauto.com/
AMWOOD BUILDING SYSTEMS,,,51-200,Building Materials,,,https://www.amwoodhomes.com/
AMWOOD BUILDING SYSTEMS,https://www.linkedin.com/company/amwood-homes-inc./,,51-200,Building Materials,,,https://www.amwoodhomes.com/
AMWOOD HOMES,,,seven,,,,
AMWOOD HOMES,,,51-200,Building Materials,,,https://www.amwoodhomes.com/
AMWOOD HOMES,https://www.linkedin.com/company/amwood-homes-inc./,,51-200,Building Materials,,,https://www.amwoodhomes.com/
AMX,,,150,logistics & supply chain,,45046000,http://www.amxtrucking.com
AMX,,Alabama,150,logistics & supply chain,,45046000,http://www.amxtrucking.com
ANAPLAN,,,"1,001-5,000",Software Development,,,https://www.anaplan.com/
ANAPLAN,https://www.linkedin.com/company/anaplan/,,"1,001-5,000",Software Development,,,https://www.anaplan.com/
ANCHOR HOCKING,,,450,Consumer Goods,,300000000,http://www.anchorhocking.com
ANCHOR HOCKING,,,"501-1,000",Consumer Goods,,300M,http://www.anchorhocking.com
ANCHOR HOCKING,,Ohio,450,Consumer Goods,,300000000,http://www.anchorhocking.com
ANCHOR HOCKING,https://www.linkedin.com/company/29700,,one,Consumer Goods,,,http://www.anchorhocking.com
ANCHOR HOCKING,https://www.linkedin.com/company/29700,Ohio,"501-1,000",Consumer Goods,,300M,http://www.anchorhocking.com
ANCHOR MANUFACTURING GROUP,,,201-500,Motor Vehicle Manufacturing,,54.8M,http://www.anchor-mfg.com
ANCHOR MANUFACTURING GROUP,https://linkedin.com/company/anchor-manufacturing-group,Ohio,201-500,Motor Vehicle Manufacturing,,54.8M,http://www.anchor-mfg.com
ANCILLARE,,,51-200,Pharmaceutical Manufacturing,,59M,http://www.ancillare.com
ANCILLARE,https://www.linkedin.com/company/1135483,Pennsylvania,51-200,Pharmaceutical Manufacturing,,59M,http://www.ancillare.com
ANDERSON ALUMINUM,,,eight,,,,
ANDERSON ALUMINUM,,,51-200,Construction,,,http://andersoncompanies.com/
ANDERSON ALUMINUM,https://www.linkedin.com/company/anderson-aluminum-corporation/,,51-200,Construction,,,http://andersoncompanies.com/
ANDERSON ALUMINUM CORPORATION,,,51-200,Construction,,,http://andersoncompanies.com/
ANDERSON ALUMINUM CORPORATION,https://www.linkedin.com/company/anderson-aluminum-corporation/,,five,Construction,,,http://andersoncompanies.com/
ANDERSON ALUMINUM CORPORATION,https://www.linkedin.com/company/anderson-aluminum-corporation/,,51-200,Construction,,,http://andersoncompanies.com/
ANDERSON DEVELOPMENT,,,51-200,Chemical Manufacturing,,50M,http://www.andersondevelopment.com
ANDERSON DEVELOPMENT,https://linkedin.com/company/anderson-development-company,Michigan,51-200,Chemical Manufacturing,,50M,http://www.andersondevelopment.com
ANDERSON DEVELOPMENT COMPANY,,,94,Chemical Manufacturing,,50000000,andersondevelopment.com
ANDERSON DEVELOPMENT COMPANY,,Michigan,94,Chemical Manufacturing,,50000000,andersondevelopment.com
ANDIS COMPANY,,,"501-1,000",Manufacturing,,$108.6M,http://www.andis.com
ANDIS COMPANY,,Wisconsin,370,Mechanical Or Industrial Engineering,,263400000,andis.com
ANDIS COMPANY,,Wisconsin,370,Mechanical Or Industrial Engineering,+1-262-515-2374,,andis.com
ANDIS COMPANY,,Wisconsin,370,Mechanical Or Industrial Engineering,+1-262-822-1707,,andis.com
ANDIS COMPANY,,Wisconsin,370,Mechanical Or Industrial Engineering,+1-314-570-0830,,andis.com
ANDIS COMPANY,,Wisconsin,370,Mechanical Or Industrial Engineering,+18005589441,,andis.com
ANDIS COMPANY,https://linkedin.com/company/andis-company,Wisconsin,"501-1,000",Manufacturing,,$108.6M,http://www.andis.com
ANDROID INDUSTRIES,,Michigan,1600,Automotive,,44354000,android-ind.com
ANDROID INDUSTRIES,,Michigan,1600,Automotive,,,android-ind.com
"ANGI ENERGY SYSTEMS, LLC",,,201-500,Industrial Machinery Manufacturing,,$61.3M,http://www.angienergy.com
"ANGI ENERGY SYSTEMS, LLC",https://linkedin.com/company/angi-international,Wisconsin,201-500,Industrial Machinery Manufacturing,,$61.3M,http://www.angienergy.com
ANGSTROM,,,51-200,Automotive,,53.7M,http://www.angstrom-usa.com
ANGSTROM,https://linkedin.com/company/angstrom-automotive-group-llc,Michigan,51-200,Automotive,,53.7M,http://www.angstrom-usa.com
ANOMATIC,,,"501-1,000",Packaging and Containers Manufacturing,,75M,http://www.anomatic.com/
ANOMATIC,https://linkedin.com/company/anomatic/,,five,Packaging and Containers Manufacturing,,,http://www.anomatic.com/
ANOMATIC,https://linkedin.com/company/anomatic/,Ohio,"501-1,000",Packaging and Containers Manufacturing,,75M,http://www.anomatic.com/
ANOMATIC,https://www.linkedin.com/company/anomatic,Ohio,232,Packaging and Containers,,1000000000,anomatic.com
ANTOLIN,,,6900,Automotive,,,https://www.grupoantolin.com/
ANTOLIN,http://www.linkedin.com/company/antolin,,6900,Automotive,,,https://www.grupoantolin.com/
APA SOLAR RACKING,,,51-200,Renewable Energy Semiconductor Manufacturing,,55.4M,http://www.apasolar.com
APA SOLAR RACKING,https://www.linkedin.com/company/1646201,,five,Renewable Energy Semiconductor Manufacturing,,,http://www.apasolar.com
APA SOLAR RACKING,https://www.linkedin.com/company/1646201,Ohio,51-200,Renewable Energy Semiconductor Manufacturing,,55.4M,http://www.apasolar.com
APACHE STAINLESS EQUIPMENT CORPORATION AND MEPACO,,,51-200,Industrial Machinery Manufacturing,,$34.9M,http://www.apachestainless.com
APACHE STAINLESS EQUIPMENT CORPORATION AND MEPACO,https://linkedin.com/company/apache-stainless-equipment-corporation,Wisconsin,51-200,Industrial Machinery Manufacturing,,$34.9M,http://www.apachestainless.com
"APEX INTERNATIONAL MFG, INC.",,,150,Mechanical Or Industrial Engineering,,63800000,trustapexinternational.com
"APEX INTERNATIONAL MFG, INC.",,Minnesota,150,Mechanical Or Industrial Engineering,,63800000,trustapexinternational.com
APEX/ACCELERATING PERFORMANCE EXCELLENCE,,,five,,,,http://www.apex4growth.com/
APEX/ACCELERATING PERFORMANCE EXCELLENCE,,,seven,,,,http://www.apex4growth.com/
APOLLO RETAIL SPECIALISTS,,,1100,Retail,,135000000,http://www.apolloretail.com
APOLLO RETAIL SPECIALISTS,,Florida,1100,Retail,,135000000,http://www.apolloretail.com
APPLE,,,ten,,,,
APPLE,,,"10,001+",Computers and Electronics Manufacturing,,,http://www.apple.com/
APPLE,https://www.linkedin.com/company/apple/,,"10,001+",Computers and Electronics Manufacturing,,,http://www.apple.com/
APPLIED MEDICAL TECHNOLOGY,,,201-500,Medical Equipment Manufacturing,,39M,http://www.appliedmedical.net
APPLIED MEDICAL TECHNOLOGY,https://www.linkedin.com/company/306005,Ohio,201-500,Medical Equipment Manufacturing,,39M,http://www.appliedmedical.net
APPVION,,Wisconsin,660,paper & forest products,,246600000,appvion.com
APPVION,,Wisconsin,660,paper & forest products,+19207349841,,appvion.com
APRECIA PHARMACEUTICALS,,,51-200,Pharmaceutical Manufacturing,,30.5M,https://www.aprecia.com
APRECIA PHARMACEUTICALS,https://linkedin.com/company/aprecia-pharmaceuticals,Ohio,51-200,Pharmaceutical Manufacturing,,30.5M,https://www.aprecia.com
APRILAIRE,,Wisconsin,420,Mechanical Or Industrial Engineering,,54700000,aprilaire.com
APRILAIRE,,Wisconsin,420,Mechanical Or Industrial Engineering,+1-608-257-8801,,aprilaire.com
APRILAIRE,,Wisconsin,420,Mechanical Or Industrial Engineering,+16083106115,,aprilaire.com
APRILAIRE,,Wisconsin,420,Mechanical Or Industrial Engineering,+1-608-335-0051,,aprilaire.com
APRILAIRE,,Wisconsin,420,Mechanical Or Industrial Engineering,+16083455680,,aprilaire.com
APS,,,30,Information Technology & Services,,,https://www.adaptiveprocessing.com/
APS,http://www.linkedin.com/company/adaptiveaps,,30,Information Technology & Services,,,https://www.adaptiveprocessing.com/
AQSEPTENCE GROUP,,,"1,001-5,000",Machinery Manufacturing,,,https://www.aqseptence.com/
AQSEPTENCE GROUP,https://www.linkedin.com/company/aqseptence-group/,,"1,001-5,000",Machinery Manufacturing,,,https://www.aqseptence.com/
ARANDELL,,,"501-1,000",Printing Services,,103M,https://www.arandell.com
ARANDELL,https://linkedin.com/company/arandell-corporation,Wisconsin,"501-1,000",Printing Services,,103M,https://www.arandell.com
ARC ANGLE,,,three,,,,https://arcangleadvisors.com/
ARC ANGLE,,,ten,,,,https://arcangleadvisors.com/
ARISTO INDUSTRIES,,Michigan,71,Packaging & Containers,,$121.3M,aristoind.com
ARISTO INDUSTRIES,,Michigan,71,Packaging & Containers,+15864479049,,aristoind.com
ARKRAY USA,,,154,medical devices,,40700000,arkrayusa.com
ARKRAY USA,,Minnesota,154,medical devices,,40700000,arkrayusa.com
ARLINGTON INDUSTRIES,,,79,"Appliances, Electrical, and Electronics Manufacturing",,208400000,aifittings.com
ARLINGTON INDUSTRIES,,Pennsylvania,79,"Appliances, Electrical, and Electronics Manufacturing",,208400000,aifittings.com
"ARNING COMPANIES, INC.",,,84,Construction,,,https://www.arningco.com/
"ARNING COMPANIES, INC.",http://www.linkedin.com/company/arningco,,84,Construction,,,https://www.arningco.com/
ARROW INTERNATIONAL,,,"1,001-5,000",Manufacturing,,80M,http://www.arrowinternational.com
ARROW INTERNATIONAL,https://www.linkedin.com/company/959242,,four,Manufacturing,,,http://www.arrowinternational.com
ARROW INTERNATIONAL,https://www.linkedin.com/company/959242,Ohio,"1,001-5,000",Manufacturing,,80M,http://www.arrowinternational.com
ARROW PACKAGING SOLUTIONS / ARROW CONTAINER,,Indiana,91,Packaging & Containers,,35600000,arrowpackagingsolutions.com
ARROW PACKAGING SOLUTIONS / ARROW CONTAINER,,Indiana,91,Packaging & Containers,,,arrowpackagingsolutions.com
ARROW TANK AND ENGINEERING CO.,,,55,machinery,,25996000,arrowtank.com
ARROW TANK AND ENGINEERING CO.,,Minnesota,55,machinery,,25996000,arrowtank.com
ARROWHEAD ENGINEERED PRODUCTS,,Minnesota,1100,Automotive,,150000000,arrowheadepinc.com
ARROWHEAD ENGINEERED PRODUCTS,,Minnesota,1100,Automotive,,,arrowheadepinc.com
ARTEZA,,,120,Retail,,55000000,http://www.arteza.com
ARTEZA,,Florida,120,Retail,,55000000,http://www.arteza.com
ARTIFLEX MANUFACTURING,,,"501-1,000",Motor Vehicle Manufacturing,,250.5M,http://www.artiflexmfg.com/
ARTIFLEX MANUFACTURING,https://www.linkedin.com/company/6355074,,two,Motor Vehicle Manufacturing,,,http://www.artiflexmfg.com/
ARTIFLEX MANUFACTURING,https://www.linkedin.com/company/6355074,Michigan,"501-1,000",Motor Vehicle Manufacturing,,250.5M,http://www.artiflexmfg.com/
ARVCO CONTAINER CORP.,,Michigan,97,Packaging & Containers,,$26.4M,arvco.com
ARVCO CONTAINER CORP.,,Michigan,97,Packaging & Containers,+1 (800) 968-9127,,arvco.com
ASAHI KASEI PLASTICS,,,201-500,Plastics Manufacturing,,188.4M,http://www.akplastics.com
ASAHI KASEI PLASTICS,https://www.linkedin.com/company/140082,Michigan,201-500,Plastics Manufacturing,,188.4M,http://www.akplastics.com
ASCEND,,,410,logistics & supply chain,,75000000,http://www.driveforascend.com
ASCEND,,Tennessee,410,logistics & supply chain,,75000000,http://www.driveforascend.com
ASCENT AEROSPACE,,,"501-1,000",Aviation and Aerospace Component Manufacturing,,290M,http://www.ascentaerospace.com
ASCENT AEROSPACE,https://linkedin.com/company/ascentaerospace,Michigan,"501-1,000",Aviation and Aerospace Component Manufacturing,,290M,http://www.ascentaerospace.com
ASF GLOBAL,,,11-50,"Transportation, Logistics, Supply Chain and Storage",,,http://www.asfglobal.net/
ASF GLOBAL,,,11-50,"Transportation, Logistics, Supply Chain and Storage",,,https://asfglobal.net/
ASF GLOBAL,https://www.linkedin.com/company/asf-global-llc/,,11-50,"Transportation, Logistics, Supply Chain and Storage",,,http://www.asfglobal.net/
ASF GLOBAL,https://www.linkedin.com/company/asf-global-llc/,,11-50,"Transportation, Logistics, Supply Chain and Storage",,,https://asfglobal.net/
ASHLAND UNIVERSITY,,,ten,,,,
ASHLAND UNIVERSITY,,,"501-1,000",Higher Education,,,https://www.ashland.edu/
ASHLAND UNIVERSITY,https://www.linkedin.com/school/ashland-university/,,"501-1,000",Higher Education,,,https://www.ashland.edu/
ASHLEY WARD,,,201-500,Manufacturing,,42.1M,http://www.ashleyward.com
ASHLEY WARD,https://www.linkedin.com/company/2123281,Ohio,201-500,Manufacturing,,42.1M,http://www.ashleyward.com
ASP- AMERICA'S SWIMMING POOL COMPANY,,,201-500,Consumer Services,,,http://asppoolco.com/
ASP- AMERICA'S SWIMMING POOL COMPANY,https://www.linkedin.com/company/asp---america's-swimming-pool-company/,,201-500,Consumer Services,,,http://asppoolco.com/
ASPEN SURGICAL,,,"1,001-5,000",Medical Equipment Manufacturing,,120M,http://www.aspensurgical.com/
ASPEN SURGICAL,https://linkedin.com/company/aspen-surgical,,eight,Medical Equipment Manufacturing,,,http://www.aspensurgical.com/
ASPEN SURGICAL,https://linkedin.com/company/aspen-surgical,Michigan,"1,001-5,000",Medical Equipment Manufacturing,,120M,http://www.aspensurgical.com/
ASPHALT MATERIALS,,Indiana,160,Construction,,$497.6M,asphalt-materials.com
ASPHALT MATERIALS,,Indiana,160,Construction,+1-317-496-2152,,asphalt-materials.com
ASPHALT MATERIALS,,Indiana,160,Construction,+13178726010,,asphalt-materials.com
ASSOCIATED GROCERS OF THE SOUTH,,,59,Retail,,374000000,http://www.agsouth.com
ASSOCIATED GROCERS OF THE SOUTH,,Alabama,59,Retail,,374000000,http://www.agsouth.com
ASTRAZENECA,,,"10,001+ employees",Pharmaceutical Manufacturing,,,http://www.astrazeneca.com/
ASTRAZENECA,,,"10,001+ employees",Pharmaceutical Manufacturing,,,https://www.astrazeneca.com/
ASTRONAUTICS CORPORATION OF AMERICA,,,"501-1,000",Aviation and Aerospace Component Manufacturing,,217.9M,http://www.astronautics.com
ASTRONAUTICS CORPORATION OF AMERICA,https://linkedin.com/company/astronautics-corporation-of-america,Wisconsin,"501-1,000",Aviation and Aerospace Component Manufacturing,,217.9M,http://www.astronautics.com
ATA,,,201-500,Accounting,,,https://atacpa.net/
ATA,https://www.linkedin.com/company/atacpas/,,201-500,Accounting,,,https://atacpa.net/
ATC TRAILERS,,Indiana,150,Automotive,,46772000,atctrailers.com
ATC TRAILERS,,Indiana,150,Automotive,,,atctrailers.com
ATCO INDUSTRIES,,,"1,001-5,000",Motor Vehicle Manufacturing,,40M,http://www.atcoindustries.com
ATCO INDUSTRIES,https://www.linkedin.com/company/atco-industries-inc.,,six,Motor Vehicle Manufacturing,,,http://www.atcoindustries.com
ATCO INDUSTRIES,https://www.linkedin.com/company/atco-industries-inc.,Michigan,"1,001-5,000",Motor Vehicle Manufacturing,,40M,http://www.atcoindustries.com
ATKINS & GRAINGER PLLC,,,5,Accounting,,,https://www.atkinsgrainger.com/
ATKINS & GRAINGER PLLC,http://www.linkedin.com/company/atkins-&-grainger-pllc,,5,Accounting,,,https://www.atkinsgrainger.com/
"ATKINS & PEARCE, INC.",,Kentucky,500,textiles,,70267000,atkinsandpearce.com
"ATKINS & PEARCE, INC.",,Kentucky,500,textiles,+1 (800) 837-7477,,atkinsandpearce.com
ATLAS ENERGY SOLUTIONS,,,201-500,Oil and Gas,,,https://atlas.energy/
ATLAS ENERGY SOLUTIONS,https://www.linkedin.com/company/atlas-energy-solutions/,,201-500,Oil and Gas,,,https://atlas.energy/
ATLAS MFG.,,Minnesota,92,machinery,,63000000,atlasmfg.com
ATLAS MFG.,,Minnesota,92,machinery,+16123312566,,atlasmfg.com
ATMOSPHERE COMMERCIAL INTERIORS,,,310,Office Furniture and Fixtures Manufacturing,,45000000,atmosphereci.com
ATMOSPHERE COMMERCIAL INTERIORS,,Minnesota,310,Office Furniture and Fixtures Manufacturing,,45000000,atmosphereci.com
ATOS MEDICAL,,Wisconsin,120,medical devices,,91200000,atosmedical.us
ATOS MEDICAL,,Wisconsin,120,medical devices,,,atosmedical.us
ATRICURE,,,"501-1,000",Medical Equipment Manufacturing,,330.4M,http://www.atricure.com
ATRICURE,https://www.linkedin.com/company/35769,Ohio,"501-1,000",Medical Equipment Manufacturing,,330.4M,http://www.atricure.com
ATRIUM HEALTH NAVICENT,,,four,,,,
ATRIUM HEALTH NAVICENT,,,"1,001-5,000",Hospitals and Health Care,,,http://www.navicenthealth.org/
ATRIUM HEALTH NAVICENT,https://www.linkedin.com/company/atrium-health-navicent/,,"1,001-5,000",Hospitals and Health Care,,,http://www.navicenthealth.org/
AUBURN UNIVERSITY HARBERT COLLEGE OF BUSINESS,,,201-500,Higher Education,,,https://harbert.auburn.edu/
AUBURN UNIVERSITY HARBERT COLLEGE OF BUSINESS,https://www.linkedin.com/school/auburn-university-raymond-j.-harbert-college-of-business/,,201-500,Higher Education,,,https://harbert.auburn.edu/
AUDIO-TECHNICA,,,310,electrical/electronic manufacturing,,30000000,http://www.audio-technica.com
AUDIO-TECHNICA,,Ohio,310,electrical/electronic manufacturing,,30000000,http://www.audio-technica.com
AURORA PLASTICS,,,201-500,Plastics Manufacturing,,44.1M,http://www.auroraplastics.com
AURORA PLASTICS,https://www.linkedin.com/company/1167443,Ohio,201-500,Plastics Manufacturing,,44.1M,http://www.auroraplastics.com
AURORA PLASTICS LLC,https://www.linkedin.com/company/aurora-plastics,,seven,plastics,,,auroraplastics.com
AURORA PLASTICS LLC,https://www.linkedin.com/company/aurora-plastics,,200,plastics,,50000000,auroraplastics.com
AUSTAL,,,1800,Shipbuilding,,,http://austalusa.com/
AUSTAL,,,1800,Shipbuilding,,,https://usa.austal.com/
AUSTAL,,,"5,001-10,000",Shipbuilding,,,http://www.austal.com/
AUSTAL,http://www.linkedin.com/company/austal-,,1800,Shipbuilding,,,http://austalusa.com/
AUSTAL,http://www.linkedin.com/company/austal-,,1800,Shipbuilding,,,https://usa.austal.com/
AUSTAL,https://www.linkedin.com/company/austal-/,,"5,001-10,000",Shipbuilding,,,http://www.austal.com/
AUTOCAM MEDICAL,,,"501-1,000",Medical Equipment Manufacturing,,19M,http://www.autocam-medical.com
AUTOCAM MEDICAL,https://www.linkedin.com/company/autocam-medical,Michigan,"501-1,000",Medical Equipment Manufacturing,,19M,http://www.autocam-medical.com
AUTOCAR TRUCKS,,Alabama,490,Automotive,,200000000,autocartruck.com
AUTOCAR TRUCKS,,Alabama,490,Automotive,+18882183611,,autocartruck.com
AUTODIE,,,201-500,Industrial Machinery Manufacturing,,40000000,http://www.autodie-llc.com
AUTODIE,https://www.linkedin.com/company/976098,Michigan,201-500,Industrial Machinery Manufacturing,,40000000,http://www.autodie-llc.com
AUTOMATIC SPRING PRODUCTS CORP.,,,201-500,Industrial Machinery Manufacturing,,42079000,http://www.automaticspring.com
AUTOMATIC SPRING PRODUCTS CORP.,https://www.linkedin.com/company/6351686,,ten,Industrial Machinery Manufacturing,,,http://www.automaticspring.com
AUTOMATIC SPRING PRODUCTS CORP.,https://www.linkedin.com/company/6351686,Michigan,201-500,Industrial Machinery Manufacturing,,42079000,http://www.automaticspring.com
AUTO-WARES,,,"1,001-5,000",Motor Vehicle Manufacturing,,75M,http://www.autowares.com
AUTO-WARES,https://linkedin.com/company/auto-wares-group,Michigan,"1,001-5,000",Motor Vehicle Manufacturing,,75M,http://www.autowares.com
AVANCEON,,,51-200,Automation Machinery Manufacturing,,$54.3M,http://www.avanceon.com
AVANCEON,https://www.linkedin.com/company/285906,Pennsylvania,51-200,Automation Machinery Manufacturing,,$54.3M,http://www.avanceon.com
AVANTAX,,,"501-1,000",Financial Services,,,https://www.avantax.com/
AVANTAX,https://www.linkedin.com/company/avantax-wealth-management/,,seven,Financial Services,,,https://www.avantax.com/
AVANTAX,https://www.linkedin.com/company/avantax-wealth-management/,,"501-1,000",Financial Services,,,https://www.avantax.com/
AVEKA,,,86,Chemical Manufacturing,,35000000,aveka.com
AVEKA,,Minnesota,86,Chemical Manufacturing,,35000000,aveka.com
AVID INTERNATIONAL MOLDING SOLUTIONS,,Minnesota,63,plastics,,$53.0M,avidims.com
AVID INTERNATIONAL MOLDING SOLUTIONS,,Minnesota,63,plastics,+1 (763) 441-6100,,avidims.com
AVIENT,,,"10,001+",Plastics Manufacturing,,,https://www.avient.com/
AVIENT,https://www.linkedin.com/company/avient-corporation/,,"10,001+",Plastics Manufacturing,,,https://www.avient.com/
AVTRON POWER SOLUTIONS,,,69,electrical/electronic manufacturing,,31000000,http://www.avtronpower.com
AVTRON POWER SOLUTIONS,,Ohio,69,electrical/electronic manufacturing,,31000000,http://www.avtronpower.com
AXIA CONSULTING,,,five,,,,
AXIA CONSULTING,,,51-200,IT Services and IT Consulting,,,http://www.axiaconsulting.net/
AXIA CONSULTING,https://www.linkedin.com/company/axia-consulting---us/,,51-200,IT Services and IT Consulting,,,http://www.axiaconsulting.net/
"AXIOM BANK, N.A.",,,201-500,Banking,,,http://www.axiombanking.com/
"AXIOM BANK, N.A.",https://www.linkedin.com/company/axiom-bank/,,201-500,Banking,,,http://www.axiombanking.com/
AXLE LOGISTICS,,,520,Transportation/Trucking/Railroad,,130600000,http://www.axlelogistics.com
AXLE LOGISTICS,,Tennessee,520,Transportation/Trucking/Railroad,,130600000,http://www.axlelogistics.com
AZZUR,,,201-500,Pharmaceutical Manufacturing,,$84.5M,http://www.azzur.com
AZZUR,https://www.linkedin.com/company/23279,,four,Pharmaceutical Manufacturing,,,http://www.azzur.com
AZZUR,https://www.linkedin.com/company/23279,Pennsylvania,201-500,Pharmaceutical Manufacturing,,$84.5M,http://www.azzur.com
B&P LITTLEFORD,,,201-500,Machinery Manufacturing,,66M,http://www.bplittleford.com
B&P LITTLEFORD,,Michigan,62,Machinery Manufacturing,,66000000,bplittleford.com
B&P LITTLEFORD,https://linkedin.com/company/b&p-littleford,Michigan,201-500,Machinery Manufacturing,,66M,http://www.bplittleford.com
BABB FITNESS,,,three,,,,
BABB FITNESS,,,one,,,,
BADGER COLOR CONCENTRATES,,Wisconsin,81,plastics,,$32.0M,badgercolor.com
BADGER COLOR CONCENTRATES,,Wisconsin,81,plastics,+1 (262) 363-5710,,badgercolor.com
BAE INDUSTRIES,,,201-500,Motor Vehicle Manufacturing,,45984000,http://www.baeind.com
BAE INDUSTRIES,https://www.linkedin.com/company/3518101,Michigan,201-500,Motor Vehicle Manufacturing,,45984000,http://www.baeind.com
"BAE SYSTEMS, INC.",,,"10,001+",Defense and Space Manufacturing,,,https://jobs.baesystems.com/
"BAE SYSTEMS, INC.",https://www.linkedin.com/company/baesystemsinc/,,six,Defense and Space Manufacturing,,,https://jobs.baesystems.com/
"BAE SYSTEMS, INC.",https://www.linkedin.com/company/baesystemsinc/,,"10,001+",Defense and Space Manufacturing,,,https://jobs.baesystems.com/
BAERS FURNITURE,,,360,Furniture,,185000000,http://www.baers.com
BAERS FURNITURE,,Florida,360,Furniture,,185000000,http://www.baers.com
BALANCE TECHNOLOGY INC (BTI),,Michigan,96,machinery,,25000000,balancetechnology.com
BALANCE TECHNOLOGY INC (BTI),,Michigan,96,machinery,+1 (734) 769-2100,,balancetechnology.com
BALDWIN COUNTY BRIDGE COMPANY,,,six,,,,
BALDWIN COUNTY BRIDGE COMPANY,,,four,,,,
BALDWIN COUNTY COMMISSION,,,"501-1,000",Government Administration,,,http://www.baldwincountyal.gov/
BALDWIN COUNTY COMMISSION,https://www.linkedin.com/company/baldwin-county-commission/,,"501-1,000",Government Administration,,,http://www.baldwincountyal.gov/
BALDWIN COUNTY PUBLIC SCHOOLS,,,"1,001-5,000",Education,,,http://www.bcbe.org/
BALDWIN COUNTY PUBLIC SCHOOLS,https://www.linkedin.com/company/baldwin-county-public-schools/,,"1,001-5,000",Education,,,http://www.bcbe.org/
BALDWIN TRANSFER CO.,,,25,Transportation/Trucking/Railroad,,,https://baldwintransferco.com/
BALDWIN TRANSFER CO.,https://www.linkedin.com/company/baldwin-transfer/,,25,Transportation/Trucking/Railroad,,,https://baldwintransferco.com/
"BANDIT INDUSTRIES, INC.",,Michigan,210,machinery,,300000000,banditchippers.com
"BANDIT INDUSTRIES, INC.",,Michigan,210,machinery,+1 (800) 952-0178,,banditchippers.com
BANNER ENGINEERING,,,970,Automation Machinery Manufacturing,,349999000,bannerengineering.com
BANNER ENGINEERING,,Minnesota,970,Automation Machinery Manufacturing,,349999000,bannerengineering.com
BAPTIST HEALTH CARE,,,"5,001-10,000",Hospitals and Health Care,,,https://www.ebaptisthealthcare.org/
BAPTIST HEALTH CARE,https://www.linkedin.com/company/baptist-health-care/,,"5,001-10,000",Hospitals and Health Care,,,https://www.ebaptisthealthcare.org/
BAR HARBOR WEB DESIGN,,,2-10,Software Development,,,https://barharborwebdesign.com/
BAR HARBOR WEB DESIGN,https://www.linkedin.com/company/bar-harbor-web-design/,,2-10,Software Development,,,https://barharborwebdesign.com/
BARD MANUFACTURING COMPANY,,,201-500,Industrial Machinery Manufacturing,,60.2M,http://www.bardhvac.com
BARD MANUFACTURING COMPANY,https://www.linkedin.com/company/3300638,Ohio,201-500,Industrial Machinery Manufacturing,,60.2M,http://www.bardhvac.com
BARGAIN HUNT,,,660,Retail,,450000000,http://www.bargainhunt.com
BARGAIN HUNT,,Tennessee,660,Retail,,450000000,http://www.bargainhunt.com
BASCO,,,201-500,Consumer Goods,,85M,http://www.bascoshowerdoor.com
BASCO,https://www.linkedin.com/company/615336,,six,Consumer Goods,,,http://www.bascoshowerdoor.com
BASCO,https://www.linkedin.com/company/615336,Ohio,201-500,Consumer Goods,,85M,http://www.bascoshowerdoor.com
BASF,,,five,,,,
BASF,,,"10,001+",Chemical Manufacturing,,,https://www.basf.com/
BASF,https://www.linkedin.com/company/basf/,,two,Chemical Manufacturing,,,https://www.basf.com/
BASF,https://www.linkedin.com/company/basf/,,"10,001+",Chemical Manufacturing,,,https://www.basf.com/
BASIC FUN!,,,51-200,Manufacturing,,64.6M,http://www.basicfun.com
BASIC FUN!,https://linkedin.com/company/basicfun,Florida,51-200,Manufacturing,,64.6M,http://www.basicfun.com
BASSETT MECHANICAL,,,201-500,Industrial Machinery Manufacturing,,$81M,http://www.bassettmechanical.com
BASSETT MECHANICAL,https://linkedin.com/company/bassett-mechanical,Wisconsin,201-500,Industrial Machinery Manufacturing,,$81M,http://www.bassettmechanical.com
BATTLE MOTORS,,,51-200,Motor Vehicle Manufacturing,,59.2M,https://battlemotors.com
BATTLE MOTORS,https://www.linkedin.com/company/69940927,Ohio,51-200,Motor Vehicle Manufacturing,,59.2M,https://battlemotors.com
BAUER BUILT INC.,,,"501-1,000",Truck Transportation,,120M,http://www.bauerbuilt.com
BAUER BUILT INC.,https://linkedin.com/company/bauer-built-inc-,Wisconsin,"501-1,000",Truck Transportation,,120M,http://www.bauerbuilt.com
BCG SUPPLY CHAIN CONSULTING,,,2-10,"Transportation, Logistics, Supply Chain and Storage",,,https://www.bcgsupplychainconsulting.com//
BCG SUPPLY CHAIN CONSULTING,https://www.linkedin.com/company/bcs-supply-chain-consulting/,,2-10,"Transportation, Logistics, Supply Chain and Storage",,,https://www.bcgsupplychainconsulting.com//
BDO,,,"1,001-5,000",Accounting,,,https://www.bdo.com.hk/
BDO,https://www.linkedin.com/company/bdo-limited/,,"1,001-5,000",Accounting,,,https://www.bdo.com.hk/
"BDO USA, LLP",,,11000,Accounting,,,http://www.bdo.com/
"BDO USA, LLP",https://www.linkedin.com/company/bdo-usa-llp/,,11000,Accounting,,,http://www.bdo.com/
BECKER FURNITURE,,,130,Furniture and Home Furnishings Manufacturing,,68500000,beckerfurniture.com
BECKER FURNITURE,,Minnesota,130,Furniture and Home Furnishings Manufacturing,,68500000,beckerfurniture.com
BECKETT THERMAL SOLUTIONS,,,"501-1,000",Industrial Machinery Manufacturing,,43.4M,http://BeckettThermal.com
BECKETT THERMAL SOLUTIONS,https://linkedin.com/company/beckett-thermal-solutions,Ohio,"501-1,000",Industrial Machinery Manufacturing,,43.4M,http://BeckettThermal.com
BECKETT THERMAL SOLUTIONS,https://www.linkedin.com/company/beckett-thermal-solutions,Emilia-Romagna,97,Mechanical Or Industrial Engineering,,20100000,beckettthermal.com
BECKMAN COULTER LIFE SCIENCES,,,2000,Research,,,https://www.beckman.com/
BECKMAN COULTER LIFE SCIENCES,https://www.linkedin.com/company/beckman-coulter-ls/,,2000,Research,,,https://www.beckman.com/
BEDFORD INDUSTRIES,,,170,Packaging & Containers,,81700000,bedford.com
BEDFORD INDUSTRIES,,Minnesota,170,Packaging & Containers,,81700000,bedford.com
BEHLER-YOUNG,,,201-500,Wholesale,,14.6M,https://www.behler-young.com/
BEHLER-YOUNG,https://www.linkedin.com/company/behler-young-company,Michigan,201-500,Wholesale,,14.6M,https://www.behler-young.com/
BELGIOIOSO CHEESE INC.,,,"501-1,000",Dairy Product Manufacturing,,100M,http://www.belgioioso.com
BELGIOIOSO CHEESE INC.,https://linkedin.com/company/belgioioso-cheese-inc-,Wisconsin,"501-1,000",Dairy Product Manufacturing,,100M,http://www.belgioioso.com
BELL INTERNATIONAL LABORATORIES,,,67,"health, wellness & fitness",,63400000,bellintlabs.com
BELL INTERNATIONAL LABORATORIES,,Minnesota,67,"health, wellness & fitness",,63400000,bellintlabs.com
BELL LABORATORIES,,Wisconsin,160,Mechanical Or Industrial Engineering,,94800000,belllabs.com
BELL LABORATORIES,,Wisconsin,160,Mechanical Or Industrial Engineering,+1-517-582-0541,,belllabs.com
BELL LABORATORIES,,Wisconsin,160,Mechanical Or Industrial Engineering,+16082410202,,belllabs.com
BELL LABORATORIES,,Wisconsin,160,Mechanical Or Industrial Engineering,+1-608-516-4987,,belllabs.com
BELL LABORATORIES,,Wisconsin,160,Mechanical Or Industrial Engineering,+1-817-223-2569,,belllabs.com
"BELL LABORATORIES, INC.",,,201-500,Manufacturing,,$93.7M,http://www.belllabs.com
"BELL LABORATORIES, INC.",https://linkedin.com/company/bell-laboratories-inc-,Connecticut,201-500,Manufacturing,,$93.7M,http://www.belllabs.com
BELMARK INC,,,"1,001-5,000",Printing Services,,34.7M,http://www.belmark.com
BELMARK INC,https://linkedin.com/company/belmark,Wisconsin,"1,001-5,000",Printing Services,,34.7M,http://www.belmark.com
BELMONT ABBEY COLLEGE,,,470,Higher Education,,,https://belmontabbeycollege.edu/
BELMONT ABBEY COLLEGE,http://www.linkedin.com/company/belmont-abbey-college,,470,Higher Education,,,https://belmontabbeycollege.edu/
BEMIS MANUFACTURING COMPANY,,,"1,001-5,000",Plastics Manufacturing,,$417.4M,http://www.BemisMfg.com
BEMIS MANUFACTURING COMPANY,https://linkedin.com/company/bemis-manufacturing-company,,eight,Plastics Manufacturing,,,http://www.BemisMfg.com
BEMIS MANUFACTURING COMPANY,https://linkedin.com/company/bemis-manufacturing-company,Wisconsin,"1,001-5,000",Plastics Manufacturing,,$417.4M,http://www.BemisMfg.com
BENCHMARK INTERNATIONAL,,,420,Financial Services,,,https://www.benchmarkintl.com/
BENCHMARK INTERNATIONAL,https://www.linkedin.com/company/benchmark-international/,,420,Financial Services,,,https://www.benchmarkintl.com/
BENILDE-ST. MARGARET'S SCHOOL,,,51-200,Education,,,http://www.bsmschool.org/
BENILDE-ST. MARGARET'S SCHOOL,https://www.linkedin.com/school/benilde-st--margaret's-school/,,51-200,Education,,,http://www.bsmschool.org/
BENORE LOGISTIC,,,430,Transportation/Trucking/Railroad,,75000000,http://www.benorelogistics.com
BENORE LOGISTIC,,Michigan,430,Transportation/Trucking/Railroad,,75000000,http://www.benorelogistics.com
BENSHAW,,,160,electrical/electronic manufacturing,,75000000,http://www.benshaw.com
BENSHAW,,,201-500,"Appliances, Electrical, and Electronics Manufacturing",,75M,http://www.benshaw.com/
BENSHAW,https://www.linkedin.com/company/140701,Pennsylvania,201-500,"Appliances, Electrical, and Electronics Manufacturing",,75M,http://www.benshaw.com/
BERGER ALLIED MOVING & STORAGE,https://www.linkedin.com/company/88443,,four,Transportation/Trucking/Railroad,,,bergerallied.com
BERGER ALLIED MOVING & STORAGE,https://www.linkedin.com/company/88443,Ohio,280,Transportation/Trucking/Railroad,,100000000,bergerallied.com
BERGSTROM AUTOMOTIVE,,,"1,001-5,000",Motor Vehicle Manufacturing,,$113.2M,http://www.bergstromauto.com
BERGSTROM AUTOMOTIVE,https://linkedin.com/company/bergstromauto,Wisconsin,"1,001-5,000",Motor Vehicle Manufacturing,,$113.2M,http://www.bergstromauto.com
BERK ENTERPRISES,,,51-200,Manufacturing,,69.9M,http://www.BerkBrands.com
BERK ENTERPRISES,https://www.linkedin.com/company/888619,,nine,Manufacturing,,,http://www.BerkBrands.com
BERK ENTERPRISES,https://www.linkedin.com/company/888619,Ohio,51-200,Manufacturing,,69.9M,http://www.BerkBrands.com
BESCAST,,,51-200,Industrial Machinery Manufacturing,,32.4M,http://www.bescast.com
BESCAST,https://www.linkedin.com/company/11466629,Ohio,51-200,Industrial Machinery Manufacturing,,32.4M,http://www.bescast.com
BESSER,,,201-500,Machinery Manufacturing,,5.8M,http://www.besser.com
BESSER,https://www.linkedin.com/company/besser,,six,Machinery Manufacturing,,,http://www.besser.com
BESSER,https://www.linkedin.com/company/besser,Michigan,201-500,Machinery Manufacturing,,5.8M,http://www.besser.com
BEST AUTO GLASS MOBILE CONSULTING CO. LLC,,,0,,,,http://bestautoglassinstallers.com/
BEST AUTO GLASS MOBILE CONSULTING CO. LLC,,,0,,,,http://bestautoglassinstallers.com/
BEST LIGHTING PRODUCTS,,,51-200,"Appliances, Electrical, and Electronics Manufacturing",,$41.4M,http://www.bestlighting.net/
BEST LIGHTING PRODUCTS,https://linkedin.com/company/best-lighting-products/,Ohio,51-200,"Appliances, Electrical, and Electronics Manufacturing",,$41.4M,http://www.bestlighting.net/
BETCO,,,201-500,Chemical Manufacturing,,47M,https://www.betco.com
BETCO,https://linkedin.com/company/betco-corporation,Ohio,201-500,Chemical Manufacturing,,47M,https://www.betco.com
BETTCHER INDUSTRIES,,,201-500,Food and Beverage Manufacturing,,80M,http://www.bettcher.com
BETTCHER INDUSTRIES,https://www.linkedin.com/company/137759,Ohio,201-500,Food and Beverage Manufacturing,,80M,http://www.bettcher.com
BETTER CHOICE COMPANY,,,56,Consumer Goods,,40904000,http://www.betterchoicecompany.com
BETTER CHOICE COMPANY,,Florida,56,Consumer Goods,,40904000,http://www.betterchoicecompany.com
BEVCORP,,,51-200,Machinery Manufacturing,,85M,http://www.bevcorp.com/
BEVCORP,https://www.linkedin.com/company/6613599,,one,Machinery Manufacturing,,,http://www.bevcorp.com/
BEVCORP,https://www.linkedin.com/company/6613599,Ohio,51-200,Machinery Manufacturing,,85M,http://www.bevcorp.com/
BGM ENGINEERING INC.,,Michigan,65,electrical/electronic manufacturing,,$25M,bgmeng.com
BGM ENGINEERING INC.,,Michigan,65,electrical/electronic manufacturing,+15865328670,,bgmeng.com
BGR,,,six,,,,
BGR,,,51-200,Packaging and Containers Manufacturing,,93.4M,https://www.packbgr.com/
BGR,https://www.linkedin.com/company/packbgr,Ohio,51-200,Packaging and Containers Manufacturing,,93.4M,https://www.packbgr.com/
BHUTAN NATIONAL BANK,,,"501-1,000",Banking,,,https://bnb.bt/
BHUTAN NATIONAL BANK,https://www.linkedin.com/company/bnbbhutan/,,"501-1,000",Banking,,,https://bnb.bt/
BIDFTA.COM,,,73,Retail,,35000000,http://www.bidfta.com
BIDFTA.COM,,Ohio,73,Retail,,35000000,http://www.bidfta.com
BIG ASS FANS,,,"501-1,000",Industrial Machinery Manufacturing,,300M,http://www.bigassfans.com
BIG ASS FANS,https://www.linkedin.com/company/big-ass-fans,,six,Industrial Machinery Manufacturing,,,http://www.bigassfans.com
BIG ASS FANS,https://www.linkedin.com/company/big-ass-fans,Kentucky,"501-1,000",Industrial Machinery Manufacturing,,300M,http://www.bigassfans.com
BIG LOTS,,,"10,001+",Retail,,,https://www.biglots.com/
BIG LOTS,https://www.linkedin.com/company/big-lots/,,two,Retail,,,https://www.biglots.com/
BIG LOTS,https://www.linkedin.com/company/big-lots/,,"10,001+",Retail,,,https://www.biglots.com/
BIL-JAX,,,51-200,Manufacturing,,97.8M,https://www.biljax.com
BIL-JAX,https://linkedin.com/company/biljax,Ohio,51-200,Manufacturing,,97.8M,https://www.biljax.com
BIOCOAT,,Pennsylvania,73,medical devices,,31500000,biocoat.com
BIOCOAT,,Pennsylvania,73,medical devices,+1-215-817-3311,,biocoat.com
BIOCOAT,,Pennsylvania,73,medical devices,"+1-650-814-8614,+1-908-616-3894",,biocoat.com
BIOCOAT,,Pennsylvania,73,medical devices,"+1-732-580-2280,+1-336-643-1203",,biocoat.com
BIRCHWOOD FOODS,,,"501-1,000",Food and Beverage Manufacturing,,$142.6M,http://www.bwfoods.com
BIRCHWOOD FOODS,https://linkedin.com/company/birchwood-foods,,nine,Food and Beverage Manufacturing,,,http://www.bwfoods.com
BIRCHWOOD FOODS,https://linkedin.com/company/birchwood-foods,Wisconsin,"501-1,000",Food and Beverage Manufacturing,,$142.6M,http://www.bwfoods.com
BIRD,,,180,electrical/electronic manufacturing,,40000000,http://www.birdrf.com
BIRD,,,201-500,"Appliances, Electrical, and Electronics Manufacturing",,40M,https://www.birdrf.com
BIRD,,Ohio,180,electrical/electronic manufacturing,,40000000,http://www.birdrf.com
BIRD,https://www.linkedin.com/company/73126,Ohio,201-500,"Appliances, Electrical, and Electronics Manufacturing",,40M,https://www.birdrf.com
BISCO,,,51-200,Medical Equipment Manufacturing,,12.1M,http://www.bisco.com
BISCO,https://linkedin.com/company/bisco,Illinois,51-200,Medical Equipment Manufacturing,,12.1M,http://www.bisco.com
BISON® AN AMETEK® BUSINESS,,,120,electrical/electronic manufacturing,,75000000,http://www.bisonametek.com
BISON® AN AMETEK® BUSINESS,,Ohio,120,electrical/electronic manufacturing,,75000000,http://www.bisonametek.com
BISTRO 44,,,four,,,,
BISTRO 44,,,11-50 employees,Restaurants,,,http://www.bistro44.net/
BK TECHNOLOGIES INC.,,,130,Telecommunications,,,http://www.bktechnologies.com/
BK TECHNOLOGIES INC.,https://www.linkedin.com/company/bktechnologiesinc/,,130,Telecommunications,,,http://www.bktechnologies.com/
BLACK BOX,,,nine,,,,
BLACK BOX,,,4800,Information Technology & Services,,,https://www.blackbox.com/
BLACK BOX,https://www.linkedin.com/company/black-box/,,4800,Information Technology & Services,,,https://www.blackbox.com/
BLAIR IMAGE ELEMENTS,,Pennsylvania,120,Construction,,$68.4M,blairimage.com
BLAIR IMAGE ELEMENTS,,Pennsylvania,120,Construction,"+1-814-931-6357,+1-814-942-2605",,blairimage.com
BLAIR IMAGE ELEMENTS,,Pennsylvania,120,Construction,+18149498287,,blairimage.com
BLAIR IMAGE ELEMENTS,,Pennsylvania,120,Construction,+1-910-331-8931,,blairimage.com
BLAKE'S HARD CIDER,,,51-200,Food and Beverage Services,,35.4M,http://blakeshardcider.com
BLAKE'S HARD CIDER,https://linkedin.com/company/blakes-hard-cider,,two,Food and Beverage Services,,,http://blakeshardcider.com
BLAKE'S HARD CIDER,https://linkedin.com/company/blakes-hard-cider,Michigan,51-200,Food and Beverage Services,,35.4M,http://blakeshardcider.com
BLASTONE INTERNATIONAL,,,201-500,Machinery Manufacturing,,200M,http://www.blastone.com/
BLASTONE INTERNATIONAL,https://linkedin.com/company/blast-one-international/,Ohio,201-500,Machinery Manufacturing,,200M,http://www.blastone.com/
BLASTONE INTERNATIONAL,https://www.linkedin.com/company/blast-one-international,Queensland,201,machinery,,10000000,blastone.com
BLOCK IMAGING,,Michigan,190,medical devices,,25000000,blockimaging.com
BLOCK IMAGING,,Michigan,190,medical devices,,,blockimaging.com
BLU PRODUCTS,,,201-500,Telecommunications,,345M,http://www.bluproducts.com
BLU PRODUCTS,https://linkedin.com/company/blu-products,Florida,201-500,Telecommunications,,345M,http://www.bluproducts.com
BLUE 84,,,201-500,Accounting,,,http://www.blue84.com/
BLUE 84,https://www.linkedin.com/company/blue-84/,,201-500,Accounting,,,http://www.blue84.com/
BLUEFIN PAYMENT SYSTEMS,,,51-200,Financial Services,,,http://www.bluefin.com/
BLUEFIN PAYMENT SYSTEMS,https://www.linkedin.com/company/bluefin-payment-systems/,,51-200,Financial Services,,,http://www.bluefin.com/
BLUEFLY,,,54,Retail,,85000000,http://www.bluefly.com
BLUEFLY,,Florida,54,Retail,,85000000,http://www.bluefly.com
BLUEGRACE LOGISTICS,,,740,Transportation/Trucking/Railroad,,195900000,http://www.mybluegrace.com
BLUEGRACE LOGISTICS,,Florida,740,Transportation/Trucking/Railroad,,195900000,http://www.mybluegrace.com
BMA,,,26,Professional Training & Coaching,,,https://maskell.com/
BMA,https://www.linkedin.com/company/bma-inc-/,,26,Professional Training & Coaching,,,https://maskell.com/
BMC SOFTWARE,,,"5,001-10,000",IT Services and IT Consulting,,,http://www.bmc.com/
BMC SOFTWARE,https://www.linkedin.com/company/bmc-software/,,"5,001-10,000",IT Services and IT Consulting,,,http://www.bmc.com/
BMW GROUP FINANCIAL SERVICES,,,"501-1,000",Financial Services,,,http://www.bmwusa.com/
BMW GROUP FINANCIAL SERVICES,https://www.linkedin.com/company/bmw-financial-services/,,"501-1,000",Financial Services,,,http://www.bmwusa.com/
BOEING,,,"10,001+",Aviation & Aerospace,,,https://www.boeing.com/
BOEING,https://www.linkedin.com/company/boeing/,,"10,001+",Aviation & Aerospace,,,https://www.boeing.com/
BOGEN COMMUNICATIONS,,,98,electrical/electronic manufacturing,,58460000,http://www.bogen.com
BOGEN COMMUNICATIONS,,Florida,98,electrical/electronic manufacturing,,58460000,http://www.bogen.com
BOLLMAN HAT,,,201-500,Textile Manufacturing,,$215.7M,http://www.bollmanhats.com/
BOLLMAN HAT,https://www.linkedin.com/company/98333,,three,Textile Manufacturing,,,http://www.bollmanhats.com/
BOLLMAN HAT,https://www.linkedin.com/company/98333,Pennsylvania,201-500,Textile Manufacturing,,$215.7M,http://www.bollmanhats.com/
BOLT EXPRESS,https://www.linkedin.com/company/366949,,178,Transportation/Trucking/Railroad,,100000000,bolt-express.com
BOLT EXPRESS,https://www.linkedin.com/company/366949,Michigan,178,Transportation/Trucking/Railroad,,100000000,bolt-express.com
BOLT EXPRESS,https://www.linkedin.com/company/366949,Ohio,178,Transportation/Trucking/Railroad,,100000000,bolt-express.com
BON SECOUR FISHERIES,,,nine,,,,
BON SECOUR FISHERIES,,,51-200,Food and Beverage Services,,,https://bonsecourfisheries.com/
BON SECOUR FISHERIES,https://www.linkedin.com/company/bon-secour-fisheries-inc/,,51-200,Food and Beverage Services,,,https://bonsecourfisheries.com/
BON SECOUR FISHERIES INC,,,51-200,Food and Beverage Services,,,http://www.bonsecourfisheries.com/
BON SECOUR FISHERIES INC,https://www.linkedin.com/company/bon-secour-fisheries-inc/,,51-200,Food and Beverage Services,,,http://www.bonsecourfisheries.com/
BOOKS A MILLION,,,2300,Retail,,474100000,http://www.booksamillion.com
BOOKS A MILLION,,Alabama,2300,Retail,,474100000,http://www.booksamillion.com
BOOTS & MORE,,,110,Retail,,25000000,http://www.bootsandmore.net
BOOTS & MORE,,Mississippi,110,Retail,,25000000,http://www.bootsandmore.net
BORROUGHS,,,51-200,"Transportation, Logistics, Supply Chain and Storage",,88M,http://www.borroughs.com
BORROUGHS,https://www.linkedin.com/company/borroughs,Michigan,51-200,"Transportation, Logistics, Supply Chain and Storage",,88M,http://www.borroughs.com
"BOSS INDUSTRIES, LLC",,Indiana,68,Machinery Manufacturing,,$75.0M,bossair.com
"BOSS INDUSTRIES, LLC",,Indiana,68,Machinery Manufacturing,,75000000,bossair.com
BOSTON PROPER,,,140,Apparel & Fashion,,40295000,http://www.bostonproper.com
BOSTON PROPER,,Florida,140,Apparel & Fashion,,40295000,http://www.bostonproper.com
BOUCHER AUTOMOTIVE GROUP,,,"1,001-5,000",Motor Vehicle Manufacturing,,$185.5M,http://boucher.com
BOUCHER AUTOMOTIVE GROUP,https://linkedin.com/company/boucherautogroup,,nine,Motor Vehicle Manufacturing,,,http://boucher.com
BOUCHER AUTOMOTIVE GROUP,https://linkedin.com/company/boucherautogroup,Wisconsin,"1,001-5,000",Motor Vehicle Manufacturing,,$185.5M,http://boucher.com
BRACCO MEDICAL TECHNOLOGIES,,Minnesota,160,medical devices,,422500000,braccomedtech.com
BRACCO MEDICAL TECHNOLOGIES,,Minnesota,160,medical devices,+19529959300,,braccomedtech.com
BRADFORD HEALTH SERVICES,,,680,Hospital & Health Care,,,https://bradfordhealth.com/
BRADFORD HEALTH SERVICES,http://www.linkedin.com/company/bradfordhealth,,680,Hospital & Health Care,,,https://bradfordhealth.com/
BRADLEY CALDWELL,,,201-500,Wholesale,,39.6M,http://www.bradleycaldwell.com
BRADLEY CALDWELL,https://www.linkedin.com/company/bradley-caldwell-inc,Pennsylvania,201-500,Wholesale,,39.6M,http://www.bradleycaldwell.com
BRADLEY COMPANY,,Wisconsin,380,Building Materials,,225000000,bradleycorp.com
BRADLEY COMPANY,,Wisconsin,380,Building Materials,+12622516000,,bradleycorp.com
BRADLEY COMPANY,,Wisconsin,380,Building Materials,+12623090604,,bradleycorp.com
BRADLEY COMPANY,,Wisconsin,380,Building Materials,+1-262-352-4871,,bradleycorp.com
BRADLEY COMPANY,,Wisconsin,380,Building Materials,+1-262-510-7612,,bradleycorp.com
BRADLEY COMPANY,,Wisconsin,380,Building Materials,"+1-715-305-3728,+1-262-893-5173",,bradleycorp.com
BRADLEY CORPORATION,,,"501-1,000",Building Materials,,$176.3M,https://www.bradleycorp.com
BRADLEY CORPORATION,https://linkedin.com/company/bradley-corporation,Wisconsin,"501-1,000",Building Materials,,$176.3M,https://www.bradleycorp.com
BRAKE SUPPLY,,Indiana,260,machinery,,36000000,brake.com
BRAKE SUPPLY,,Indiana,260,machinery,,,brake.com
BRAUN AMBULANCES,,,51-200,Motor Vehicle Manufacturing,,56.3M,http://www.braunambulances.com
BRAUN AMBULANCES,https://www.linkedin.com/company/2269020,Ohio,51-200,Motor Vehicle Manufacturing,,56.3M,http://www.braunambulances.com
BRAUNABILITY,,Indiana,650,Automotive,,140000000,braunability.com
BRAUNABILITY,,Indiana,650,Automotive,+16082214400,,braunability.com
BRAUNABILITY,,Indiana,650,Automotive,+1-765-479-0909,,braunability.com
BRAUNABILITY,,Indiana,650,Automotive,+447842896540,,braunability.com
BRAZEWAY,,,"1,001-5,000",Industrial Machinery Manufacturing,,218.1M,http://www.brazeway.com
BRAZEWAY,https://www.linkedin.com/company/98382,Michigan,"1,001-5,000",Industrial Machinery Manufacturing,,218.1M,http://www.brazeway.com
BREAKTHROUGH SALES PERFORMANCE,,,2-10,Business Consulting and Services,,,http://www.breakthrough-sales.com/
BREAKTHROUGH SALES PERFORMANCE,https://www.linkedin.com/company/breakthrough-sales-performance/,,2-10,Business Consulting and Services,,,http://www.breakthrough-sales.com/
BRENNAN,,,201-500,Industrial Machinery Manufacturing,,130.4M,https://brennaninc.com
BRENNAN,https://www.linkedin.com/company/372555,,seven,Industrial Machinery Manufacturing,,,https://brennaninc.com
BRENNAN,https://www.linkedin.com/company/372555,Ohio,201-500,Industrial Machinery Manufacturing,,130.4M,https://brennaninc.com
BRENTON ENGINEERING,,Minnesota,500,Packaging & Containers,,35000000,brentonengineering.com
BRENTON ENGINEERING,,Minnesota,500,Packaging & Containers,+1 (320) 852-7705,,brentonengineering.com
BREWER COMPANY,,,51-200,Medical Device,,33M,http://www.brewercompany.com
BREWER COMPANY,https://linkedin.com/company/the-brewer-company,Wisconsin,51-200,Medical Device,,33M,http://www.brewercompany.com
BREWSTER CHEESE,,,51-200,Dairy,,111.9M,http://www.brewstercheese.com/
BREWSTER CHEESE,https://www.linkedin.com/company/3719812,Ohio,51-200,Dairy,,111.9M,http://www.brewstercheese.com/
BRIGGS INDUSTRIAL SOLUTIONS,,,"1,001-5,000","Transportation, Logistics, Supply Chain and Storage",,,https://www.briggsequipment.us/
BRIGGS INDUSTRIAL SOLUTIONS,https://www.linkedin.com/company/briggs-industrial-solutions/,,"1,001-5,000","Transportation, Logistics, Supply Chain and Storage",,,https://www.briggsequipment.us/
BRIGHT INNOVATION LABS,,,190,Mechanical Or Industrial Engineering,,,https://brightinnovationlabs.com/
BRIGHT INNOVATION LABS,http://www.linkedin.com/company/bright-innovation-labs,,190,Mechanical Or Industrial Engineering,,,https://brightinnovationlabs.com/
BRISKHEAT,,,140,electrical/electronic manufacturing,,85000000,http://www.briskheat.com
BRISKHEAT,,Ohio,140,electrical/electronic manufacturing,,85000000,http://www.briskheat.com
BROADWAY AUTOMOTIVE,,,"501-1,000",Motor Vehicle Manufacturing,,$37M,http://www.broadwayautomotive.com
BROADWAY AUTOMOTIVE,https://linkedin.com/company/broadway-automotive,Wisconsin,"501-1,000",Motor Vehicle Manufacturing,,$37M,http://www.broadwayautomotive.com
BROOKLINE FURNITURE COMPANY,,,20,Hospitality,,,https://brooklinefurniture.com/
BROOKLINE FURNITURE COMPANY,http://www.linkedin.com/company/brookline-furniture-company,,20,Hospitality,,,https://brooklinefurniture.com/
BROOKS INSTRUMENT,,,"501-1,000",Automation Machinery Manufacturing,,94.5M,http://www.brooksinstrument.com/
BROOKS INSTRUMENT,https://www.linkedin.com/company/390217,Pennsylvania,"501-1,000",Automation Machinery Manufacturing,,94.5M,http://www.brooksinstrument.com/
BROOKVILLE EQUIPMENT,,,201-500,Railroad Equipment Manufacturing,,61.1M,http://www.brookvillecorp.com
BROOKVILLE EQUIPMENT,https://www.linkedin.com/company/449290,Pennsylvania,201-500,Railroad Equipment Manufacturing,,61.1M,http://www.brookvillecorp.com
BROWN JORDAN,,,460,Retail,,292000000,http://www.brownjordaninc.com
BROWN JORDAN,,Florida,460,Retail,,292000000,http://www.brownjordaninc.com
BRUNK INDUSTRIES,,,201-500,Medical Equipment Manufacturing,,30.2M,https://www.brunk.com/
BRUNK INDUSTRIES,,Wisconsin,93,Mechanical Or Industrial Engineering,,35000000,brunk.com
BRUNK INDUSTRIES,,Wisconsin,93,Mechanical Or Industrial Engineering,+1-262-374-1107,,brunk.com
BRUNK INDUSTRIES,,Wisconsin,93,Mechanical Or Industrial Engineering,+1-262-374-9250,,brunk.com
BRUNK INDUSTRIES,,Wisconsin,93,Mechanical Or Industrial Engineering,+1-715-533-9368,,brunk.com
BRUNK INDUSTRIES,,Wisconsin,93,Mechanical Or Industrial Engineering,+4618183020,,brunk.com
BRUNK INDUSTRIES,https://linkedin.com/company/brunk-industries,Wisconsin,201-500,Medical Equipment Manufacturing,,30.2M,https://www.brunk.com/
BRUNO INDEPENDENT LIVING AIDS,,,201-500,Manufacturing,,31M,http://www.bruno.com/
BRUNO INDEPENDENT LIVING AIDS,https://linkedin.com/company/bruno_2,Wisconsin,201-500,Manufacturing,,31M,http://www.bruno.com/
BRYANT BANK,,,201-500,Banking,,,https://www.bryantbank.com/
BRYANT BANK,https://www.linkedin.com/company/bryantbank/,,201-500,Banking,,,https://www.bryantbank.com/
BSI (BUILDING SERVICE INC.),,,51-200,Furniture and Home Furnishings Manufacturing,,$54.7M,http://www.buildingservice.com
BSI (BUILDING SERVICE INC.),https://linkedin.com/company/buildingserviceinc,,seven,Furniture and Home Furnishings Manufacturing,,,http://www.buildingservice.com
BSI (BUILDING SERVICE INC.),https://linkedin.com/company/buildingserviceinc,Wisconsin,51-200,Furniture and Home Furnishings Manufacturing,,$54.7M,http://www.buildingservice.com
BTD MANUFACTURING,,Minnesota,582,mining & metals,,$324.4M,btdmfg.com
BTD MANUFACTURING,,Minnesota,582,mining & metals,+1-218-841-2949,,btdmfg.com
BTD MANUFACTURING,,Minnesota,582,mining & metals,+13094442012,,btdmfg.com
BTD MANUFACTURING,,Minnesota,582,mining & metals,+1-678-283-1091,,btdmfg.com
BTD MANUFACTURING,,Minnesota,582,mining & metals,+1-920-284-2263,,btdmfg.com
BTD MANUFACTURING,,Minnesota,582,mining & metals,+1-952-378-7439,,btdmfg.com
BUCHANAN REALTY GROUP,,,11-50,Leasing Non-residential Real Estate,,,http://www.buchananrealtygroup.com/
BUCHANAN REALTY GROUP,https://www.linkedin.com/company/buchanan-realty-group/,,11-50,Leasing Non-residential Real Estate,,,http://www.buchananrealtygroup.com/
BUCKEYE CORRUGATED,,,"501-1,000",Packaging and Containers Manufacturing,,77.5M,http://www.bcipkg.com
BUCKEYE CORRUGATED,https://linkedin.com/company/bci-buckeye-corrugated,Ohio,"501-1,000",Packaging and Containers Manufacturing,,77.5M,http://www.bcipkg.com
BUDDY'S HOME FURNISHINGS,,,580,Retail,,57407000,http://www.buddyrents.com
BUDDY'S HOME FURNISHINGS,,Florida,580,Retail,,57407000,http://www.buddyrents.com
BUEHLER,,,201-500,Industrial Machinery Manufacturing,,40M,https://www.buehler.com
BUEHLER,https://linkedin.com/company/buehler,Illinois,201-500,Industrial Machinery Manufacturing,,40M,https://www.buehler.com
BUILDERS BUYING GROUP,,,13,Building Materials,,,https://www.buildersbuyinggroup.com/
BUILDERS BUYING GROUP,https://www.linkedin.com/company/builders-buying-group-bbg/,,13,Building Materials,,,https://www.buildersbuyinggroup.com/
BUILDING FIVE,,,6,Design,,,http://www.buildingfive.com/
BUILDING FIVE,https://www.linkedin.com/company/building-five/,,6,Design,,,http://www.buildingfive.com/
BULLEN ULTRASONICS,,,51-200,Aviation and Aerospace Component Manufacturing,,51.9M,http://www.bullentech.com/
BULLEN ULTRASONICS,https://www.linkedin.com/company/2177141,Ohio,51-200,Aviation and Aerospace Component Manufacturing,,51.9M,http://www.bullentech.com/
BURKE CONSTRUCTION GROUP,,,130,Construction,,,https://burkecgi.com/
BURKE CONSTRUCTION GROUP,http://www.linkedin.com/company/burke-construction-group-inc,,130,Construction,,,https://burkecgi.com/
BURKE PORTER,,,"1,001-5,000",Machinery Manufacturing,,155000000,http://www.burkeportergroup.com/
BURKE PORTER,,,"1,001-5,000",Machinery Manufacturing,,155M,http://www.burkeportergroup.com/
BURKE PORTER,https://linkedin.com/company/burke-porter-group,,one,Machinery Manufacturing,,,http://www.burkeportergroup.com/
BURKE PORTER,https://linkedin.com/company/burke-porter-group,Michigan,"1,001-5,000",Machinery Manufacturing,,155M,http://www.burkeportergroup.com/
BURKE PORTER,https://www.linkedin.com/company/79682,Michigan,"1,001-5,000",Machinery Manufacturing,,155000000,http://www.burkeportergroup.com/
BURNETT DAIRY COOPERATIVE,,,201-500,Food and Beverage Manufacturing,,$80.3M,https://www.burnettdairy.com/
BURNETT DAIRY COOPERATIVE,https://linkedin.com/company/burnett-dairy,,three,Food and Beverage Manufacturing,,,https://www.burnettdairy.com/
BURNETT DAIRY COOPERATIVE,https://linkedin.com/company/burnett-dairy,Wisconsin,201-500,Food and Beverage Manufacturing,,$80.3M,https://www.burnettdairy.com/
BUTECH BLISS,,,201-500,Machinery Manufacturing,,58.9M,http://www.butechbliss.com
BUTECH BLISS,https://www.linkedin.com/company/959203,Ohio,201-500,Machinery Manufacturing,,58.9M,http://www.butechbliss.com
BUYERS PRODUCTS,,,201-500,Motor Vehicle Manufacturing,,85.2M,http://www.buyersproducts.com
BUYERS PRODUCTS,https://linkedin.com/company/buyers-products,Ohio,201-500,Motor Vehicle Manufacturing,,85.2M,http://www.buyersproducts.com
BUZZI UNICEM USA,,Pennsylvania,596,mining & metals,,$352.8M,buzziunicemusa.com
BUZZI UNICEM USA,,Pennsylvania,596,mining & metals,+1-484-505-9108,,buzziunicemusa.com
BUZZI UNICEM USA,,Pennsylvania,596,mining & metals,+1-484-553-6419,,buzziunicemusa.com
BUZZI UNICEM USA,,Pennsylvania,596,mining & metals,+1-484-695-5877,,buzziunicemusa.com
BWI,,,"1,001-5,000",Automotive,,220M,https://www.bwigroup.com/
BWI,https://www.linkedin.com/company/bwi-group,Ohio,"1,001-5,000",Automotive,,220M,https://www.bwigroup.com/
C SPIRE,,,1600,Telecommunications,,,http://www.cspire.com/
C SPIRE,https://www.linkedin.com/company/c-spire/,,1600,Telecommunications,,,http://www.cspire.com/
C&A BENEFITS GROUP,,,16,Human Resources,,,http://www.cabenefitsgrp.com/
C&A BENEFITS GROUP,https://www.linkedin.com/company/c&a-business-services/,,16,Human Resources,,,http://www.cabenefitsgrp.com/
C&J INDUSTRIES,,,201-500,Plastics Manufacturing,,57M,http://www.cjindustries.com
C&J INDUSTRIES,https://www.linkedin.com/company/217017,Pennsylvania,201-500,Plastics Manufacturing,,57M,http://www.cjindustries.com
C&S MACHINE,,Michigan,71,Aviation & Aerospace,,$26.5M,candsmachine.com
C&S MACHINE,,Michigan,71,Aviation & Aerospace,+18126877203,,candsmachine.com
"C. G. BRETTING MANUFACTURING CO., INC.",,Wisconsin,500,Machinery Manufacturing,,111000000,bretting.com
"C. G. BRETTING MANUFACTURING CO., INC.",,Wisconsin,500,Machinery Manufacturing,+1 (715) 682-5231,,bretting.com
CABINETS TO GO,,,320,Retail,,39599000,http://www.cabinetstogo.com
CABINETS TO GO,,Tennessee,320,Retail,,39599000,http://www.cabinetstogo.com
CADILLAC PRODUCTS PACKAGING COMPANY,,Michigan,110,Packaging & Containers,,70800000,cadprod.com
CADILLAC PRODUCTS PACKAGING COMPANY,,Michigan,110,Packaging & Containers,+18008370055,,cadprod.com
CALDWELL TANKS,,Kentucky,200,Construction,,215500000,caldwelltanks.com
CALDWELL TANKS,,Kentucky,200,Construction,+1-502-475-3266,,caldwelltanks.com
CALDWELL TANKS,,Kentucky,200,Construction,+1-502-594-0782,,caldwelltanks.com
CALDWELL TANKS,,Kentucky,200,Construction,+15029643361,,caldwelltanks.com
CALHOUN COMPANIES,,,43,Real Estate,,,https://www.calhouncompanies.com/
CALHOUN COMPANIES,https://www.linkedin.com/company/calhoun-companies/,,43,Real Estate,,,https://www.calhouncompanies.com/
"CALLAHAN & ASSOCIATES, INC.",,,11-50,Financial Services,,,https://www.callahan.com/
"CALLAHAN & ASSOCIATES, INC.",https://www.linkedin.com/company/callahan-&-associates/,,11-50,Financial Services,,,https://www.callahan.com/
CALUMET ELECTRONICS,,,120,electrical/electronic manufacturing,,42975000,http://www.calumetelectronics.com
CALUMET ELECTRONICS,,,201-500,Computers and Electronics Manufacturing,,43.0M,http://www.calumetelectronics.com
CALUMET ELECTRONICS,https://linkedin.com/company/calumet-electronics-corp-,Michigan,201-500,Computers and Electronics Manufacturing,,43.0M,http://www.calumetelectronics.com
CAMACO-AMVIAN,,,"1,001-5,000",Motor Vehicle Manufacturing,,471.1M,http://www.camacollc.com
CAMACO-AMVIAN,https://www.linkedin.com/company/camaco-amvian,Michigan,"1,001-5,000",Motor Vehicle Manufacturing,,471.1M,http://www.camacollc.com
CAMBRIDGE-LEE INDUSTRIES,,,201-500,Mining,,100M,http://www.camlee.com/
CAMBRIDGE-LEE INDUSTRIES,https://www.linkedin.com/company/cambridge-lee-industries,Pennsylvania,201-500,Mining,,100M,http://www.camlee.com/
CAMCO CHEMICAL,,,120,Chemical Manufacturing,,31398000,camco-chem.com
CAMCO CHEMICAL,,Kentucky,120,Chemical Manufacturing,,31398000,camco-chem.com
CAMPBELL HAUSFELD,,,201-500,Manufacturing,,84M,http://www.campbellhausfeld.com
CAMPBELL HAUSFELD,https://linkedin.com/company/campbell-hausfeld,Ohio,201-500,Manufacturing,,84M,http://www.campbellhausfeld.com
CAMPERS INN RV,,,510,Retail,,47000000,http://www.campersinn.com
CAMPERS INN RV,,Florida,510,Retail,,47000000,http://www.campersinn.com
CANBERRA,,,51-200,Chemical Manufacturing,,31.9M,http://www.canberracorp.com
CANBERRA,https://linkedin.com/company/canberra-corporation,Ohio,51-200,Chemical Manufacturing,,31.9M,http://www.canberracorp.com
CANDLE-LITE COMPANY,,,180,Consumer Goods,,50275000,http://www.candle-lite.com
CANDLE-LITE COMPANY,,Ohio,180,Consumer Goods,,50275000,http://www.candle-lite.com
CANTON DROP FORGE,,,51-200,Machinery Manufacturing,,200M,http://www.cantondropforge.com
CANTON DROP FORGE,https://www.linkedin.com/company/5331456,Ohio,51-200,Machinery Manufacturing,,200M,http://www.cantondropforge.com
CAPE HORN STRATEGIES,,,seven,,,,https://www.capehornstrategies.com/
CAPE HORN STRATEGIES,,,four,,,,https://www.capehornstrategies.com/
CAPELLA UNIVERSITY,,,"1,001-5,000",Higher Education,,,http://capella.edu/
CAPELLA UNIVERSITY,,,"1,001-5,000",Higher Education,,,https://www.capella.edu/
CAPELLA UNIVERSITY,,,2900,Higher Education,,,http://capella.edu/
CAPELLA UNIVERSITY,https://www.linkedin.com/school/capella-university/,,one,Higher Education,,,http://capella.edu/
CAPELLA UNIVERSITY,https://www.linkedin.com/school/capella-university/,,ten,Higher Education,,,https://www.capella.edu/
CAPELLA UNIVERSITY,https://www.linkedin.com/school/capella-university/,,"1,001-5,000",Higher Education,,,http://capella.edu/
CAPELLA UNIVERSITY,https://www.linkedin.com/school/capella-university/,,"1,001-5,000",Higher Education,,,https://www.capella.edu/
CAPELLA UNIVERSITY,https://www.linkedin.com/school/capella-university/,,2900,Higher Education,,,http://capella.edu/
CAPITAL RESIN CORPORATION,,,51-200,Chemical Manufacturing,,$34.1M,http://www.capitalresin.com/
CAPITAL RESIN CORPORATION,https://linkedin.com/company/capital-resin-corporation/,Ohio,51-200,Chemical Manufacturing,,$34.1M,http://www.capitalresin.com/
"CAPS® (CENTRAL ADMIXTURE PHARMACY SERVICES, INC.)",,Pennsylvania,340,Pharmaceuticals,,28100000,capspharmacy.com
"CAPS® (CENTRAL ADMIXTURE PHARMACY SERVICES, INC.)",,Pennsylvania,340,Pharmaceuticals,,,capspharmacy.com
CAPSA HEALTHCARE,,,"501-1,000",Medical Equipment Manufacturing,,$79.3M,http://www.capsahealthcare.com
CAPSA HEALTHCARE,https://linkedin.com/company/capsahealthcare,Ohio,"501-1,000",Medical Equipment Manufacturing,,$79.3M,http://www.capsahealthcare.com
CAR KEYS EXPRESS,,Kentucky,120,Automotive,,107500000,carkeysexpress.com
CAR KEYS EXPRESS,,Kentucky,120,Automotive,,,carkeysexpress.com
CARDINAL HEALTH,,,two,,,,
CARDINAL HEALTH,,,"10,001+",Hospitals and Health Care,,,http://cardinalhealth.com/
CARDINAL HEALTH,,,"10,001+",Hospitals and Health Care,,,https://www.cardinalhealth.com/
CARDINAL HEALTH,,,48000,Hospital & Health Care,,,http://cardinalhealth.com/
CARDINAL HEALTH,https://www.linkedin.com/company/cardinal-health/,,three,Hospitals and Health Care,,,http://cardinalhealth.com/
CARDINAL HEALTH,https://www.linkedin.com/company/cardinal-health/,,"10,001+",Hospitals and Health Care,,,http://cardinalhealth.com/
CARDINAL HEALTH,https://www.linkedin.com/company/cardinal-health/,,"10,001+",Hospitals and Health Care,,,https://www.cardinalhealth.com/
CARDINAL HEALTH,https://www.linkedin.com/company/cardinal-health/,,48000,Hospital & Health Care,,,http://cardinalhealth.com/
CARDONE INDUSTRIES,,Pennsylvania,870,Automotive,,514400000,cardone.com
CARDONE INDUSTRIES,,Pennsylvania,870,Automotive,+1-215-301-4808,,cardone.com
CARDONE INDUSTRIES,,Pennsylvania,870,Automotive,+1-301-512-3052,,cardone.com
CARDONE INDUSTRIES,,Pennsylvania,870,Automotive,+1-484-723-3214,,cardone.com
CARDONE INDUSTRIES,,Pennsylvania,870,Automotive,+18003723555,,cardone.com
CARDONE INDUSTRIES,,Pennsylvania,870,Automotive,+18007774780,,cardone.com
"CARMA LABORATORIES, INC.",,,201-500,Manufacturing,,$55.2M,http://www.mycarmex.com
"CARMA LABORATORIES, INC.",https://linkedin.com/company/carma-laboratories-inc.,,nine,Manufacturing,,,http://www.mycarmex.com
"CARMA LABORATORIES, INC.",https://linkedin.com/company/carma-laboratories-inc.,Wisconsin,201-500,Manufacturing,,$55.2M,http://www.mycarmex.com
CARMAX,,,"10,001+",Retail,,,http://carmax.com/
CARMAX,https://www.linkedin.com/company/carmax/,,"10,001+",Retail,,,http://carmax.com/
CARNEGIE ROBOTICS,,,51-200,Automation Machinery Manufacturing,,151.3M,http://carnegierobotics.com
CARNEGIE ROBOTICS,https://www.linkedin.com/company/1488918,Pennsylvania,51-200,Automation Machinery Manufacturing,,151.3M,http://carnegierobotics.com
"CARR, RIGGS & INGRAM",,,"1,001-5,000",Accounting,,,http://www.cricpa.com/
"CARR, RIGGS & INGRAM",,,"1,001-5,000 employees",Accounting,,,https://cricpa.com/
"CARR, RIGGS & INGRAM",https://www.linkedin.com/company/cricpa/,,"1,001-5,000",Accounting,,,http://www.cricpa.com/
CARRIER,,,"10,001+",Wholesale Building Materials,,,https://www.carrier.com/
CARRIER,https://www.linkedin.com/company/carrier/,,nine,Wholesale Building Materials,,,https://www.carrier.com/
CARRIER,https://www.linkedin.com/company/carrier/,,"10,001+",Wholesale Building Materials,,,https://www.carrier.com/
CARRIER VIBRATING EQUIPMENT,,,86,Industrial Machinery Manufacturing,,32000000,carriervibrating.com
CARRIER VIBRATING EQUIPMENT,,Kentucky,86,Industrial Machinery Manufacturing,,32000000,carriervibrating.com
"CARTER DAY INTERNATIONAL, INC.",,Minnesota,52,Machinery Manufacturing,,$25.8M,carterday.com
"CARTER DAY INTERNATIONAL, INC.",,Minnesota,52,Machinery Manufacturing,,25800000,carterday.com
CARTON SERVICE CSI,,,201-500,Packaging and Containers Manufacturing,,40.2M,http://www.cartonservice.com
CARTON SERVICE CSI,https://www.linkedin.com/company/1179947,Ohio,201-500,Packaging and Containers Manufacturing,,40.2M,http://www.cartonservice.com
CARVAJAL ORGANIZATION,,,"10,001+",Investment Management,,,https://www.carvajal.com/
CARVAJAL ORGANIZATION,https://www.linkedin.com/company/organizaci%C3%B3n-carvajal/,,"10,001+",Investment Management,,,https://www.carvajal.com/
CARY STREET PARTNERS,,,130,Financial Services,,,https://carystreetpartners.com/
CARY STREET PARTNERS,https://www.linkedin.com/company/cary-street-partners/,,130,Financial Services,,,https://carystreetpartners.com/
CASCADE DIE CASTING,,,201-500,Automotive,,117.4M,http://cascade-cdc.com
CASCADE DIE CASTING,https://linkedin.com/company/cascade-die-casting-group-inc.,Michigan,201-500,Automotive,,117.4M,http://cascade-cdc.com
CAST NYLONS LIMITED,,,51-200,Plastics Manufacturing,,54M,http://www.castnylon.com
CAST NYLONS LIMITED,https://www.linkedin.com/company/733736,,five,Plastics Manufacturing,,,http://www.castnylon.com
CAST NYLONS LIMITED,https://www.linkedin.com/company/733736,Ohio,51,plastics,,20000000,castnylon.com
CAST NYLONS LIMITED,https://www.linkedin.com/company/733736,Ohio,51-200,Plastics Manufacturing,,54M,http://www.castnylon.com
CASTLE TECHNOLOGY PARTNERS,,,15,Information Technology & Services,,,https://castletechnologypartners.com/
CASTLE TECHNOLOGY PARTNERS,http://www.linkedin.com/company/castletechpartners,,15,Information Technology & Services,,,https://castletechnologypartners.com/
CATHCART RAIL,https://www.linkedin.com/company/cathcart-rail,,five,Rail Transportation,,,cathcart-rail.com
CATHCART RAIL,https://www.linkedin.com/company/cathcart-rail,Ohio,51,Rail Transportation,,50000000,cathcart-rail.com
CATTRON GLOBAL,,,52,electrical/electronic manufacturing,,37500000,http://www.cattron.com
CATTRON GLOBAL,,Ohio,52,electrical/electronic manufacturing,,37500000,http://www.cattron.com
CBT,,,201-500,Industrial Machinery Manufacturing,,186M,https://cbtcompany.com
CBT,https://linkedin.com/company/cbtcompany,Ohio,201-500,Industrial Machinery Manufacturing,,186M,https://cbtcompany.com
CEI NETWORK,,,201-500,Motor Vehicle Manufacturing,,120M,http://www.ceinetwork.com
CEI NETWORK,https://www.linkedin.com/company/390458,Pennsylvania,201-500,Motor Vehicle Manufacturing,,120M,http://www.ceinetwork.com
CEIA USA,,,51-200,"Appliances, Electrical, and Electronics Manufacturing",,32M,http://www.ceia-usa.com
CEIA USA,,,67,electrical/electronic manufacturing,,32000000,http://www.ceia-usa.com
CEIA USA,,Ohio,67,electrical/electronic manufacturing,,32000000,http://www.ceia-usa.com
CEIA USA,https://www.linkedin.com/company/826994,Ohio,51-200,"Appliances, Electrical, and Electronics Manufacturing",,32M,http://www.ceia-usa.com
CELISTICS,,,800,logistics & supply chain,,31006000,http://www.celistics.com
CELISTICS,,Florida,800,logistics & supply chain,,31006000,http://www.celistics.com
CENTRAL HOME BRANDS,,,"501-1,000",Manufacturing,,75M,http://www.ardencompanies.com
CENTRAL HOME BRANDS,,Michigan,200,Mechanical Or Industrial Engineering,,75000000,ardencompanies.com
CENTRAL HOME BRANDS,,Michigan,200,Mechanical Or Industrial Engineering,+12484158500,,ardencompanies.com
CENTRAL HOME BRANDS,,Michigan,200,Mechanical Or Industrial Engineering,+1-248-763-2080,,ardencompanies.com
CENTRAL HOME BRANDS,,Michigan,200,Mechanical Or Industrial Engineering,+1-248-763-7210,,ardencompanies.com
CENTRAL HOME BRANDS,,Michigan,200,Mechanical Or Industrial Engineering,+1-248-770-1160,,ardencompanies.com
CENTRAL HOME BRANDS,,Michigan,200,Mechanical Or Industrial Engineering,+1-734-775-5295,,ardencompanies.com
CENTRAL HOME BRANDS,https://linkedin.com/company/central-home-brands,,three,Manufacturing,,,http://www.ardencompanies.com
CENTRAL HOME BRANDS,https://linkedin.com/company/central-home-brands,Michigan,"501-1,000",Manufacturing,,75M,http://www.ardencompanies.com
CENTRAL MCGOWAN,,Minnesota,54,Industrial Automation,,$32.6M,centralmcgowan.com
CENTRAL MCGOWAN,,Minnesota,54,Industrial Automation,+13202525292,,centralmcgowan.com
CENTRAL MCGOWAN,,Minnesota,54,Industrial Automation,+1-320-260-1632,,centralmcgowan.com
CENTRAL MINNESOTA MENTAL HEALTH CENTER,,,201-500,Mental Health Care,,,https://cmmhc.org/
CENTRAL MINNESOTA MENTAL HEALTH CENTER,https://www.linkedin.com/company/cmmhc/,,201-500,Mental Health Care,,,https://cmmhc.org/
CENTRAL OHIO ENDODONTICS,,,two,,,,https://www.centralohioendodontics.com/
CENTRAL OHIO ENDODONTICS,,,nine,,,,https://www.centralohioendodontics.com/
CENTRAL OHIO TRANSIT AUTHORITY,https://www.linkedin.com/company/1719004,,six,Transportation/Trucking/Railroad,,,cota.com
CENTRAL OHIO TRANSIT AUTHORITY,https://www.linkedin.com/company/1719004,,501,Transportation/Trucking/Railroad,,100000000,cota.com
CENTRAL OHIO TRANSIT AUTHORITY,https://www.linkedin.com/company/1719004,Washington,501,Transportation/Trucking/Railroad,,100000000,c-tran.com
CENTRAL PACKAGE & DISPLAY,,Minnesota,65,Packaging & Containers,,25400000,centralpackage.com
CENTRAL PACKAGE & DISPLAY,,Minnesota,65,Packaging & Containers,+18005232697,,centralpackage.com
CENTRIC CONSULTING,,,four,,,,
CENTRIC CONSULTING,,,"1,001-5,000",Business Consulting and Services,,,http://www.centricconsulting.com/
CENTRIC CONSULTING,,,"1,001-5,000",Business Consulting and Services,,,https://centricconsulting.com/
CENTRIC CONSULTING,https://www.linkedin.com/company/centric-consulting/,,"1,001-5,000",Business Consulting and Services,,,http://www.centricconsulting.com/
CENTRIC CONSULTING,https://www.linkedin.com/company/centric-consulting/,,"1,001-5,000",Business Consulting and Services,,,https://centricconsulting.com/
CERROWIRE,,,330,electrical/electronic manufacturing,,151448000,http://www.cerrowire.com
CERROWIRE,,Alabama,330,electrical/electronic manufacturing,,151448000,http://www.cerrowire.com
CHALLENGE MANUFACTURING,,,"1,001-5,000",Motor Vehicle Manufacturing,,300M,http://www.challenge-mfg.com
CHALLENGE MANUFACTURING,https://www.linkedin.com/company/3110301,Michigan,"1,001-5,000",Motor Vehicle Manufacturing,,300M,http://www.challenge-mfg.com
CHALLENGE MANUFACTURING,https://www.linkedin.com/company/3110301,Texas,"1,001-5,000",Motor Vehicle Manufacturing,,300M,http://www.challenge-mfg.com
CHANDLER INDUSTRIES,,,160,Aviation and Aerospace Component Manufacturing,,83400000,chandlerindustries.com
CHANDLER INDUSTRIES,,Minnesota,160,Aviation and Aerospace Component Manufacturing,,83400000,chandlerindustries.com
CHANDLER SYSTEMS,,,51-200,Manufacturing,,,https://chandlersystemsinc.com/
CHANDLER SYSTEMS,https://www.linkedin.com/company/chandler-systems-inc-/,,51-200,Manufacturing,,,https://chandlersystemsinc.com/
CHANDLER SYSTEMS INC,,,51-200,Manufacturing,,,http://www.chandlersystemsinc.com/
CHANDLER SYSTEMS INC,https://www.linkedin.com/company/chandler-systems-inc-/,,51-200,Manufacturing,,,http://www.chandlersystemsinc.com/
"CHANNELLOCK, INC.",,Pennsylvania,120,Mechanical Or Industrial Engineering,,25000000,channellock.com
"CHANNELLOCK, INC.",,Pennsylvania,120,Mechanical Or Industrial Engineering,+1-814-282-2756,,channellock.com
"CHANNELLOCK, INC.",,Pennsylvania,120,Mechanical Or Industrial Engineering,+1-814-282-4644,,channellock.com
"CHANNELLOCK, INC.",,Pennsylvania,120,Mechanical Or Industrial Engineering,+18147248700,,channellock.com
"CHANNELLOCK, INC.",,Pennsylvania,120,Mechanical Or Industrial Engineering,"+1-814-724-8700,+1-814-598-9101",,channellock.com
"CHANNELLOCK, INC.",,Pennsylvania,120,Mechanical Or Industrial Engineering,+1-904-945-4566,,channellock.com
CHAUVET,,,201-500,"Appliances, Electrical, and Electronics Manufacturing",,122.5M,http://www.chauvetlighting.com
CHAUVET,https://linkedin.com/company/chauvet,Florida,201-500,"Appliances, Electrical, and Electronics Manufacturing",,122.5M,http://www.chauvetlighting.com
CHEMDESIGN,,,200,Chemical Manufacturing,,30000000,chemdesign.com
CHEMDESIGN,,Wisconsin,200,Chemical Manufacturing,,30000000,chemdesign.com
CHEMSTATION,,,201-500,Chemical Manufacturing,,46.4M,http://www.chemstation.com/about/
CHEMSTATION,https://www.linkedin.com/company/80261,Ohio,201-500,Chemical Manufacturing,,46.4M,http://www.chemstation.com/about/
CHEM-TREND,,,"501-1,000",Chemical Manufacturing,,37.9M,http://www.chemtrend.com
CHEM-TREND,https://linkedin.com/company/chem-trend,Michigan,"501-1,000",Chemical Manufacturing,,37.9M,http://www.chemtrend.com
CHEP,,,one,,,,
CHEP,,,"10,001+","Transportation, Logistics, Supply Chain and Storage",,,http://www.chep.com/
CHEP,https://www.linkedin.com/company/chep/,,"10,001+","Transportation, Logistics, Supply Chain and Storage",,,http://www.chep.com/
CHILDREN'S HOPE ALLIANCE,,,201-500,Mental Health Care,,,https://www.childrenshopealliance.org/
CHILDREN'S HOPE ALLIANCE,https://www.linkedin.com/company/children's-hope-alliance/,,201-500,Mental Health Care,,,https://www.childrenshopealliance.org/
CHROMALOX,,,"1,001-5,000","Appliances, Electrical, and Electronics Manufacturing",,250M,http://www.chromalox.com/
CHROMALOX,,,580,electrical/electronic manufacturing,,250000000,http://www.chromalox.com
CHROMALOX,https://www.linkedin.com/company/42004,Pennsylvania,"1,001-5,000","Appliances, Electrical, and Electronics Manufacturing",,250M,http://www.chromalox.com/
CHROMASCAPE,,,51-200,Chemical Manufacturing,,64M,http://www.chromascape.com
CHROMASCAPE,https://www.linkedin.com/company/846909,Ohio,51-200,Chemical Manufacturing,,64M,http://www.chromascape.com
CHUBB,,,"10,001+",Insurance,,,https://www.chubb.com/
CHUBB,https://www.linkedin.com/company/chubb/,,"10,001+",Insurance,,,https://www.chubb.com/
CIGNA HEALTHCARE,,,30000,Hospital & Health Care,,,https://www.cigna.com/
CIGNA HEALTHCARE,http://www.linkedin.com/company/cignahealthcare,,30000,Hospital & Health Care,,,https://www.cigna.com/
CINCINNATI,,,201-500,Machinery Manufacturing,,40.1M,http://www.e-ci.com
CINCINNATI,https://linkedin.com/company/cincinnati-incorporated,Ohio,201-500,Machinery Manufacturing,,40.1M,http://www.e-ci.com
CINCINNATI,https://www.linkedin.com/company/1299480,,247,machinery,,100000000,e-ci.com
CINCINNATI METRO,https://www.linkedin.com/company/644865,,ten,Transportation/Trucking/Railroad,,,go-metro.com
CINCINNATI METRO,https://www.linkedin.com/company/644865,Ohio,91,Transportation/Trucking/Railroad,,10000000,go-metro.com
CINTAS,,,four,,,,
CINTAS,,,"10,001+",Facilities Services,,,https://www.cintas.com/
CINTAS,https://www.linkedin.com/company/cintas/,,five,Facilities Services,,,https://www.cintas.com/
CINTAS,https://www.linkedin.com/company/cintas/,,"10,001+",Facilities Services,,,https://www.cintas.com/
CIRTEC MEDICAL,,Minnesota,630,medical devices,,40000000,cirtecmed.com
CIRTEC MEDICAL,,Minnesota,630,medical devices,+1-605-670-1483,,cirtecmed.com
CIT BANK,,,470,Banking,,,https://www.cit.com/
CIT BANK,http://www.linkedin.com/company/cit-bank,,470,Banking,,,https://www.cit.com/
CITY BREWING COMPANY,,,"1,001-5,000",Beverage Manufacturing,,$279.5M,http://www.citybrewery.com
CITY BREWING COMPANY,https://linkedin.com/company/city-brewing-company,,ten,Beverage Manufacturing,,,http://www.citybrewery.com
CITY BREWING COMPANY,https://linkedin.com/company/city-brewing-company,Wisconsin,"1,001-5,000",Beverage Manufacturing,,$279.5M,http://www.citybrewery.com
CITY FURNITURE,,,1500,Retail,,531800000,http://www.cityfurniture.com
CITY FURNITURE,,Florida,1500,Retail,,531800000,http://www.cityfurniture.com
CITY OF ASHEBORO,,,four,,,,
CITY OF ASHEBORO,,,201-500 employees,Government Administration,,,http://www.asheboro.nc.us/
CITY OF GULF SHORES,,,201-500,Government Administration,,,http://www.gulfshoresal.gov/
CITY OF GULF SHORES,https://www.linkedin.com/company/city-of-gulf-shores/,,201-500,Government Administration,,,http://www.gulfshoresal.gov/
CITY OF NEW YORK MILLS,,,ten,,,,https://newyorkmills.govoffice2.com/
CITY OF NEW YORK MILLS,,,nine,,,,https://newyorkmills.govoffice2.com/
CITY OF SEARCY MUNICIPAL,,,nine,,,,https://www.cityofsearcy.org/
CITY OF SEARCY MUNICIPAL,,,nine,,,,https://www.cityofsearcy.org/
"CITY OF WOODSTOCK, GEORGIA",,,51-200,Government Administration,,,http://www.woodstockga.gov/
"CITY OF WOODSTOCK, GEORGIA",https://www.linkedin.com/company/city-of-woodstock/,,51-200,Government Administration,,,http://www.woodstockga.gov/
CIVILTECH ENGINEERING,,,51-200,Civil Engineering,,,https://civiltechinc.com/
CIVILTECH ENGINEERING,https://www.linkedin.com/company/civiltechinc/,,51-200,Civil Engineering,,,https://civiltechinc.com/
CLARIENCE,,,"1,001-5,000","Appliances, Electrical, and Electronics Manufacturing",,473.8M,http://www.clariencetechnologies.com
CLARIENCE,https://linkedin.com/company/clarience-technologies,,ten,"Appliances, Electrical, and Electronics Manufacturing",,,http://www.clariencetechnologies.com
CLARIENCE,https://linkedin.com/company/clarience-technologies,Michigan,"1,001-5,000","Appliances, Electrical, and Electronics Manufacturing",,473.8M,http://www.clariencetechnologies.com
"CLARION TECHNOLOGIES, INC.",,,68,plastics,,145515000,clariontechnologies.com
"CLARION TECHNOLOGIES, INC.",,Michigan,68,plastics,,145515000,clariontechnologies.com
CLARK FIXTURES,,,51-200,Aviation and Aerospace Component Manufacturing,,42.9M,http://www.clarkfixtures.com
CLARK FIXTURES,https://www.linkedin.com/company/1153850,Ohio,51-200,Aviation and Aerospace Component Manufacturing,,42.9M,http://www.clarkfixtures.com
CLARK OIL,,,90,Retail,,50756000,http://www.clark-oil.com
CLARK OIL,,Mississippi,90,Retail,,50756000,http://www.clark-oil.com
CLASEN QUALITY CHOCOLATE,,,201-500,Food Production,,75M,http://www.cqc.com
CLASEN QUALITY CHOCOLATE,https://linkedin.com/company/clasen-quality-chocolate,Wisconsin,201-500,Food Production,,75M,http://www.cqc.com
"CLASSIC TURNING, INC.",,,51,Aviation and Aerospace Component Manufacturing,,32744000,classicturning.com
"CLASSIC TURNING, INC.",,Michigan,51,Aviation and Aerospace Component Manufacturing,,32744000,classicturning.com
CLEAR ALIGN,,,80,Defense and Space Manufacturing,,55038000,clearalign.com
CLEAR ALIGN,,Pennsylvania,80,Defense and Space Manufacturing,,55038000,clearalign.com
CLEAR IMAGE GLASS,,,nine,,,,https://www.clearimageglassllc.com/
CLEAR IMAGE GLASS,,,two,,,,https://www.clearimageglassllc.com/
CLEARY BUILDING,,Wisconsin,390,Construction,,$97.3M,clearybuilding.com
CLEARY BUILDING,,Wisconsin,390,Construction,+1-608-225-3715,,clearybuilding.com
CLEARY BUILDING,,Wisconsin,390,Construction,+1-608-235-4315,,clearybuilding.com
CLEARY BUILDING,,Wisconsin,390,Construction,+1-608-921-2121,,clearybuilding.com
CLEARY BUILDING,,Wisconsin,390,Construction,+18003735550,,clearybuilding.com
CLEVELAND STEEL CONTAINER,,,201-500,Packaging and Containers Manufacturing,,77.4M,http://www.cscpails.com
CLEVELAND STEEL CONTAINER,https://www.linkedin.com/company/1092570,Ohio,201-500,Packaging and Containers Manufacturing,,77.4M,http://www.cscpails.com
CLIMATE FIRST BANK,,,51-200,Banking,,,https://www.climatefirstbank.com/
CLIMATE FIRST BANK,https://www.linkedin.com/company/climate-first-bank/,,51-200,Banking,,,https://www.climatefirstbank.com/
CLIMATECH,,Minnesota,100,plastics,,$30.6M,clim-a-tech.com
CLIMATECH,,Minnesota,100,plastics,+1 (952) 938-9467,,clim-a-tech.com
CLIPPARD INSTRUMENT LABORATORY,,,201-500,Manufacturing,,39.6M,https://clippard.com
CLIPPARD INSTRUMENT LABORATORY,https://linkedin.com/company/clippard-instrument-laboratory-inc-,Ohio,201-500,Manufacturing,,39.6M,https://clippard.com
CMAC,,,11-50,"Transportation, Logistics, Supply Chain and Storage",,,https://cmacinc.com/
CMAC,,,190,logistics & supply chain,,27103000,http://www.cmacinc.com
CMAC,,Georgia,190,logistics & supply chain,,27103000,http://www.cmacinc.com
CMAC,https://www.linkedin.com/company/cmac/,,11-50,"Transportation, Logistics, Supply Chain and Storage",,,https://cmacinc.com/
CMC,,,201-500,Printing Services,,50.1M,http://www.cmcgp.com
CMC,https://www.linkedin.com/company/73420,Ohio,201-500,Printing Services,,50.1M,http://www.cmcgp.com
CME WIRE AND CABLE,,,93,electrical/electronic manufacturing,,49455000,http://www.cmewire.com
CME WIRE AND CABLE,,Georgia,93,electrical/electronic manufacturing,,49455000,http://www.cmewire.com
COASTAL AUTOMOTIVE,,,51-200,Automotive,,117.4M,http://www.coastal-automotive.com
COASTAL AUTOMOTIVE,https://linkedin.com/company/coastal-automotive-llc,,two,Automotive,,,http://www.coastal-automotive.com
COASTAL AUTOMOTIVE,https://linkedin.com/company/coastal-automotive-llc,Michigan,51-200,Automotive,,117.4M,http://www.coastal-automotive.com
COASTAL CONSTRUCTION PRODUCTS,,,51-200,Construction,,250M,https://CoastalOne.com
COASTAL CONSTRUCTION PRODUCTS,https://linkedin.com/company/coastal-construction-products,Florida,51-200,Construction,,250M,https://CoastalOne.com
COASTAL CONTAINER,,Michigan,67,Packaging & Containers,,$25.0M,coastal-container.com
COASTAL CONTAINER,,Michigan,67,Packaging & Containers,+16163993000,,coastal-container.com
"COASTAL HUMAN RESOURCE GROUP, INC.",,,six,,,,
"COASTAL HUMAN RESOURCE GROUP, INC.",,,11-50 employees,Human Resources Services,,,http://www.coastal-hr.com/
COASTAL PET PRODUCTS,,,"501-1,000",Consumer Goods,,50M,http://www.coastalpet.com
COASTAL PET PRODUCTS,https://www.linkedin.com/company/261008,Ohio,"501-1,000",Consumer Goods,,50M,http://www.coastalpet.com
COATING PLACE INC.,,,51-200,Pharmaceutical Manufacturing,,$57.9M,http://www.coatingplace.com
COATING PLACE INC.,https://linkedin.com/company/coating-place-inc-,Wisconsin,51-200,Pharmaceutical Manufacturing,,$57.9M,http://www.coatingplace.com
CO-AX TECHNOLOGY,,,201-500,"Appliances, Electrical, and Electronics Manufacturing",,59.3M,http://www.coaxinc.com
CO-AX TECHNOLOGY,https://www.linkedin.com/company/9221612,,three,"Appliances, Electrical, and Electronics Manufacturing",,,http://www.coaxinc.com
CO-AX TECHNOLOGY,https://www.linkedin.com/company/9221612,Ohio,201-500,"Appliances, Electrical, and Electronics Manufacturing",,59.3M,http://www.coaxinc.com
CODONICS,,,51-200,Medical Equipment Manufacturing,,32M,http://www.codonics.com
CODONICS,https://linkedin.com/company/codonics,Ohio,51-200,Medical Equipment Manufacturing,,32M,http://www.codonics.com
COE DISTRIBUTING,,,201-500,Furniture and Home Furnishings Manufacturing,,70.7M,http://www.coedistributing.com
COE DISTRIBUTING,https://www.linkedin.com/company/1502377,,three,Furniture and Home Furnishings Manufacturing,,,http://www.coedistributing.com
COE DISTRIBUTING,https://www.linkedin.com/company/1502377,Pennsylvania,201-500,Furniture and Home Furnishings Manufacturing,,70.7M,http://www.coedistributing.com
COHEN SALES COMPANY,,,nine,,,,
COHEN SALES COMPANY,,,six,,,,
COLD JET,,,201-500,Machinery Manufacturing,,41.2M,http://www.coldjet.com
COLD JET,https://linkedin.com/company/cold-jet,Ohio,201-500,Machinery Manufacturing,,41.2M,http://www.coldjet.com
COLD JET,https://www.linkedin.com/company/cold-jet,,500,machinery,,50000000,coldjet.com
COLD JET,https://www.linkedin.com/company/cold-jet,Ohio,500,machinery,,50000000,coldjet.com
COLDSPRING,,,three,,,,
COLDSPRING,,,310,Building Materials,,,http://www.coldspringusa.com/
COLDSPRING,,,"501-1,000",Wholesale Building Materials,,,http://www.coldspringusa.com/
COLDSPRING,,,"501-1,000",Wholesale Building Materials,,,https://www.coldspringusa.com/
COLDSPRING,,,"501-1,000 employees",Wholesale Building Materials,,,https://www.coldspringusa.com/
COLDSPRING,https://www.linkedin.com/company/cold-spring-granite/,,310,Building Materials,,,http://www.coldspringusa.com/
COLDSPRING,https://www.linkedin.com/company/cold-spring-granite/,,"501-1,000",Wholesale Building Materials,,,http://www.coldspringusa.com/
COLDSPRING,https://www.linkedin.com/company/cold-spring-granite/,,"501-1,000",Wholesale Building Materials,,,https://www.coldspringusa.com/
COLDWELL BANKER COMMERCIAL,,,"1,001-5,000",Real Estate,,,https://www.cbcworldwide.com/
COLDWELL BANKER COMMERCIAL,https://www.linkedin.com/company/cbcworldwide/,,"1,001-5,000",Real Estate,,,https://www.cbcworldwide.com/
"COLE PHOENIX GROUP, LLC",,,one,,,,
"COLE PHOENIX GROUP, LLC",,,ten,,,,
COLORCON®,,Pennsylvania,1100,Pharmaceuticals,,500000000,colorcon.com
COLORCON®,,Pennsylvania,1100,Pharmaceuticals,,,colorcon.com
COLORVISION INTERNATIONAL,,,190,Retail,,150000000,http://www.colorvisionint.com
COLORVISION INTERNATIONAL,,Florida,190,Retail,,150000000,http://www.colorvisionint.com
COLOURS,,,201-500,Motor Vehicle Manufacturing,,72300000,http://gocolours.com
COLOURS,https://www.linkedin.com/company/15923133,,eight,Motor Vehicle Manufacturing,,,http://gocolours.com
COLOURS,https://www.linkedin.com/company/15923133,Pennsylvania,201-500,Motor Vehicle Manufacturing,,72300000,http://gocolours.com
COLSA,,,1300,Defense & Space,,,http://www.colsa.com/
COLSA,https://www.linkedin.com/company/colsa/,,1300,Defense & Space,,,http://www.colsa.com/
COLUMBIA GEAR CORPORATION,,,95,machinery,,74600000,columbiagear.com
COLUMBIA GEAR CORPORATION,,Minnesota,95,machinery,,74600000,columbiagear.com
COLUMBIA SOUTHERN UNIVERSITY,,,two,E-Learning Providers,,,http://www.columbiasouthern.edu/
COLUMBIA SOUTHERN UNIVERSITY,,,"501-1,000",E-Learning Providers,,,https://www.columbiasouthern.edu/
COLUMBIA SOUTHERN UNIVERSITY,https://www.linkedin.com/school/columbia-southern-university/,,five,E-Learning Providers,,,http://www.columbiasouthern.edu/
COLUMBIA SOUTHERN UNIVERSITY,https://www.linkedin.com/school/columbia-southern-university/,,"501-1,000",E-Learning Providers,,,https://www.columbiasouthern.edu/
"COLUMBUS INDUSTRIES INC, FILTRATION GROUP",,,"501-1,000",Manufacturing,,350M,https://www.columbusindustries.com/
"COLUMBUS INDUSTRIES INC, FILTRATION GROUP",https://linkedin.com/company/columbus-industries,Ohio,"501-1,000",Manufacturing,,350M,https://www.columbusindustries.com/
COLUMBUS REGIONAL AIRPORT AUTHORITY,,,201-500,Aviation & Aerospace,,,https://columbusairports.com/
COLUMBUS REGIONAL AIRPORT AUTHORITY,https://www.linkedin.com/company/columbus-regional-airport-authority/,,201-500,Aviation & Aerospace,,,https://columbusairports.com/
COLUMBUS STATE COMMUNITY COLLEGE,,,2900,Higher Education,,,https://www.cscc.edu/
COLUMBUS STATE COMMUNITY COLLEGE,https://www.linkedin.com/school/columbus-state-community-college/,,2900,Higher Education,,,https://www.cscc.edu/
COMBI PACKAGING SYSTEMS,,,51-200,Machinery Manufacturing,,36.4M,https://www.combi.com
COMBI PACKAGING SYSTEMS,https://www.linkedin.com/company/574885,,eight,Machinery Manufacturing,,,https://www.combi.com
COMBI PACKAGING SYSTEMS,https://www.linkedin.com/company/574885,Ohio,51-200,Machinery Manufacturing,,36.4M,https://www.combi.com
COMETIC GASKET,,,51-200,Motor Vehicle Manufacturing,,53.8M,http://www.cometic.com
COMETIC GASKET,https://www.linkedin.com/company/987169,Ohio,51-200,Motor Vehicle Manufacturing,,53.8M,http://www.cometic.com
COMFORT RESEARCH,,,201-500,Furniture and Home Furnishings Manufacturing,,73000000,http://www.comfortresearch.com
COMFORT RESEARCH,https://www.linkedin.com/company/2081299,,ten,Furniture and Home Furnishings Manufacturing,,,http://www.comfortresearch.com
COMFORT RESEARCH,https://www.linkedin.com/company/2081299,Michigan,201-500,Furniture and Home Furnishings Manufacturing,,73000000,http://www.comfortresearch.com
COMMERCE CONTROLS,,Michigan,200,Industrial Automation,,$25M,commercecontrols.com
COMMERCE CONTROLS,,Michigan,200,Industrial Automation,+12484761442,,commercecontrols.com
"COMMERCIAL TOOL GROUP: COMMERCIAL TOOL & DIE, INC., CG AUTOMATION & FIXTURE, INC., CG PLASTICS, INC.",,Michigan,130,Plastics Manufacturing,,33753000,commercialtoolgroup.com
"COMMERCIAL TOOL GROUP: COMMERCIAL TOOL & DIE, INC., CG AUTOMATION & FIXTURE, INC., CG PLASTICS, INC.",,Michigan,130,Plastics Manufacturing,,,commercialtoolgroup.com
COMMUNITY FOUNDATION OF NORTHWEST MISSISSIPPI,,,2/10/2023,Non-profit Organizations,,,https://cfnm.org/
COMMUNITY FOUNDATION OF NORTHWEST MISSISSIPPI,https://www.linkedin.com/company/community-foundation-of-northwest-mississippi/,,2/10/2023,Non-profit Organizations,,,https://cfnm.org/
COMMUNITY TISSUE SERVICES,,,"501-1,000",Medical Equipment Manufacturing,,52.7M,http://www.communitytissue.org
COMMUNITY TISSUE SERVICES,https://linkedin.com/company/community-tissue-services,,ten,Medical Equipment Manufacturing,,,http://www.communitytissue.org
COMMUNITY TISSUE SERVICES,https://linkedin.com/company/community-tissue-services,Ohio,"501-1,000",Medical Equipment Manufacturing,,52.7M,http://www.communitytissue.org
"COMPANY WRENCH, LTD.",,,51-200,Machinery Manufacturing,,$127.3M,http://companywrench.com/
"COMPANY WRENCH, LTD.",https://linkedin.com/company/company-wrench-ltd-,,seven,Machinery Manufacturing,,,http://companywrench.com/
"COMPANY WRENCH, LTD.",https://linkedin.com/company/company-wrench-ltd-,Ohio,51-200,Machinery Manufacturing,,$127.3M,http://companywrench.com/
COMPASS HEALTH BRANDS,,,51-200,Medical Equipment Manufacturing,,40M,http://www.compasshealthbrands.com
COMPASS HEALTH BRANDS,https://linkedin.com/company/compass-health-brands,Ohio,51-200,Medical Equipment Manufacturing,,40M,http://www.compasshealthbrands.com
"COMPREHENSIVE LOGISTICS CO., INC.",,,four,,,,
"COMPREHENSIVE LOGISTICS CO., INC.",,,690,Transportation/Trucking/Railroad,,,https://www.complog.com/
"COMPREHENSIVE LOGISTICS CO., INC.",https://www.linkedin.com/company/comprehensive-logistics-transport/,,690,Transportation/Trucking/Railroad,,,https://www.complog.com/
CON FORMS,,,76,"Glass, Ceramics and Concrete Manufacturing",,30465000,conforms.com
CON FORMS,,Wisconsin,76,"Glass, Ceramics and Concrete Manufacturing",,30465000,conforms.com
CONAGRA BRANDS,,,eight,,,,
CONAGRA BRANDS,,,"10,001+",Food and Beverage Services,,,https://www.conagrabrands.com/
CONAGRA BRANDS,https://www.linkedin.com/company/conagra-brands/,,"10,001+",Food and Beverage Services,,,https://www.conagrabrands.com/
CONCENTRIX,,,"10,001+",IT Services and IT Consulting,,,http://www.concentrix.com/
CONCENTRIX,https://www.linkedin.com/company/concentrix/,,"10,001+",IT Services and IT Consulting,,,http://www.concentrix.com/
CONCURRENT TECHNOLOGIES,,,"501-1,000",Defense & Space,,115M,http://www.ctc.com
CONCURRENT TECHNOLOGIES,https://www.linkedin.com/company/5512,Pennsylvania,"501-1,000",Defense & Space,,115M,http://www.ctc.com
CONE DRIVE,,,201-500,Automation Machinery Manufacturing,,150M,http://www.conedrive.com
CONE DRIVE,https://linkedin.com/company/cone-drive-operations-inc-,Michigan,201-500,Automation Machinery Manufacturing,,150M,http://www.conedrive.com
CONECUH TIMBER,,,2-10,Paper and Forest Product Manufacturing,,,https://conecuhtimber.com/
CONECUH TIMBER,https://www.linkedin.com/company/conecuh-timber/,,2-10,Paper and Forest Product Manufacturing,,,https://conecuhtimber.com/
CONESTOGA WOOD SPECIALTIES,,,"1,001-5,000",Wholesale Building Materials,,271.6M,http://www.conestogawood.com
CONESTOGA WOOD SPECIALTIES,https://www.linkedin.com/company/conestoga-wood-specialties,Pennsylvania,"1,001-5,000",Wholesale Building Materials,,271.6M,http://www.conestogawood.com
CONN SELMER,,Indiana,430,Mechanical Or Industrial Engineering,,298900000,connselmer.com
CONN SELMER,,Indiana,430,Mechanical Or Industrial Engineering,+1-323-556-1973,,connselmer.com
CONN SELMER,,Indiana,430,Mechanical Or Industrial Engineering,+15745221675,,connselmer.com
CONN SELMER,,Indiana,430,Mechanical Or Industrial Engineering,+1-856-296-3333,,connselmer.com
CONNECT AMERICA,,,"501-1,000",Medical Equipment Manufacturing,,60M,http://www.connectamerica.com
CONNECT AMERICA,https://www.linkedin.com/company/connect-america,Pennsylvania,"501-1,000",Medical Equipment Manufacturing,,60M,http://www.connectamerica.com
CONSOLIDATED CONSTRUCTION,,Wisconsin,120,Construction,,$26.6M,1call2build.com
CONSOLIDATED CONSTRUCTION,,Wisconsin,120,Construction,+17155793134,,1call2build.com
CONSOLIDATED PRECISION PRODUCTS,,,"1,001-5,000",Aviation and Aerospace Component Manufacturing,,150M,http://www.cppcorp.com
CONSOLIDATED PRECISION PRODUCTS,https://www.linkedin.com/company/467770,Ohio,"1,001-5,000",Aviation and Aerospace Component Manufacturing,,150M,http://www.cppcorp.com
CONSTRUCTION PARTNERS,,,"1,001-5,000",Construction,,,https://www.constructionpartners.net/
CONSTRUCTION PARTNERS,https://www.linkedin.com/company/constructionpartners/,,"1,001-5,000",Construction,,,https://www.constructionpartners.net/
CONSULTING QUEST,,,11,Management Consulting,,,https://consultingquest.com/
CONSULTING QUEST,https://www.linkedin.com/company/consulting-quest/,,11,Management Consulting,,,https://consultingquest.com/
CONSUMERS CONCRETE,,Michigan,52,Construction,,44500000,consumersconcrete.com
CONSUMERS CONCRETE,,Michigan,52,Construction,+18006434235,,consumersconcrete.com
CONTINENTAL OFFICE EST. 1939,,,201-500,Office Furniture and Fixtures Manufacturing,,$122.5M,http://www.continentaloffice.com
CONTINENTAL OFFICE EST. 1939,https://linkedin.com/company/continental-office-est-1939,Ohio,201-500,Office Furniture and Fixtures Manufacturing,,$122.5M,http://www.continentaloffice.com
CONTRACT INDUSTRIAL TOOLING (C-I-T),,Indiana,56,Packaging & Containers,,$582.0M,c-i-t.com
CONTRACT INDUSTRIAL TOOLING (C-I-T),,Indiana,56,Packaging & Containers,+1-765-478-4759,,c-i-t.com
COOPER-BOOTH WHOLESALE,,,201-500,Wholesale,,34.0M,http://www.cooperbooth.com
COOPER-BOOTH WHOLESALE,https://www.linkedin.com/company/cooper-booth-wholesale-company,Pennsylvania,201-500,Wholesale,,34.0M,http://www.cooperbooth.com
COPPERWELD,,,150,electrical/electronic manufacturing,,82600000,http://www.copperweld.com
COPPERWELD,,Tennessee,150,electrical/electronic manufacturing,,82600000,http://www.copperweld.com
COPPERWING,,,11-50,Advertising Services,,,https://www.copperwing.com/
COPPERWING,https://www.linkedin.com/company/copperwing-design/,,11-50,Advertising Services,,,https://www.copperwing.com/
CORE INDUSTRIES,,,39,Import & Export,,,https://coreindustries.com/
CORE INDUSTRIES,http://www.linkedin.com/company/coreindustries,,39,Import & Export,,,https://coreindustries.com/
CORE INDUSTRIES,https://www.linkedin.com/company/coreindustries/,,39,Import & Export,,,https://coreindustries.com/
CORE MOLDING TECHNOLOGIES,,,"1,001-5,000",Plastics Manufacturing,,325.2M,http://www.coremt.com
CORE MOLDING TECHNOLOGIES,https://linkedin.com/company/core-molding-technologies,Ohio,"1,001-5,000",Plastics Manufacturing,,325.2M,http://www.coremt.com
CORK MEDICAL,,Indiana,71,medical devices,,25000000,corkmedical.com
CORK MEDICAL,,Indiana,71,medical devices,+1-626-824-6036,,corkmedical.com
CORNERSTONE LENDING GROUP,,,0,,,,https://www.cornerstonelendinggroup.com/
CORNERSTONE LENDING GROUP,,,0,,,,https://www.cornerstonelendinggroup.com/
CORNWELL QUALITY TOOLS,,,201-500,Motor Vehicle Manufacturing,,218.7M,http://www.cornwelltools.com
CORNWELL QUALITY TOOLS,https://www.linkedin.com/company/892691,,two,Motor Vehicle Manufacturing,,,http://www.cornwelltools.com
CORNWELL QUALITY TOOLS,https://www.linkedin.com/company/892691,Ohio,201-500,Motor Vehicle Manufacturing,,218.7M,http://www.cornwelltools.com
CORPORATE ALLIANCE FOR DRUG EDUCATION,,,2-10,Primary and Secondary Education,,,http://www.cadekids.org/
CORPORATE ALLIANCE FOR DRUG EDUCATION,https://www.linkedin.com/company/cadekids/,,2-10,Primary and Secondary Education,,,http://www.cadekids.org/
CORTEC CORPORATION,,,150,Chemical Manufacturing,,51000000,cortecvci.com
CORTEC CORPORATION,,Minnesota,150,Chemical Manufacturing,,51000000,cortecvci.com
CORVAC COMPOSITES,,,"501-1,000",Motor Vehicle Manufacturing,,150M,http://www.Corvaccomposites.com
CORVAC COMPOSITES,https://linkedin.com/company/corvac-composites-llc,Michigan,"501-1,000",Motor Vehicle Manufacturing,,150M,http://www.Corvaccomposites.com
CORVAC COMPOSITES,https://www.linkedin.com/company/corvac-composites-llc,Michigan,"501-1,000",Motor Vehicle Manufacturing,,150M,http://www.Corvaccomposites.com
CORVAL GROUP,,Minnesota,210,Construction,,133800000,corvalgroup.com
CORVAL GROUP,,Minnesota,210,Construction,+1-612-369-2253,,corvalgroup.com
CORVAL GROUP,,Minnesota,210,Construction,+1-651-675-0300,,corvalgroup.com
COUGHLIN AUTOMOTIVE,,,201-500,Motor Vehicle Manufacturing,,$50.5M,http://www.coughlincars.com
COUGHLIN AUTOMOTIVE,https://linkedin.com/company/coughlin-automotive,Ohio,201-500,Motor Vehicle Manufacturing,,$50.5M,http://www.coughlincars.com
COVERT MANUFACTURING,,,51-200,Motor Vehicle Manufacturing,,78.1M,http://www.covertmfg.com
COVERT MANUFACTURING,https://www.linkedin.com/company/634329,Ohio,51-200,Motor Vehicle Manufacturing,,78.1M,http://www.covertmfg.com
COVESTRO,,,four,,,,
COVESTRO,,,"10,001+",Chemical Manufacturing,,,http://www.covestro.com/
COVESTRO,https://www.linkedin.com/company/covestro/,,five,Chemical Manufacturing,,,http://www.covestro.com/
COVESTRO,https://www.linkedin.com/company/covestro/,,"10,001+",Chemical Manufacturing,,,http://www.covestro.com/
"COWLES, MURPHY, GLOVER & ASSOCIATES",,,12,Civil Engineering,,,http://cmg-a.com/
"COWLES, MURPHY, GLOVER & ASSOCIATES",https://www.linkedin.com/company/cowles-murphy-glover-&-associates/,,12,Civil Engineering,,,http://cmg-a.com/
C-P FLEXIBLE PACKAGING,,,"1,001-5,000",Packaging and Containers Manufacturing,,50M,http://www.cpflexpack.com
C-P FLEXIBLE PACKAGING,https://www.linkedin.com/company/c-p-flexible-packaging,Pennsylvania,"1,001-5,000",Packaging and Containers Manufacturing,,50M,http://www.cpflexpack.com
CPSI,,,"1,001-5,000",IT Services and IT Consulting,,,https://www.cpsi.com/
CPSI,https://www.linkedin.com/company/cpsi/,,"1,001-5,000",IT Services and IT Consulting,,,https://www.cpsi.com/
CQ MEDICAL,,Pennsylvania,76,medical devices,,25000000,cqmedical.com
CQ MEDICAL,,Pennsylvania,76,medical devices,+1-605-201-3486,,cqmedical.com
CQ MEDICAL,,Pennsylvania,76,medical devices,+18008428688,,cqmedical.com
CRANE PUMPS & SYSTEMS,,,"501-1,000",Machinery Manufacturing,,201.7M,http://www.cranepumps.com
CRANE PUMPS & SYSTEMS,https://linkedin.com/company/crane-pumps-&-systemss,Ohio,"501-1,000",Machinery Manufacturing,,201.7M,http://www.cranepumps.com
CRARY INDUSTRIES,,North Dakota,87,machinery,,30900000,crary.com
CRARY INDUSTRIES,,North Dakota,87,machinery,,,crary.com
CRAVE NEWS,,,11-50,Media Production,,,https://www.cravenews.com/
CRAVE NEWS,https://www.linkedin.com/company/cravenews/,,11-50,Media Production,,,https://www.cravenews.com/
CRAYOLA,,,"1,001-5,000",Manufacturing,,450.2M,http://www.crayola.com
CRAYOLA,https://www.linkedin.com/company/11015,,seven,Manufacturing,,,http://www.crayola.com
CRAYOLA,https://www.linkedin.com/company/11015,Pennsylvania,"1,001-5,000",Manufacturing,,450.2M,http://www.crayola.com
CRC INDUSTRIES,,,201-500,Chemical Manufacturing,,75M,http://www.crcindustries.com
CRC INDUSTRIES,https://www.linkedin.com/company/100073,Pennsylvania,201-500,Chemical Manufacturing,,75M,http://www.crcindustries.com
CREATION TECHNOLOGIES,,,"1,001-5,000",Manufacturing,,,http://www.creationtech.com/
CREATION TECHNOLOGIES,https://www.linkedin.com/company/creation-technologies/,,"1,001-5,000",Manufacturing,,,http://www.creationtech.com/
CREATIVE CO-OP,,,51-200,Wholesale,,,http://www.creativecoop.com/
CREATIVE CO-OP,https://www.linkedin.com/company/creative-co-op/,,51-200,Wholesale,,,http://www.creativecoop.com/
CREATIVE FOAM,,,"1,001-5,000",Motor Vehicle Manufacturing,,65M,http://www.creativefoam.com
CREATIVE FOAM,https://www.linkedin.com/company/creative-foam-corp,Michigan,"1,001-5,000",Motor Vehicle Manufacturing,,65M,http://www.creativefoam.com
CREATIVE PACKAGING COMPANY,,Kentucky,53,Packaging & Containers,,$25.4M,creativepackagingco.com
CREATIVE PACKAGING COMPANY,,Kentucky,53,Packaging & Containers,+1 (502) 633-0226,,creativepackagingco.com
CREATIVENGLISH,,,nine,,,,
CREATIVENGLISH,,,ten,,,,
CREE LIGHTING,,,"1,001-5,000","Appliances, Electrical, and Electronics Manufacturing",,56M,http://www.creelighting.com
CREE LIGHTING,https://linkedin.com/company/creelighting,North Carolina,"1,001-5,000","Appliances, Electrical, and Electronics Manufacturing",,56M,http://www.creelighting.com
CREMER NORTH AMERICA,,,201-500,Chemical Manufacturing,,34.1M,http://www.petercremerna.com
CREMER NORTH AMERICA,https://www.linkedin.com/company/5546888,Ohio,201-500,Chemical Manufacturing,,34.1M,http://www.petercremerna.com
CRENLO ENGINEERED CABS,,Minnesota,490,machinery,,35000000,crenlo.com
CRENLO ENGINEERED CABS,,Minnesota,490,machinery,"+1-301-660-9407,+1-614-395-8370",,crenlo.com
CRENLO ENGINEERED CABS,,Minnesota,490,machinery,"+1-414-899-0341,+1-574-727-5708",,crenlo.com
CRENLO ENGINEERED CABS,,Minnesota,490,machinery,+15072893371,,crenlo.com
CRENLO ENGINEERED CABS,,Minnesota,490,machinery,+1-612-741-3554,,crenlo.com
CRENLO ENGINEERED CABS,,Minnesota,490,machinery,+1-870-204-0819,,crenlo.com
"CRESLINE PLASTIC PIPE CO., INC.",,Indiana,120,Plastics Manufacturing,,70000000,cresline.com
"CRESLINE PLASTIC PIPE CO., INC.",,Indiana,120,Plastics Manufacturing,,,cresline.com
CRETEX MEDICAL,,Minnesota,779,Medical Equipment Manufacturing,,99600000,cretexmedical.com
CRETEX MEDICAL,,Minnesota,779,Medical Equipment Manufacturing,+19529428321,,cretexmedical.com
CROSSROADS LOUISIANA,,,seven,,,,https://crossroadslouisiana.org/
CROSSROADS LOUISIANA,,,seven,,,,https://crossroadslouisiana.org/
CROWN BATTERY,,,"501-1,000",Motor Vehicle Manufacturing,,166.6M,http://www.crownbattery.com
CROWN BATTERY,https://www.linkedin.com/company/237419,Ohio,"501-1,000",Motor Vehicle Manufacturing,,166.6M,http://www.crownbattery.com
CROWN IRON WORKS,,,210,Industrial Machinery Manufacturing,,50000000,crowniron.com
CROWN IRON WORKS,,Minnesota,210,Industrial Machinery Manufacturing,,50000000,crowniron.com
CROWN LABORATORIES,,,640,Retail,,300000000,http://www.crownlaboratories.com
CROWN LABORATORIES,,Tennessee,640,Retail,,300000000,http://www.crownlaboratories.com
CROWNE HEALTH CARE,,,130,Hospital & Health Care,,,https://crownehealthcare.com/
CROWNE HEALTH CARE,https://www.linkedin.com/company/crownehealthcare/,,130,Hospital & Health Care,,,https://crownehealthcare.com/
CSAFE,https://www.linkedin.com/company/csafeglobal,,112,Logistics and Supply Chain,,11200000,csafeglobal.com
CSAFE,https://www.linkedin.com/company/csafeglobal,California,112,Logistics and Supply Chain,,11200000,csafeglobal.com
CSM CORPORATION,,,"1,001-5,000",Real Estate,,,https://www.csmcorp.net/
CSM CORPORATION,https://www.linkedin.com/company/csm-corporation/,,"1,001-5,000",Real Estate,,,https://www.csmcorp.net/
CULP,,,"1,001-5,000",Textile Manufacturing,,,https://www.culp.com/
CULP,https://www.linkedin.com/company/culpinc/,,"1,001-5,000",Textile Manufacturing,,,https://www.culp.com/
CULTIVATION LLC,,,1,Marketing & Advertising,,,https://cultivationco.com/
CULTIVATION LLC,https://www.linkedin.com/company/cultivation-llc/,,1,Marketing & Advertising,,,https://cultivationco.com/
CUMMINS,,Indiana,48530,Motor Vehicle Manufacturing,,248000000,cummins.com
CUMMINS,,Indiana,48530,Motor Vehicle Manufacturing,,,cummins.com
CURIOUS PLOT,,,four,Advertising Services,,,https://curiousplot.agency/
CURIOUS PLOT,https://www.linkedin.com/company/curiousplot/,,nine,Advertising Services,,,https://curiousplot.agency/
CURT G. JOA INC.,,,201-500,Machinery Manufacturing,,30.3M,http://www.joa.com
CURT G. JOA INC.,https://linkedin.com/company/curt-g--joa-inc-,Wisconsin,201-500,Machinery Manufacturing,,30.3M,http://www.joa.com
CURT GROUP,,,"1,001-5,000",Automotive,,247M,http://www.curtgroup.com
CURT GROUP,https://linkedin.com/company/curt-group,Wisconsin,"1,001-5,000",Automotive,,247M,http://www.curtgroup.com
CURVEBEAM AI,,Pennsylvania,67,medical devices,,25000000,curvebeamai.com
CURVEBEAM AI,,Pennsylvania,67,medical devices,+12674838081,,curvebeamai.com
CURVEBEAM AI,,Pennsylvania,67,medical devices,+1-561-573-5408,,curvebeamai.com
CUSHMAN & WAKEFIELD,,,"10,001+",Real Estate,,,http://www.cushmanwakefield.com/
CUSHMAN & WAKEFIELD,https://www.linkedin.com/company/cushman-&-wakefield/,,"10,001+",Real Estate,,,http://www.cushmanwakefield.com/
CUSHMAN & WAKEFIELD | EGS COMMERCIAL REAL ESTATE,,,37,Real Estate,,,https://www.egsinc.com/
CUSHMAN & WAKEFIELD | EGS COMMERCIAL REAL ESTATE,http://www.linkedin.com/company/egs-commercial-real-estate,,37,Real Estate,,,https://www.egsinc.com/
"CUSTER, INC.",,,120,Furniture and Home Furnishings Manufacturing,,49100000,custerinc.com
"CUSTER, INC.",,Michigan,120,Furniture and Home Furnishings Manufacturing,,49100000,custerinc.com
CUSTOM PRODUCTS,,,201-500,Packaging and Containers Manufacturing,,48M,http://www.customproducts.net
CUSTOM PRODUCTS,https://www.linkedin.com/company/141583,Ohio,201-500,Packaging and Containers Manufacturing,,48M,http://www.customproducts.net
CV INTERNATIONAL,,,51-200,"Transportation, Logistics, Supply Chain and Storage",,,http://www.cvinternational.com/
CV INTERNATIONAL,,,51-200,"Transportation, Logistics, Supply Chain and Storage",,,https://cvinternational.com/
CV INTERNATIONAL,https://www.linkedin.com/company/cv-international/,,51-200,"Transportation, Logistics, Supply Chain and Storage",,,http://www.cvinternational.com/
CV INTERNATIONAL,https://www.linkedin.com/company/cv-international/,,51-200,"Transportation, Logistics, Supply Chain and Storage",,,https://cvinternational.com/
D.R. HORTON,,,five,,,,
D.R. HORTON,,,"5,001-10,000",Construction,,,https://www.drhorton.com/
D.R. HORTON,https://www.linkedin.com/company/dr-horton/,,"5,001-10,000",Construction,,,https://www.drhorton.com/
DAKKOTA INTEGRATED SYSTEMS,,Michigan,3000,Automotive,,510500000,dakkota.com
DAKKOTA INTEGRATED SYSTEMS,,Michigan,3000,Automotive,+15176946500,,dakkota.com
DAKOTA BODIES,,South Dakota,110,Motor Vehicle Manufacturing,,25000000,dakotabodies.com
DAKOTA BODIES,,South Dakota,110,Motor Vehicle Manufacturing,,,dakotabodies.com
DAKOTA FLUID POWER,,South Dakota,120,machinery,,46000000,dakotafluidpower.com
DAKOTA FLUID POWER,,South Dakota,120,machinery,+1 (605) 444-1535,,dakotafluidpower.com
DAKTRONICS,,South Dakota,2300,Manufacturing,,115000000,daktronics.com
DAKTRONICS,,South Dakota,2300,Manufacturing,,,daktronics.com
"DANNY DEAN MARKETING, LLC",,,four,,,,
"DANNY DEAN MARKETING, LLC",,,ten,,,,
DANT CLAYTON CORPORATION,,Kentucky,99,Construction,,$46.3M,dantclayton.com
DANT CLAYTON CORPORATION,,Kentucky,99,Construction,+1-419-340-4337,,dantclayton.com
DANT CLAYTON CORPORATION,,Kentucky,99,Construction,+15026343626,,dantclayton.com
DARANA HYBRID,,,201-500,Automation Machinery Manufacturing,,104.6M,http://www.daranahybrid.com
DARANA HYBRID,https://www.linkedin.com/company/3247218,Ohio,201-500,Automation Machinery Manufacturing,,104.6M,http://www.daranahybrid.com
DATA DIMENSIONS,,,400,Information Technology & Services,,,https://datadimensions.com/
DATA DIMENSIONS,,,"501-1,000",Software Development,,,https://datadimensions.com/
DATA DIMENSIONS,https://www.linkedin.com/company/data-dimensions/,,400,Information Technology & Services,,,https://datadimensions.com/
DATA DIMENSIONS,https://www.linkedin.com/company/data-dimensions/,,"501-1,000",Software Development,,,https://datadimensions.com/
DAVIS TRUCKING LLC,https://www.linkedin.com/company/davis-trucking-llc.,,nine,Transportation/Trucking/Railroad,,,davistrucking.com
DAVIS TRUCKING LLC,https://www.linkedin.com/company/davis-trucking-llc.,California,200,Transportation/Trucking/Railroad,,50000000,davistrucking.com
"DAVIS, DAVIS & ASSOCIATES",,,2-10,Law Practice,,,https://www.ddalawfirm.com/
"DAVIS, DAVIS & ASSOCIATES",https://www.linkedin.com/company/davis-davis-associates/,,2-10,Law Practice,,,https://www.ddalawfirm.com/
DAYGLO COLOR,,,201-500,Chemical Manufacturing,,92.7M,http://www.dayglo.com
DAYGLO COLOR,https://linkedin.com/company/day-glo-color-corp,Ohio,201-500,Chemical Manufacturing,,92.7M,http://www.dayglo.com
DAYTON PARTS DRIVEN BY DORMAN,,,"1,001-5,000",Motor Vehicle Manufacturing,,168000000,http://www.daytonparts.com
DAYTON PARTS DRIVEN BY DORMAN,https://www.linkedin.com/company/8852000,,nine,Motor Vehicle Manufacturing,,,http://www.daytonparts.com
DAYTON PARTS DRIVEN BY DORMAN,https://www.linkedin.com/company/8852000,Pennsylvania,"1,001-5,000",Motor Vehicle Manufacturing,,168000000,http://www.daytonparts.com
DAYTON ROGERS MFG,,Minnesota,150,machinery,,60000000,daytonrogers.com
DAYTON ROGERS MFG,,Minnesota,150,machinery,+1 (800) 677-8881,,daytonrogers.com
DAYTON-PHOENIX,,,201-500,Railroad Equipment Manufacturing,,98.7M,http://www.dayton-phoenix.com
DAYTON-PHOENIX,https://www.linkedin.com/company/3689858,Ohio,201-500,Railroad Equipment Manufacturing,,98.7M,http://www.dayton-phoenix.com
DEARING COMPRESSOR & PUMP,,,51-200,Machinery Manufacturing,,41.1M,http://www.dearingcomp.com
DEARING COMPRESSOR & PUMP,https://www.linkedin.com/company/3928798,Ohio,51-200,Machinery Manufacturing,,41.1M,http://www.dearingcomp.com
DECATUR PLASTIC PRODUCTS,,Indiana,68,Automotive,,86000000,decaturplastics.com
DECATUR PLASTIC PRODUCTS,,Indiana,68,Automotive,,,decaturplastics.com
DEDICATED COMPUTING,,,201-500,Computer Hardware Manufacturing,,140M,http://www.dedicatedcomputing.com
DEDICATED COMPUTING,https://linkedin.com/company/dedicated-computing,Wisconsin,201-500,Computer Hardware Manufacturing,,140M,http://www.dedicatedcomputing.com
DEE PACKAGING SOLUTIONS,,Pennsylvania,57,Packaging & Containers,,$35.0M,deepkg.com
DEE PACKAGING SOLUTIONS,,Pennsylvania,57,Packaging & Containers,+1 (610) 876-9285,,deepkg.com
DEISTER MACHINE COMPANY,,Indiana,110,mining & metals,,$69.6M,deistermachine.com
DEISTER MACHINE COMPANY,,Indiana,110,mining & metals,+1-260-704-4900,,deistermachine.com
DEKKO,,Indiana,350,"Appliances, Electrical, and Electronics Manufacturing",,600000000,dekko.com
DEKKO,,Indiana,350,"Appliances, Electrical, and Electronics Manufacturing",,,dekko.com
DELALLO,,,201-500,Food and Beverage Manufacturing,,300M,http://www.delallo.com
DELALLO,https://www.linkedin.com/company/5014059,Pennsylvania,201-500,Food and Beverage Manufacturing,,300M,http://www.delallo.com
DELKOR SYSTEMS,,,213,Packaging & Containers,,222500000,delkorsystems.com
DELKOR SYSTEMS,,Minnesota,213,Packaging & Containers,,222500000,delkorsystems.com
DELPHINUS ENGINEERING,,,"501-1,000",Defense and Space Manufacturing,,131.2M,http://www.delphinus.com/
DELPHINUS ENGINEERING,https://www.linkedin.com/company/delphinus-engineering-inc-,Pennsylvania,"501-1,000",Defense and Space Manufacturing,,131.2M,http://www.delphinus.com/
DELTA,,,130,electrical/electronic manufacturing,,45793000,http://www.deltasystemsinc.com
DELTA,,Ohio,130,electrical/electronic manufacturing,,45793000,http://www.deltasystemsinc.com
DELTA AIR LINES,,,four,,,,
DELTA AIR LINES,,,83000,Airlines/aviation,,,https://www.delta.com/
DELTA AIR LINES,https://www.linkedin.com/company/delta-air-lines/,,83000,Airlines/aviation,,,https://www.delta.com/
DELTA MODTECH,,Minnesota,140,machinery,,86600000,deltamodtech.com
DELTA MODTECH,,Minnesota,140,machinery,+1 (800) 279-3358,,deltamodtech.com
DELVAL EQUIPMENT,,Pennsylvania,120,machinery,,25000000,delval.com
DELVAL EQUIPMENT,,Pennsylvania,120,machinery,+1 (610) 275-3599,,delval.com
DEMMER,,,201-500,Defense and Space Manufacturing,,64.3M,http://www.demmercorp.com
DEMMER,https://linkedin.com/company/demmer-corp-,Michigan,201-500,Defense and Space Manufacturing,,64.3M,http://www.demmercorp.com
DENTAL HEALTH PRODUCTS,,Wisconsin,210,medical devices,,57500000,dhpsupply.com
DENTAL HEALTH PRODUCTS,,Wisconsin,210,medical devices,+1-517-214-0189,,dhpsupply.com
DENTAL HEALTH PRODUCTS,,Wisconsin,210,medical devices,+1-920-819-0630,,dhpsupply.com
DENTAL HEALTH PRODUCTS,,Wisconsin,210,medical devices,+19208669001,,dhpsupply.com
DENTALEZ,,,201-500,Medical Equipment Manufacturing,,75M,http://www.dentalez.com
DENTALEZ,https://www.linkedin.com/company/767146,,one,Medical Equipment Manufacturing,,,http://www.dentalez.com
DENTALEZ,https://www.linkedin.com/company/767146,Pennsylvania,201-500,Medical Equipment Manufacturing,,75M,http://www.dentalez.com
DEPATIE FLUID POWER,,Michigan,78,machinery,,54300000,depatie.com
DEPATIE FLUID POWER,,Michigan,78,machinery,+12693242850,,depatie.com
DERCO,,,201-500,Aviation & Aerospace,,34.4M,http://www.dercoaerospace.com
DERCO,https://linkedin.com/company/derco-aerospace,,eight,Aviation & Aerospace,,,http://www.dercoaerospace.com
DERCO,https://linkedin.com/company/derco-aerospace,Wisconsin,201-500,Aviation & Aerospace,,34.4M,http://www.dercoaerospace.com
DESIGN TRADE SERVICE,,,2/10/2023,Furniture,,,https://www.designtradeservice.com/
DESIGN TRADE SERVICE,https://www.linkedin.com/company/design-trade-service-llc./,,2/10/2023,Furniture,,,https://www.designtradeservice.com/
DESIGNER BRANDS,,,six,,,,
DESIGNER BRANDS,,,1100,Retail,,,https://designerbrands.com/
DESIGNER BRANDS,https://www.linkedin.com/company/designer-brands-inc/,,1100,Retail,,,https://designerbrands.com/
DESTACO,,,"501-1,000",Automation Machinery Manufacturing,,300M,http://www.destaco.com
DESTACO,https://linkedin.com/company/destaco,,seven,Automation Machinery Manufacturing,,,http://www.destaco.com
DESTACO,https://linkedin.com/company/destaco,Michigan,"501-1,000",Automation Machinery Manufacturing,,300M,http://www.destaco.com
DETROIT AXLE,,,201-500,Motor Vehicle Manufacturing,,70M,http://www.detroitaxle.com
DETROIT AXLE,https://linkedin.com/company/detroit-axle,,two,Motor Vehicle Manufacturing,,,http://www.detroitaxle.com
DETROIT AXLE,https://linkedin.com/company/detroit-axle,Michigan,201-500,Motor Vehicle Manufacturing,,70M,http://www.detroitaxle.com
DETROIT FORMING,,Michigan,69,Packaging & Containers,,$65.6M,detroitforming.com
DETROIT FORMING,,Michigan,69,Packaging & Containers,+1 (248) 352-8108,,detroitforming.com
DETROIT MANUFACTURING SYSTEMS,,,"1,001-5,000",Manufacturing,,355.3M,http://www.dmsna.com
DETROIT MANUFACTURING SYSTEMS,https://www.linkedin.com/company/2855441,,seven,Manufacturing,,,http://www.dmsna.com
DETROIT MANUFACTURING SYSTEMS,https://www.linkedin.com/company/2855441,Michigan,"1,001-5,000",Manufacturing,,355.3M,http://www.dmsna.com
DETROIT THERMAL SYSTEMS,,,"501-1,000",Motor Vehicle Manufacturing,,70M,http://www.detroitthermalsystems.com
DETROIT THERMAL SYSTEMS,https://www.linkedin.com/company/detroit-thermal-systems-llc,Michigan,"501-1,000",Motor Vehicle Manufacturing,,70M,http://www.detroitthermalsystems.com
DET-TRONICS,,,201-500,"Appliances, Electrical, and Electronics Manufacturing",,,http://www.det-tronics.com/
DET-TRONICS,https://www.linkedin.com/company/dettronics/,,201-500,"Appliances, Electrical, and Electronics Manufacturing",,,http://www.det-tronics.com/
DEWYS MANUFACTURING,,Michigan,120,machinery,,55900000,dewysmfg.com
DEWYS MANUFACTURING,,Michigan,120,machinery,+1 (616) 677-5281,,dewysmfg.com
DEX IMAGING,,,201-500,Retail Office Equipment,,,https://www.deximaging.com/
DEX IMAGING,,,990,Retail,,300000000,deximaging.com
DEX IMAGING,,,990,Retail,,300000000,http://www.deximaging.com
DEX IMAGING,,Florida,990,Retail,,300000000,deximaging.com
DEX IMAGING,,Florida,990,Retail,,300000000,http://www.deximaging.com
DEX IMAGING,https://www.linkedin.com/company/dex-imaging/,,201-500,Retail Office Equipment,,,https://www.deximaging.com/
DEXTER,,Indiana,3800,Mechanical Or Industrial Engineering,,530000000,dextergroup.com
DEXTER,,Indiana,3800,Mechanical Or Industrial Engineering,+15742957888,,dextergroup.com
DEZURIK,,,320,Industrial Machinery Manufacturing,,125000000,dezurik.com
DEZURIK,,Minnesota,320,Industrial Machinery Manufacturing,,125000000,dezurik.com
DHL,,,"10,001+","Transportation, Logistics, Supply Chain and Storage",,,http://www.dhl.com/
DHL,https://www.linkedin.com/company/dhl/,,"10,001+","Transportation, Logistics, Supply Chain and Storage",,,http://www.dhl.com/
DIAMOND MANUFACTURING COMPANY,,Pennsylvania,110,mining & metals,,76200000,diamondman.com
DIAMOND MANUFACTURING COMPANY,,Pennsylvania,110,mining & metals,+1-206-612-9861,,diamondman.com
DIAMOND MANUFACTURING COMPANY,,Pennsylvania,110,mining & metals,+18002339601,,diamondman.com
DIAMOND PHARMACY SERVICES,,Pennsylvania,260,Pharmaceutical Manufacturing,,391000000,diamondpharmacy.com
DIAMOND PHARMACY SERVICES,,Pennsylvania,260,Pharmaceutical Manufacturing,,,diamondpharmacy.com
DIGITAL BOARDWALK,,,18,Information Technology & Services,,,https://www.digitalboardwalk.com/
DIGITAL BOARDWALK,https://www.linkedin.com/company/digital-boardwalk/,,18,Information Technology & Services,,,https://www.digitalboardwalk.com/
DITEK,,,79,electrical/electronic manufacturing,,25000000,http://www.diteksurgeprotection.com
DITEK,,Florida,79,electrical/electronic manufacturing,,25000000,http://www.diteksurgeprotection.com
DIVERSATEK HEALTHCARE,,Wisconsin,79,medical devices,,26900000,diversatekhealthcare.com
DIVERSATEK HEALTHCARE,,Wisconsin,79,medical devices,+14142530600,,diversatekhealthcare.com
DIVERSATEK HEALTHCARE,,Wisconsin,79,medical devices,+14142657620,,diversatekhealthcare.com
DIVERSATEK HEALTHCARE,,Wisconsin,79,medical devices,+1-715-781-3970,,diversatekhealthcare.com
"DIVERSIFIED AUTOMATION, INC.",,,150,Automation Machinery Manufacturing,,100000000,diversified-automation.com
"DIVERSIFIED AUTOMATION, INC.",,Kentucky,150,Automation Machinery Manufacturing,,100000000,diversified-automation.com
DIVERSIFIED CHEMICAL TECHNOLOGIES,,,201-500,Chemical Manufacturing,,67.9M,http://www.dchem.com
DIVERSIFIED CHEMICAL TECHNOLOGIES,https://linkedin.com/company/diversified-chemical-technologies-inc.,,two,Chemical Manufacturing,,,http://www.dchem.com
DIVERSIFIED CHEMICAL TECHNOLOGIES,https://linkedin.com/company/diversified-chemical-technologies-inc.,Michigan,201-500,Chemical Manufacturing,,67.9M,http://www.dchem.com
DLZ CORPORATION,,,four,,,,
DLZ CORPORATION,,,"501-1,000",Civil Engineering,,,http://www.dlz.com/
DLZ CORPORATION,https://www.linkedin.com/company/dlz-corporation/,,"501-1,000",Civil Engineering,,,http://www.dlz.com/
DOMINION TECHNOLOGIES GROUP,,Michigan,140,Automotive,,37100000,dominiontec.com
DOMINION TECHNOLOGIES GROUP,,Michigan,140,Automotive,+15867733303,,dominiontec.com
DONATELLE,,Minnesota,160,medical devices,,70000000,donatellemedical.com
DONATELLE,,Minnesota,160,medical devices,+1-763-258-7590,,donatellemedical.com
DONSCO,,,201-500,Mining,,70M,http://www.donsco.com
DONSCO,https://www.linkedin.com/company/donsco,Pennsylvania,201-500,Mining,,70M,http://www.donsco.com
DOOSAN,,,"10,001+",Machinery Manufacturing,,,http://www.doosan.com/
DOOSAN,https://www.linkedin.com/company/doosan/,,"10,001+",Machinery Manufacturing,,,http://www.doosan.com/
DORNER MFG. CORP.,,,201-500,Industrial Automation,,90M,http://www.dornerconveyors.com
DORNER MFG. CORP.,https://linkedin.com/company/dorner-mfg-corp,Wisconsin,201-500,Industrial Automation,,90M,http://www.dornerconveyors.com
DOROTHY LANE MARKET,,,310,Retail,,80859000,http://www.dorothylane.com
DOROTHY LANE MARKET,,Ohio,310,Retail,,80859000,http://www.dorothylane.com
DOUBLE H PLASTICS,,,201-500,Packaging and Containers Manufacturing,,39M,http://www.doublehplastics.com
DOUBLE H PLASTICS,https://www.linkedin.com/company/2948346,Pennsylvania,201-500,Packaging and Containers Manufacturing,,39M,http://www.doublehplastics.com
DOUG CROWE,,,2-10,Advertising Services,,,https://dougcrowe.com/
DOUG CROWE,https://www.linkedin.com/company/dougcrowe/,,2-10,Advertising Services,,,https://dougcrowe.com/
DOUGLAS MACHINE INC.,,,370,Industrial Machinery Manufacturing,,125000000,douglas-machine.com
DOUGLAS MACHINE INC.,,Minnesota,370,Industrial Machinery Manufacturing,,125000000,douglas-machine.com
DOVER CHEMICAL,,,201-500,Chemical Manufacturing,,42.7M,http://www.doverchem.com
DOVER CHEMICAL,https://www.linkedin.com/company/821475,Ohio,201-500,Chemical Manufacturing,,42.7M,http://www.doverchem.com
DOWCO,,,201-500,Textile Manufacturing,,37M,http://www.dowco-inc.com
DOWCO,https://linkedin.com/company/dowco,Wisconsin,201-500,Textile Manufacturing,,37M,http://www.dowco-inc.com
DOWNLITE,,,160,textiles,,200000000,http://www.downlite.com
DOWNLITE,,,"501-1,000",Textile Manufacturing,,200M,http://www.downlite.com
DOWNLITE,,Ohio,160,textiles,,200000000,http://www.downlite.com
DOWNLITE,https://www.linkedin.com/company/90588,,nine,Textile Manufacturing,,,http://www.downlite.com
DOWNLITE,https://www.linkedin.com/company/90588,Ohio,"501-1,000",Textile Manufacturing,,200M,http://www.downlite.com
DR HESS WELLNESS CORP,,,five,,,,
DR HESS WELLNESS CORP,,,one,,,,
DR HESS WELLNESS CORP,,,seven,,,,
DR STORAGE SYSTEMS,,,six,,,,
DR STORAGE SYSTEMS,,,2-10,Motor Vehicle Manufacturing,,,http://www.drsystems.com/
DR STORAGE SYSTEMS,https://www.linkedin.com/company/dr-storage-systems/,,2-10,Motor Vehicle Manufacturing,,,http://www.drsystems.com/
DREAMLINE,,,201-500,Wholesale,,33.9M,http://www.DreamLine.com
DREAMLINE,https://www.linkedin.com/company/dreamline-showers,,seven,Wholesale,,,http://www.DreamLine.com
DREAMLINE,https://www.linkedin.com/company/dreamline-showers,Pennsylvania,201-500,Wholesale,,33.9M,http://www.DreamLine.com
DRICORE PRODUCTS,,,51-200,Manufacturing,,,http://www.dricore.com/
DRICORE PRODUCTS,https://www.linkedin.com/company/dricore-products/,,51-200,Manufacturing,,,http://www.dricore.com/
DRUCKER DIAGNOSTICS,,Pennsylvania,52,medical devices,,25000000,druckerdiagnostics.com
DRUCKER DIAGNOSTICS,,Pennsylvania,52,medical devices,+1-603-867-7163,,druckerdiagnostics.com
DRUCKER DIAGNOSTICS,,Pennsylvania,52,medical devices,+18146927661,,druckerdiagnostics.com
DRYWATER PRODUCTIONS,,,2-10,"Movies, Videos, and Sound",,,http://www.drywaterproductions.com/
DRYWATER PRODUCTIONS,https://www.linkedin.com/company/drywaterproductions/,,nine,"Movies, Videos, and Sound",,,http://www.drywaterproductions.com/
DRYWATER PRODUCTIONS,https://www.linkedin.com/company/drywaterproductions/,,2-10,"Movies, Videos, and Sound",,,http://www.drywaterproductions.com/
"DUMAS MARKETING, INC.",,,one,,,,
"DUMAS MARKETING, INC.",,,seven,,,,
DUPERON CORPORATION,,Michigan,62,machinery,,297000000,duperon.com
DUPERON CORPORATION,,Michigan,62,machinery,+1 (989) 754-8800,,duperon.com
DUPONT,,,"10,001+",Industrial Machinery Manufacturing,,,http://www.dupont.com/
DUPONT,https://www.linkedin.com/company/dupont/,,"10,001+",Industrial Machinery Manufacturing,,,http://www.dupont.com/
DUPPS,,,201-500,Food and Beverage Manufacturing,,30.9M,http://www.dupps.com
DUPPS,https://linkedin.com/company/the-dupps-company,Ohio,201-500,Food and Beverage Manufacturing,,30.9M,http://www.dupps.com
DURATECH INDUSTRIES,,,201-500,Printing Services,,45M,http://www.duratech.com
DURATECH INDUSTRIES,https://linkedin.com/company/duratech-industries,Wisconsin,201-500,Printing Services,,45M,http://www.duratech.com
DURAVENT,,,201-500,Industrial Machinery Manufacturing,,95829000,http://www.duraventgroup.com
DURAVENT,https://www.linkedin.com/company/461542,Michigan,201-500,Industrial Machinery Manufacturing,,95829000,http://www.duraventgroup.com
DUTY FREE AMERICAS,,,1100,Retail,,34789000,http://www.dutyfreeamericas.com
DUTY FREE AMERICAS,,Florida,1100,Retail,,34789000,http://www.dutyfreeamericas.com
DWYER INSTRUMENTS,,Indiana,340,Automation Machinery Manufacturing,,204499000,dwyer-inst.com
DWYER INSTRUMENTS,,Indiana,340,Automation Machinery Manufacturing,,,dwyer-inst.com
DYNALAB,,,120,electrical/electronic manufacturing,,27000000,http://www.dynalabems.com
DYNALAB,,Ohio,120,electrical/electronic manufacturing,,27000000,http://www.dynalabems.com
"DYNALAB, INC.",,,201-500,"Appliances, Electrical, and Electronics Manufacturing",,$37.3M,http://www.dynalabems.com
"DYNALAB, INC.",https://linkedin.com/company/dynalab-inc.,Ohio,201-500,"Appliances, Electrical, and Electronics Manufacturing",,$37.3M,http://www.dynalabems.com
DYNAMIC TOOL CORPORATION,,Wisconsin,53,plastics,,$40.2M,dyntool.com
DYNAMIC TOOL CORPORATION,,Wisconsin,53,plastics,+1 (262) 783-6340,,dyntool.com
DYNAPHARM INTERNATIONAL,,,two,,,,https://dynapharm.net/
DYNAPHARM INTERNATIONAL,,,ten,,,,https://dynapharm.net/
DYSON,,,51-200,Industrial Machinery Manufacturing,,57.8M,http://www.dysoncorp.com
DYSON,https://www.linkedin.com/company/2301785,Ohio,51-200,Industrial Machinery Manufacturing,,57.8M,http://www.dysoncorp.com
E. SAM JONES LIGHTING & ENERGY SOLUTIONS,,,68,electrical/electronic manufacturing,,151000000,http://www.esamjones.com
E. SAM JONES LIGHTING & ENERGY SOLUTIONS,,Georgia,68,electrical/electronic manufacturing,,151000000,http://www.esamjones.com
E.A. SWEEN COMPANY,,,"1,001-5,000",Food and Beverage Manufacturing,,,http://www.easween.com/
E.A. SWEEN COMPANY,,,"1,001-5,000",Food and Beverage Manufacturing,,,https://easween.com/
E.A. SWEEN COMPANY,https://www.linkedin.com/company/easweencompany/,,"1,001-5,000",Food and Beverage Manufacturing,,,http://www.easween.com/
E.A. SWEEN COMPANY,https://www.linkedin.com/company/easweencompany/,,"1,001-5,000",Food and Beverage Manufacturing,,,https://easween.com/
E.C. STYBERG ENGINEERING & MANUFACTURING,,Wisconsin,75,mining & metals,,$54.3M,styberg.com
E.C. STYBERG ENGINEERING & MANUFACTURING,,Wisconsin,75,mining & metals,+18002407275,,styberg.com
EAGLE,,,201-500,Automation Machinery Manufacturing,,31.0M,http://www.eagletechnologies.com
EAGLE,https://www.linkedin.com/company/1087250,Michigan,201-500,Automation Machinery Manufacturing,,31.0M,http://www.eagletechnologies.com
EAGLE CRUSHER,,,51-200,Machinery Manufacturing,,31.7M,http://www.eaglecrusher.com
EAGLE CRUSHER,https://www.linkedin.com/company/687945,Ohio,51-200,Machinery Manufacturing,,31.7M,http://www.eaglecrusher.com
EAGLE FAMILY FOODS,,,201-500,Manufacturing,,53.4M,https://eaglefoods.com
EAGLE FAMILY FOODS,https://linkedin.com/company/eagle-family-foods-group-llc,,six,Manufacturing,,,https://eaglefoods.com
EAGLE FAMILY FOODS,https://linkedin.com/company/eagle-family-foods-group-llc,Ohio,201-500,Manufacturing,,53.4M,https://eaglefoods.com
EAGLE TECHNOLOGIES,,,201-500,Automation Machinery Manufacturing,,31.0M,http://www.eagletechnologies.com
EAGLE TECHNOLOGIES,https://linkedin.com/company/eagle-technologies-group,,six,Automation Machinery Manufacturing,,,http://www.eagletechnologies.com
EAGLE TECHNOLOGIES,https://linkedin.com/company/eagle-technologies-group,Michigan,201-500,Automation Machinery Manufacturing,,31.0M,http://www.eagletechnologies.com
EAM-MOSCA CORP.,,,201-500,Packaging and Containers Manufacturing,,51.2M,http://www.eammosca.com
EAM-MOSCA CORP.,https://www.linkedin.com/company/1153753,,eight,Packaging and Containers Manufacturing,,,http://www.eammosca.com
EAM-MOSCA CORP.,https://www.linkedin.com/company/1153753,Pennsylvania,201-500,Packaging and Containers Manufacturing,,51.2M,http://www.eammosca.com
EARTHFIRST BIOPOLYMER FILMS BY PSI,,,51-200,Plastics Manufacturing,,75M,http://www.plasticsuppliers.com
EARTHFIRST BIOPOLYMER FILMS BY PSI,https://linkedin.com/company/plastic-suppliers,Ohio,51-200,Plastics Manufacturing,,75M,http://www.plasticsuppliers.com
EASE LOGISTICS,,,180,Transportation/Trucking/Railroad,,53500000,http://www.easelogistics.com
EASE LOGISTICS,,Ohio,180,Transportation/Trucking/Railroad,,53500000,http://www.easelogistics.com
EASE LOGISTICS,https://www.linkedin.com/company/ease-logistics-services-llc,Ohio,59,Truck Transportation,,50000000,easelogistics.com
EAST END WELDING,,,51-200,Industrial Machinery Manufacturing,,30.6M,http://www.eastendwelding.com
EAST END WELDING,https://www.linkedin.com/company/2072645,Ohio,51-200,Industrial Machinery Manufacturing,,30.6M,http://www.eastendwelding.com
EAST WEST WISCONSIN,,,201-500,"Appliances, Electrical, and Electronics Manufacturing",,33.6M,http://www.ewmfg.com
EAST WEST WISCONSIN,https://linkedin.com/company/universal-electronics-inc.,,three,"Appliances, Electrical, and Electronics Manufacturing",,,http://www.ewmfg.com
EAST WEST WISCONSIN,https://linkedin.com/company/universal-electronics-inc.,Georgia,201-500,"Appliances, Electrical, and Electronics Manufacturing",,33.6M,http://www.ewmfg.com
EASTERN COMPUTER EXCHANGE,,,51-200,IT Services and IT Consulting,,,https://ecei.com/
EASTERN COMPUTER EXCHANGE,https://www.linkedin.com/company/eastern-computer/,,51-200,IT Services and IT Consulting,,,https://ecei.com/
"EASTERN CONTROLS, INC.",,,130,Automation Machinery Manufacturing,,30000000,easterncontrols.com
"EASTERN CONTROLS, INC.",,Pennsylvania,130,Automation Machinery Manufacturing,,30000000,easterncontrols.com
EASTERN METAL SUPPLY,,,"501-1,000",Wholesale,,64.2M,https://www.easternmetal.com
EASTERN METAL SUPPLY,https://linkedin.com/company/eastern-metal-supply-inc-,Florida,"501-1,000",Wholesale,,64.2M,https://www.easternmetal.com
EASY WAY PRODUCTS,,,"501-1,000",Furniture and Home Furnishings Manufacturing,,38M,http://www.easywayproducts.com
EASY WAY PRODUCTS,https://www.linkedin.com/company/1534673,Ohio,"501-1,000",Furniture and Home Furnishings Manufacturing,,38M,http://www.easywayproducts.com
EBERHARD MANUFACTURING,,,201-500,Motor Vehicle Manufacturing,,52.8M,http://www.eberhard.com
EBERHARD MANUFACTURING,https://www.linkedin.com/company/2113457,Ohio,201-500,Motor Vehicle Manufacturing,,52.8M,http://www.eberhard.com
EBW ELECTRONICS,,,201-500,"Appliances, Electrical, and Electronics Manufacturing",,43.9M,http://www.ebwe.com
EBW ELECTRONICS,https://linkedin.com/company/ebw-electronics,Michigan,201-500,"Appliances, Electrical, and Electronics Manufacturing",,43.9M,http://www.ebwe.com
ECHELON FITNESS MULTIMEDIA,,,220,sporting goods,,200000000,http://www.echelonfit.com
ECHELON FITNESS MULTIMEDIA,,Tennessee,220,sporting goods,,200000000,http://www.echelonfit.com
"ECK INDUSTRIES, INC.",,,201-500,Defense and Space Manufacturing,,34.8M,http://www.eckindustries.com
"ECK INDUSTRIES, INC.",https://linkedin.com/company/eck-industries-inc-,,seven,Defense and Space Manufacturing,,,http://www.eckindustries.com
"ECK INDUSTRIES, INC.",https://linkedin.com/company/eck-industries-inc-,Wisconsin,201-500,Defense and Space Manufacturing,,34.8M,http://www.eckindustries.com
ECKHART,,,201-500,Automation Machinery Manufacturing,,114.1M,http://www.eckhartusa.com
ECKHART,https://linkedin.com/company/eckhart-&-associates,,two,Automation Machinery Manufacturing,,,http://www.eckhartusa.com
ECKHART,https://linkedin.com/company/eckhart-&-associates,Michigan,201-500,Automation Machinery Manufacturing,,114.1M,http://www.eckhartusa.com
ECLIPSYS SOLUTIONS INC.,,,51-200,IT Services and IT Consulting,,,http://www.eclipsys.ca/
ECLIPSYS SOLUTIONS INC.,https://www.linkedin.com/company/eclipsys-solutions/,,51-200,IT Services and IT Consulting,,,http://www.eclipsys.ca/
ECM INDUSTRIES,,Wisconsin,120,electrical/electronic manufacturing,,$72.5M,ecmindustries.com
ECM INDUSTRIES,,Wisconsin,120,electrical/electronic manufacturing,+1 (800) 624-4320,,ecmindustries.com
ECOPAX,,Pennsylvania,58,Packaging & Containers,,$64.1M,ecopaxinc.com
ECOPAX,,Pennsylvania,58,Packaging & Containers,+1 (484) 546-0700,,ecopaxinc.com
ECORE INTERNATIONAL,,,"501-1,000",Wholesale Building Materials,,150M,http://www.ecoreintl.com
ECORE INTERNATIONAL,https://www.linkedin.com/company/ecore-international,Pennsylvania,"501-1,000",Wholesale Building Materials,,150M,http://www.ecoreintl.com
ECOWATER SYSTEMS LLC,,,501,Mechanical Or Industrial Engineering,,97800000,ecowater.com
ECOWATER SYSTEMS LLC,,Minnesota,501,Mechanical Or Industrial Engineering,,97800000,ecowater.com
ECRM,,,201-500,Manufacturing,,64.3M,http://ecrm.marketgate.com
ECRM,https://www.linkedin.com/company/243677,Ohio,201-500,Manufacturing,,64.3M,http://ecrm.marketgate.com
"ECS SOLUTIONS, INC.",,Indiana,54,machinery,,$25M,ecssolutions.com
"ECS SOLUTIONS, INC.",,Indiana,54,machinery,+13177069200,,ecssolutions.com
"ECS SOLUTIONS, INC.",,Indiana,54,machinery,+18124317818,,ecssolutions.com
"ECS SOLUTIONS, INC.",,Indiana,54,machinery,+18124795170,,ecssolutions.com
ED ALEXANDER & ASSOCIATES,,,seven,,,,
ED ALEXANDER & ASSOCIATES,,,seven,,,,
EDIBLE ARRANGEMENTS,,,3300,Retail,,600000000,http://www.ediblearrangements.com
EDIBLE ARRANGEMENTS,,Georgia,3300,Retail,,600000000,http://www.ediblearrangements.com
EDUCATIONAL SERVICE CENTER OF CENTRAL OHIO,,,"5,001-10,000",Education Administration Programs,,,http://www.escco.org/
EDUCATIONAL SERVICE CENTER OF CENTRAL OHIO,https://www.linkedin.com/company/educational-service-center-of-central-ohio/,,"5,001-10,000",Education Administration Programs,,,http://www.escco.org/
EFCA,,,one,,,,
EFCA,,,"501-1,000",Religious Institutions,,,https://www.efca.org/
EFCA,https://www.linkedin.com/company/efca/,,"501-1,000",Religious Institutions,,,https://www.efca.org/
"EFP, LLC.",,Indiana,190,Packaging and Containers Manufacturing,,55000000,efppackaging.com
"EFP, LLC.",,Indiana,190,Packaging and Containers Manufacturing,,,efppackaging.com
EHOB,,Indiana,200,medical devices,,52400000,ehob.com
EHOB,,Indiana,200,medical devices,+1-317-490-9172,,ehob.com
EHOB,,Indiana,200,medical devices,+1-317-937-8914,,ehob.com
EHOB,,Indiana,200,medical devices,+13179724600,,ehob.com
EHOB,,Indiana,200,medical devices,+1-765-749-9301,,ehob.com
EKORNES,,,51-200,Furniture and Home Furnishings Manufacturing,,,https://www.stressless.com/
EKORNES,https://www.linkedin.com/company/ekornes-inc./,,51-200,Furniture and Home Furnishings Manufacturing,,,https://www.stressless.com/
EL DORADO FURNITURE,,,"1,001-5,000",Furniture and Home Furnishings Manufacturing,,,http://www.eldoradofurniture.com/
EL DORADO FURNITURE,https://www.linkedin.com/company/el-dorado-furniture/,,"1,001-5,000",Furniture and Home Furnishings Manufacturing,,,http://www.eldoradofurniture.com/
ELECTRI-CORD MANUFACTURING,,,280,electrical/electronic manufacturing,,430000000,http://www.electri-cord.com
ELECTRI-CORD MANUFACTURING,,,"501-1,000","Appliances, Electrical, and Electronics Manufacturing",,430M,https://www.electri-cord.com
ELECTRI-CORD MANUFACTURING,https://www.linkedin.com/company/electri-cord-manufacturing,Pennsylvania,"501-1,000","Appliances, Electrical, and Electronics Manufacturing",,430M,https://www.electri-cord.com
ELECTRO-MATIC PRODUCTS,,,200,electrical/electronic manufacturing,,25000000,http://www.electro-matic.com
ELECTRO-MATIC PRODUCTS,,Michigan,200,electrical/electronic manufacturing,,25000000,http://www.electro-matic.com
ELECTRON ENERGY CORPORATION,,Pennsylvania,71,mining & metals,,$32.0M,electronenergy.com
ELECTRON ENERGY CORPORATION,,Pennsylvania,71,mining & metals,+1-717-279-1496,,electronenergy.com
ELECTRON ENERGY CORPORATION,,Pennsylvania,71,mining & metals,+1-717-579-1401,,electronenergy.com
ELECTRON ENERGY CORPORATION,,Pennsylvania,71,mining & metals,+17177156017,,electronenergy.com
ELECTRON ENERGY CORPORATION,,Pennsylvania,71,mining & metals,+1-717-940-5468,,electronenergy.com
ELECTRONIC SYSTEMS,,South Dakota,52,electrical/electronic manufacturing,,51400000,electronicsi.com
ELECTRONIC SYSTEMS,,South Dakota,52,electrical/electronic manufacturing,,,electronicsi.com
ELECTRONIC THEATRE CONTROLS,,,"1,001-5,000","Appliances, Electrical, and Electronics Manufacturing",,172.5M,http://www.etcconnect.com
ELECTRONIC THEATRE CONTROLS,https://linkedin.com/company/electronic-theatre-controls,Wisconsin,"1,001-5,000","Appliances, Electrical, and Electronics Manufacturing",,172.5M,http://www.etcconnect.com
"ELEMENTS INTERNATIONAL GROUP, LLC",,,73,Furniture,,,https://www.elementsgrp.com/
"ELEMENTS INTERNATIONAL GROUP, LLC",http://www.linkedin.com/company/elements-international-group-llc,,73,Furniture,,,https://www.elementsgrp.com/
ELGIN FASTENER,,,"501-1,000",Machinery Manufacturing,,115M,http://www.elginfasteners.com
ELGIN FASTENER,https://linkedin.com/company/elginfastenergroup,Illinois,"501-1,000",Machinery Manufacturing,,115M,http://www.elginfasteners.com
ELGIN FASTENER GROUP,https://www.linkedin.com/company/elginfastenergroup,,one,machinery,,,elginfasteners.com
ELGIN FASTENER GROUP,https://www.linkedin.com/company/elginfastenergroup,,126,machinery,,12600000,elginfasteners.com
ELI LILLY AND COMPANY,,,nine,,,,
ELI LILLY AND COMPANY,,,39000,Pharmaceuticals,,,https://www.lilly.com/
ELI LILLY AND COMPANY,http://www.linkedin.com/company/eli-lilly-and-company,,39000,Pharmaceuticals,,,https://www.lilly.com/
ELLWOOD,,,270,Industrial Machinery Manufacturing,,570000000,ellwoodgroup.com
ELLWOOD,,Pennsylvania,270,Industrial Machinery Manufacturing,,570000000,ellwoodgroup.com
ELSA,,Indiana,130,Automotive,,142500000,elsallc.com
ELSA,,Indiana,130,Automotive,,,elsallc.com
EMA,,,51-200,Utilities,,,http://www.ema-inc.com/
EMA,https://www.linkedin.com/company/ema-inc/,,51-200,Utilities,,,http://www.ema-inc.com/
"EMA, INC.",,,98,Utilities,,,http://www.ema-inc.com/
"EMA, INC.",https://www.linkedin.com/company/ema-inc/,,98,Utilities,,,http://www.ema-inc.com/
EMERSON NETWORK POWER,,,7100,electrical/electronic manufacturing,,150000000,http://www.emersonnetworkpower.com
EMERSON NETWORK POWER,,Ohio,7100,electrical/electronic manufacturing,,150000000,http://www.emersonnetworkpower.com
EMERY OLEOCHEMICALS,,,201-500,Chemical Manufacturing,,193.9M,https://www.emeryoleo.com
EMERY OLEOCHEMICALS,https://linkedin.com/company/emery-oleochemicals,Ohio,201-500,Chemical Manufacturing,,193.9M,https://www.emeryoleo.com
EMIDS,,,"1,001-5,000",IT Services and IT Consulting,,,http://www.emids.com/
EMIDS,https://www.linkedin.com/company/emids/,,"1,001-5,000",IT Services and IT Consulting,,,http://www.emids.com/
EMMI ROTH,,,201-500,Food & Beverages,,100M,http://www.emmiroth.com/careers
EMMI ROTH,https://linkedin.com/company/emmiroth,Massachusetts,201-500,Food & Beverages,,100M,http://www.emmiroth.com/careers
EMPIRE ABRASIVE EQUIPMENT CO.,,Pennsylvania,63,machinery,,27700000,empire-airblast.com
EMPIRE ABRASIVE EQUIPMENT CO.,,Pennsylvania,63,machinery,+1 (215) 752-8800,,empire-airblast.com
EMPIRE DIE CASTING,,,201-500,Mechanical Or Industrial Engineering,,36.4M,http://www.empiredie.com
EMPIRE DIE CASTING,https://www.linkedin.com/company/1749564,Ohio,201-500,Mechanical Or Industrial Engineering,,36.4M,http://www.empiredie.com
EMPIRE ELECTRONICS,,,201-500,Automotive,,38944000,https://www.empireelectronics.com
EMPIRE ELECTRONICS,https://www.linkedin.com/company/3206048,Michigan,201-500,Automotive,,38944000,https://www.empireelectronics.com
EMPIRE NAMES,,,1,Investment Management,,,https://empirenames.com/
EMPIRE NAMES,https://www.linkedin.com/company/empirenames/,,1,Investment Management,,,https://empirenames.com/
EMSAR,,,201-500,Medical Device,,60M,http://www.emsar.com
EMSAR,https://www.linkedin.com/company/1516220,Ohio,201-500,Medical Device,,60M,http://www.emsar.com
ENABLE INJECTIONS,,,51-200,Medical Equipment Manufacturing,,50.0M,https://enableinjections.com/
ENABLE INJECTIONS,https://www.linkedin.com/company/8052129,Ohio,51-200,Medical Equipment Manufacturing,,50.0M,https://enableinjections.com/
ENERGY STEEL,,Michigan,54,machinery,,537000000,energysteel.com
ENERGY STEEL,,Michigan,54,machinery,+1 (866) 261-3772,,energysteel.com
ENERPAC,,,"501-1,000",Machinery Manufacturing,,200M,http://www.enerpac.com
ENERPAC,https://linkedin.com/company/enerpac,Wisconsin,"501-1,000",Machinery Manufacturing,,200M,http://www.enerpac.com
ENERPAC TOOL GROUP,,,680,Industrial Machinery Manufacturing,,589422000,enerpactoolgroup.com
ENERPAC TOOL GROUP,,Wisconsin,680,Industrial Machinery Manufacturing,,589422000,enerpactoolgroup.com
ENERPAC TOOL GROUP: PREVIOUSLY 'ACTUANT CORPORATION',,Wisconsin,2300,machinery,,$590M,enerpactoolgroup.com
ENERPAC TOOL GROUP: PREVIOUSLY 'ACTUANT CORPORATION',,Wisconsin,2300,machinery,+12622931697,,enerpactoolgroup.com
ENERPAC TOOL GROUP: PREVIOUSLY 'ACTUANT CORPORATION',,Wisconsin,2300,machinery,+1-715-213-0219,,enerpactoolgroup.com
ENGAGE TECHNOLOGIES CORPORATION,,Minnesota,84,Packaging & Containers,,$32.6M,engagetechnologies.net
ENGAGE TECHNOLOGIES CORPORATION,,Minnesota,84,Packaging & Containers,+1-612-240-7981,,engagetechnologies.net
ENGAGE TECHNOLOGIES CORPORATION,,Minnesota,84,Packaging & Containers,+1-612-868-4181,,engagetechnologies.net
ENGAGE TECHNOLOGIES CORPORATION,,Minnesota,84,Packaging & Containers,"+1-651-470-0228,+1-651-239-7368",,engagetechnologies.net
ENGAGE TECHNOLOGIES CORPORATION,,Minnesota,84,Packaging & Containers,+1-701-730-3669,,engagetechnologies.net
ENGAGE TECHNOLOGIES CORPORATION,,Minnesota,84,Packaging & Containers,+1-763-443-0971,,engagetechnologies.net
ENGINE POWER COMPONENTS,,,201-500,Motor Vehicle Manufacturing,,40770000,http://www.engpwr.com
ENGINE POWER COMPONENTS,https://www.linkedin.com/company/10889777,Michigan,201-500,Motor Vehicle Manufacturing,,40770000,http://www.engpwr.com
ENGINEERED NETWORK SYSTEMS,,,nine,,,,
ENGINEERED NETWORK SYSTEMS,,,five,,,,
ENGINEERED PROFILES,,,201-500,Plastics Manufacturing,,,https://www.engineeredprofiles.com/
ENGINEERED PROFILES,https://www.linkedin.com/company/1683251,Ohio,200,plastics,,100000000,engineeredprofiles.com
ENGINEERED PROFILES,https://www.linkedin.com/company/engineered-profiles-llc-dba-crane-plastics-llc/,,201-500,Plastics Manufacturing,,,https://www.engineeredprofiles.com/
ENGINEERED PROFILES LLC,,,nine,,,,
ENGINEERED PROFILES LLC,,,130,plastics,,,http://www.engineeredprofiles.com/
ENGINEERED PROFILES LLC,http://www.linkedin.com/company/engineered-profiles-llc-dba-crane-plastics-llc,,130,plastics,,,http://www.engineeredprofiles.com/
ENGINEERED PROFILES LLC,https://www.linkedin.com/company/engineered-profiles-llc-dba-crane-plastics-llc,Ohio,200,plastics,,100000000,engineeredprofiles.com
ENHANCED INFORMATION SOLUTIONS (EIS),,Minnesota,200,machinery,,500000000,eisinc.com
ENHANCED INFORMATION SOLUTIONS (EIS),,Minnesota,200,machinery,+1 (651) 351-9227,,eisinc.com
"ENOVAPREMIER, LLC",,Kentucky,170,Motor Vehicle Manufacturing,,72400000,enovapremier.com
"ENOVAPREMIER, LLC",,Kentucky,170,Motor Vehicle Manufacturing,,,enovapremier.com
ENSTROM HELICOPTER,,,201-500,Aviation and Aerospace Component Manufacturing,,52.8M,http://enstromhelicopter.com
ENSTROM HELICOPTER,https://linkedin.com/company/enstrom-helicopter-corporation,,eight,Aviation and Aerospace Component Manufacturing,,,http://enstromhelicopter.com
ENSTROM HELICOPTER,https://linkedin.com/company/enstrom-helicopter-corporation,Michigan,201-500,Aviation and Aerospace Component Manufacturing,,52.8M,http://enstromhelicopter.com
ENVIRONMENTAL DOCTOR,,,6,Environmental Services,,,https://envirodoc.com/
ENVIRONMENTAL DOCTOR,https://www.linkedin.com/company/environmental-doctor/,,6,Environmental Services,,,https://envirodoc.com/
ENVIRONMENTAL SAFETY AND HEALTH CONSULTING SERVICES,,,51-200,Environmental Services,,,http://www.esandh.com/
ENVIRONMENTAL SAFETY AND HEALTH CONSULTING SERVICES,https://www.linkedin.com/company/esandh/,,51-200,Environmental Services,,,http://www.esandh.com/
ENVIRONMENTAL TECTONICS,,,201-500,Industrial Machinery Manufacturing,,47.8M,http://www.etcusa.com
ENVIRONMENTAL TECTONICS,https://www.linkedin.com/company/468509,Pennsylvania,201-500,Industrial Machinery Manufacturing,,47.8M,http://www.etcusa.com
ENWORK,,,51-200,Furniture and Home Furnishings Manufacturing,,100000000,http://enwork.com/
ENWORK,https://www.linkedin.com/company/1086298,Michigan,51-200,Furniture and Home Furnishings Manufacturing,,100000000,http://enwork.com/
EOB CONSULTING,,,two,,,,https://eob-consulting.com/
EOB CONSULTING,,,seven,,,,https://eob-consulting.com/
EOTECH,,,130,Defense and Space Manufacturing,,72000000,eotechinc.com
EOTECH,,,51-200,Defense and Space Manufacturing,,60M,http://www.eotechinc.com
EOTECH,,Michigan,130,Defense and Space Manufacturing,,72000000,eotechinc.com
EOTECH,https://linkedin.com/company/eotech-inc,,seven,Defense and Space Manufacturing,,,http://www.eotechinc.com
EOTECH,https://linkedin.com/company/eotech-inc,Michigan,51-200,Defense and Space Manufacturing,,60M,http://www.eotechinc.com
EPIC EQUIPMENT,,,51-200,Automation Machinery Manufacturing,,39M,http://www.epicequipment.com
EPIC EQUIPMENT,https://linkedin.com/company/epic-equipment&engineering,Michigan,51-200,Automation Machinery Manufacturing,,39M,http://www.epicequipment.com
EPWORTH MISSION CLINIC,,,eight,,,,
EPWORTH MISSION CLINIC,,,seven,,,,
EQUIPMENT & CONTROLS,,,201-500,Automation Machinery Manufacturing,,70M,http://www.eci.us
EQUIPMENT & CONTROLS,https://www.linkedin.com/company/2316127,Pennsylvania,201-500,Automation Machinery Manufacturing,,70M,http://www.eci.us
EQUIPMENT TECHNOLOGIES,,Indiana,75,machinery,,31000000,etsprayers.com
EQUIPMENT TECHNOLOGIES,,Indiana,75,machinery,,,etsprayers.com
ERMCO-ECI,,,350,electrical/electronic manufacturing,,150000000,http://www.ermco-eci.com
ERMCO-ECI,,Tennessee,350,electrical/electronic manufacturing,,150000000,http://www.ermco-eci.com
ERPA,,,460,Information Technology & Services,,,https://www.erpa.com/
ERPA,https://www.linkedin.com/company/erpa-analysts/,,460,Information Technology & Services,,,https://www.erpa.com/
ESCALADE SPORTS,,Indiana,210,Sporting Goods Manufacturing,,222208000,escaladesports.com
ESCALADE SPORTS,,Indiana,210,Sporting Goods Manufacturing,,,escaladesports.com
ESPERION,,,201-500,Pharmaceutical Manufacturing,,75.5M,http://www.esperion.com
ESPERION,https://www.linkedin.com/company/1502591,Michigan,201-500,Pharmaceutical Manufacturing,,75.5M,http://www.esperion.com
"ESSENTIAL INDUSTRIES, INC",,,79,Chemical Manufacturing,,35000000,essind.com
"ESSENTIAL INDUSTRIES, INC",,Wisconsin,79,Chemical Manufacturing,,35000000,essind.com
ESSEX BROWNELL,,Indiana,70,electrical/electronic manufacturing,,$119.2M,essexbrownell.com
ESSEX BROWNELL,,Indiana,70,electrical/electronic manufacturing,+19789487383,,essexbrownell.com
ESSEX FURUKAWA MAGNET WIRE,,,280,"Appliances, Electrical, and Electronics Manufacturing",,67600000,essexfurukawa.com
ESSEX FURUKAWA MAGNET WIRE,,Georgia,280,"Appliances, Electrical, and Electronics Manufacturing",,67600000,essexfurukawa.com
"EVERBRITE, LLC",,,"501-1,000",Manufacturing,,130M,http://www.everbrite.com
"EVERBRITE, LLC",,Wisconsin,370,Mechanical Or Industrial Engineering,,130000000,everbrite.com
"EVERBRITE, LLC",,Wisconsin,370,Mechanical Or Industrial Engineering,+14144696120,,everbrite.com
"EVERBRITE, LLC",,Wisconsin,370,Mechanical Or Industrial Engineering,+14145297116,,everbrite.com
"EVERBRITE, LLC",https://linkedin.com/company/everbrite-llc,Wisconsin,"501-1,000",Manufacturing,,130M,http://www.everbrite.com
EVERIDGE,,Minnesota,160,Manufacturing,,75000000,everidge.com
EVERIDGE,,Minnesota,160,Manufacturing,,,everidge.com
EVERSOURCE WEALTH ADVISORS,,,2/10/2023,Financial Services,,,https://advisors.eversourcewealthadvisors.com/
EVERSOURCE WEALTH ADVISORS,https://www.linkedin.com/company/eversource-wealth-advisors/,,2/10/2023,Financial Services,,,https://advisors.eversourcewealthadvisors.com/
EVS,,,51-200,Renewable Energy Semiconductor Manufacturing,,,https://www.evs-eng.com/
EVS,https://www.linkedin.com/company/evs-inc-/,,51-200,Renewable Energy Semiconductor Manufacturing,,,https://www.evs-eng.com/
EXECUTIVE CLASS,https://www.linkedin.com/company/2964970,Florida,51,Transportation/Trucking/Railroad,,20000000,executiveclassrelo.com
EXECUTIVE CLASS,https://www.linkedin.com/company/2964970,New Jersey,51,Transportation/Trucking/Railroad,,5100000,executiveclassrelo.com
EXECUTIVE CLASS,https://www.linkedin.com/company/2964970,South Carolina,51,Transportation/Trucking/Railroad,,5100000,executiveclassrelo.com
EXOTIC AUTOMATION & SUPPLY,,,200,Automation Machinery Manufacturing,,30000000,exoticautomation.com
EXOTIC AUTOMATION & SUPPLY,,Michigan,200,Automation Machinery Manufacturing,,30000000,exoticautomation.com
EXPEDITORS,,,"10,001+","Transportation, Logistics, Supply Chain and Storage",,,http://www.expeditors.com/
EXPEDITORS,,,"10,001+","Transportation, Logistics, Supply Chain and Storage",,,https://www.expeditors.com/
EXPEDITORS,https://www.linkedin.com/company/expeditors/,,"10,001+","Transportation, Logistics, Supply Chain and Storage",,,http://www.expeditors.com/
EXPEDITORS,https://www.linkedin.com/company/expeditors/,,"10,001+","Transportation, Logistics, Supply Chain and Storage",,,https://www.expeditors.com/
EXTANG CORPORATION,,Michigan,120,Automotive,,116000000,extang.com
EXTANG CORPORATION,,Michigan,120,Automotive,,,extang.com
EXTREME ENGINEERING SOLUTIONS,,,201-500,Computer Hardware Manufacturing,,30M,https://www.xes-inc.com
EXTREME ENGINEERING SOLUTIONS,https://linkedin.com/company/extreme-engineering-solutions,Wisconsin,201-500,Computer Hardware Manufacturing,,30M,https://www.xes-inc.com
EXTRUDE HONE,,,201-500,Machinery Manufacturing,,70M,https://www.extrudehone.com
EXTRUDE HONE,https://www.linkedin.com/company/114202,Pennsylvania,201-500,Machinery Manufacturing,,70M,https://www.extrudehone.com
EY,,,one,,,,
EY,,,"10,001+",Professional Services,,,https://www.ey.com/
EY,https://www.linkedin.com/company/ernstandyoung/,,nine,Professional Services,,,https://www.ey.com/
EY,https://www.linkedin.com/company/ernstandyoung/,,"10,001+",Professional Services,,,https://www.ey.com/
F I E L D S T O N E,,,11-50,Wholesale,,,http://www.fieldstonemarketing.com/
F I E L D S T O N E,https://www.linkedin.com/company/fieldstone-marketing/,,11-50,Wholesale,,,http://www.fieldstonemarketing.com/
FABCON,,Minnesota,850,Construction,,$156.5M,fabconprecast.com
FABCON,,Minnesota,850,Construction,+19528904444,,fabconprecast.com
FABIANO BROTHERS,,,201-500,Wholesale,,63.5M,http://www.fabianobrothers.com
FABIANO BROTHERS,https://www.linkedin.com/company/fabiano-brothers-inc-,Michigan,201-500,Wholesale,,63.5M,http://www.fabianobrothers.com
FABRI-KAL,,,"1,001-5,000",Packaging and Containers Manufacturing,,303M,https://www.fabri-kal.com
FABRI-KAL,https://www.linkedin.com/company/fabri-kal,Michigan,"1,001-5,000",Packaging and Containers Manufacturing,,303M,https://www.fabri-kal.com
FAIRBANKS MORSE DEFENSE,,,"1,001-5,000",Machinery Manufacturing,,258M,http://www.FMDefense.com
FAIRBANKS MORSE DEFENSE,https://linkedin.com/company/fairbanks-morse-defense,,five,Machinery Manufacturing,,,http://www.FMDefense.com
FAIRBANKS MORSE DEFENSE,https://linkedin.com/company/fairbanks-morse-defense,Wisconsin,"1,001-5,000",Machinery Manufacturing,,258M,http://www.FMDefense.com
FANIMATION CEILING FANS,,Indiana,63,Manufacturing,,58500000,fanimation.com
FANIMATION CEILING FANS,,Indiana,63,Manufacturing,,,fanimation.com
FANNIE MAY,,,"501-1,000",Consumer Goods,,100M,http://www.fanniemay.com
FANNIE MAY,https://www.linkedin.com/company/152516,Ohio,"501-1,000",Consumer Goods,,100M,http://www.fanniemay.com
"FARMERS & MERCHANTS STATE BANK, MN",,,15,Banking,,,https://www.fmpierz.com/
"FARMERS & MERCHANTS STATE BANK, MN",https://www.linkedin.com/company/farmers-&-merchants-state-bank-mn/,,15,Banking,,,https://www.fmpierz.com/
FARMERS INSURANCE,,,"10,001+",Insurance,,,https://www.farmers.com/
FARMERS INSURANCE,https://www.linkedin.com/company/farmers-insurance/,,"10,001+",Insurance,,,https://www.farmers.com/
FAS-PAK,,Indiana,60,Packaging & Containers,,$32.0M,fas-pak.com
FAS-PAK,,Indiana,60,Packaging & Containers,+1 (219) 325-3455,,fas-pak.com
"FASTCO INDUSTRIES, INC.",,Michigan,72,mining & metals,,26700000,fastcoindustries.com
"FASTCO INDUSTRIES, INC.",,Michigan,72,mining & metals,+1 (616) 453-5428,,fastcoindustries.com
FBI BUILDINGS,,Indiana,170,Construction,,$191.0M,fbibuildings.com
FBI BUILDINGS,,Indiana,170,Construction,+1-219-309-5676,,fbibuildings.com
FBI BUILDINGS,,Indiana,170,Construction,+1-219-448-3888,,fbibuildings.com
FBI BUILDINGS,,Indiana,170,Construction,"+1-219-869-3508,+1-309-840-3228",,fbibuildings.com
FBI BUILDINGS,,Indiana,170,Construction,+1-317-757-9082,,fbibuildings.com
FBI BUILDINGS,,Indiana,170,Construction,+1-765-430-9543,,fbibuildings.com
FCX PERFORMANCE,,,"1,001-5,000",Industrial Machinery Manufacturing,,$317.5M,http://www.fcxperformance.com
FCX PERFORMANCE,https://linkedin.com/company/fcx-performance,Ohio,"1,001-5,000",Industrial Machinery Manufacturing,,$317.5M,http://www.fcxperformance.com
FECON,,,201-500,Machinery Manufacturing,,75M,http://www.fecon.com
FECON,https://www.linkedin.com/company/443183,Ohio,201-500,Machinery Manufacturing,,75M,http://www.fecon.com
FECON,https://www.linkedin.com/company/fecon-inc.,South Carolina,104,machinery,,50000000,fecon.com
FEDCO - FLUID EQUIPMENT DEVELOPMENT COMPANY,,Michigan,69,Mechanical Or Industrial Engineering,,65000000,fedco-usa.com
FEDCO - FLUID EQUIPMENT DEVELOPMENT COMPANY,,Michigan,69,Mechanical Or Industrial Engineering,+17342413935,,fedco-usa.com
FEDERAL SCREW WORKS,,Michigan,80,Automotive,,59200000,federalscrewworks.com
FEDERAL SCREW WORKS,,Michigan,80,Automotive,,,federalscrewworks.com
FEELREAL,,,6,Events Services,,,https://feelreal.net/
FEELREAL,https://www.linkedin.com/company/feelrealco/,,6,Events Services,,,https://feelreal.net/
FEESER'S FOOD DISTRIBUTORS,,,201-500,Food and Beverage Services,,172.5M,http://www.feesers.com/
FEESER'S FOOD DISTRIBUTORS,https://www.linkedin.com/company/feesers-food-distributors,Pennsylvania,201-500,Food and Beverage Services,,172.5M,http://www.feesers.com/
FELLOWES,,,201-500,Furniture and Home Furnishings Manufacturing,,500M,https://www.fellowes.com
FELLOWES,https://linkedin.com/company/trendway-corporation,Illinois,201-500,Furniture and Home Furnishings Manufacturing,,500M,https://www.fellowes.com
FENDER CONSTRUCTION,,,six,,,,https://www.rlfender.com/
FENDER CONSTRUCTION,,,six,,,,https://www.rlfender.com/
FENNER PRECISION POLYMERS,,,140,Automation Machinery Manufacturing,,62900000,fennerppd.com
FENNER PRECISION POLYMERS,,Pennsylvania,140,Automation Machinery Manufacturing,,62900000,fennerppd.com
FERADYNE OUTDOORS,,,201-500,Sporting Goods Manufacturing,,254M,http://feradyne.com
FERADYNE OUTDOORS,https://linkedin.com/company/feradyne-outdoors,,seven,Sporting Goods Manufacturing,,,http://feradyne.com
FERADYNE OUTDOORS,https://linkedin.com/company/feradyne-outdoors,Wisconsin,201-500,Sporting Goods Manufacturing,,254M,http://feradyne.com
FERGUSON ENTERPRISES,,,"10,001+",Wholesale,,,http://www.ferguson.com/
FERGUSON ENTERPRISES,https://www.linkedin.com/company/ferguson-enterprises/,,"10,001+",Wholesale,,,http://www.ferguson.com/
FERNO,,,201-500,Medical Device,,53.9M,http://www.fernoems.com
FERNO,https://www.linkedin.com/company/81200,Ohio,201-500,Medical Device,,53.9M,http://www.fernoems.com
FESTOOL,,,51-200,Machinery Manufacturing,,46.5M,http://www.festoolusa.com
FESTOOL,https://www.linkedin.com/company/festool,Indiana,51-200,Machinery Manufacturing,,46.5M,http://www.festoolusa.com
FIELD AEROSPACE,,,201-500,Aviation and Aerospace Component Manufacturing,,75M,http://www.fieldaero.com
FIELD AEROSPACE,https://www.linkedin.com/company/10389487,,nine,Aviation and Aerospace Component Manufacturing,,,http://www.fieldaero.com
FIELD AEROSPACE,https://www.linkedin.com/company/10389487,Oklahoma,201-500,Aviation and Aerospace Component Manufacturing,,75M,http://www.fieldaero.com
FIFTH THIRD BANK,,,seven,,,,
FIFTH THIRD BANK,,,"10,001+",Financial Services,,,http://www.53.com/
FIFTH THIRD BANK,https://www.linkedin.com/company/fifth-third-bank/,,six,Financial Services,,,http://www.53.com/
FIFTH THIRD BANK,https://www.linkedin.com/company/fifth-third-bank/,,"10,001+",Financial Services,,,http://www.53.com/
FILTERS-NOW,,,two,,,,
FILTERS-NOW,,,51-200,Manufacturing,,,http://www.filters-now.com/
FILTERS-NOW,https://www.linkedin.com/company/filters-now/,,51-200,Manufacturing,,,http://www.filters-now.com/
FINE AIRCRAFT,,,five,,,,https://fineaircraft.com/
FINE AIRCRAFT,,,three,,,,https://fineaircraft.com/
"FINISHMASTER, INC.",,Indiana,830,Motor Vehicle Manufacturing,,390000000,finishmaster.com
"FINISHMASTER, INC.",,Indiana,830,Motor Vehicle Manufacturing,,,finishmaster.com
FIRST CITIZENS BANK,,,"5,001-10,000",Banking,,,https://www.firstcitizens.com/
FIRST CITIZENS BANK,https://www.linkedin.com/company/first-citizens-bank/,,"5,001-10,000",Banking,,,https://www.firstcitizens.com/
FIRST FLORIDA WEALTH GROUP - A DIVISION OF FIRST FLORIDA BANK,,,2-10,Financial Services,,,http://www.firstflwealthgroup.com/
FIRST FLORIDA WEALTH GROUP - A DIVISION OF FIRST FLORIDA BANK,https://www.linkedin.com/company/first-florida-wealth-group/,,2-10,Financial Services,,,http://www.firstflwealthgroup.com/
FIRST HORIZON BANK,,,"5,001-10,000",Financial Services,,,http://www.firsthorizon.com/
FIRST HORIZON BANK,https://www.linkedin.com/company/first-horizon-bank/,,"5,001-10,000",Financial Services,,,http://www.firsthorizon.com/
FIRST STUDENT,,,12000,Transportation/Trucking/Railroad,,,https://firststudentinc.com/
FIRST STUDENT,http://www.linkedin.com/company/first-student,,12000,Transportation/Trucking/Railroad,,,https://firststudentinc.com/
FIRSTFOUR STAFFING,,,2-10,Staffing and Recruiting,,,http://www.firstfourstaffing.com/
FIRSTFOUR STAFFING,https://www.linkedin.com/company/firstfour-staffing/,,2-10,Staffing and Recruiting,,,http://www.firstfourstaffing.com/
FIRSTRONIC,,,"501-1,000","Appliances, Electrical, and Electronics Manufacturing",,159M,http://www.firstronic.com
FIRSTRONIC,https://linkedin.com/company/firstronic-llc,Michigan,"501-1,000","Appliances, Electrical, and Electronics Manufacturing",,159M,http://www.firstronic.com
FISHER BARTON,,,"501-1,000",Machinery Manufacturing,,62M,https://www.fisherbarton.com/
FISHER BARTON,https://linkedin.com/company/fisher-barton-group,Wisconsin,"501-1,000",Machinery Manufacturing,,62M,https://www.fisherbarton.com/
FISHER DYNAMICS,,,"1,001-5,000",Motor Vehicle Manufacturing,,300M,http://www.fisherco.com/
FISHER DYNAMICS,https://www.linkedin.com/company/fisher-dynamics,Michigan,"1,001-5,000",Motor Vehicle Manufacturing,,300M,http://www.fisherco.com/
FISHER TANK COMPANY,,Pennsylvania,94,Construction,,$28.0M,fishertank.com
FISHER TANK COMPANY,,Pennsylvania,94,Construction,+16104947200,,fishertank.com
FIT RECRUITING,,,3,Staffing & Recruiting,,,https://fitrecruiting.com/
FIT RECRUITING,https://www.linkedin.com/company/fit-recruiting/,,3,Staffing & Recruiting,,,https://fitrecruiting.com/
"FIVES GIDDINGS & LEWIS, LLC",,,4448,machinery,,671400000,fivesgroup.com
"FIVES GIDDINGS & LEWIS, LLC",,Île-de-France,4448,machinery,,671400000,fivesgroup.com
FIVES NORTH AMERICAN COMBUSTION,,,201-500,Industrial Machinery Manufacturing,,30.5M,http://combustion.fivesgroup.com/
FIVES NORTH AMERICAN COMBUSTION,https://www.linkedin.com/company/2631656,Texas,201-500,Industrial Machinery Manufacturing,,30.5M,http://combustion.fivesgroup.com/
FLAMBEAU,,,"1,001-5,000",Plastics Manufacturing,,57M,http://www.flambeau.com
FLAMBEAU,https://linkedin.com/company/flambeau-inc-_2,Wisconsin,"1,001-5,000",Plastics Manufacturing,,57M,http://www.flambeau.com
FLANDERS,,Indiana,790,electrical/electronic manufacturing,,290400000,flandersinc.com
FLANDERS,,Indiana,790,electrical/electronic manufacturing,,,flandersinc.com
FLEXFAB,,,"501-1,000",Industrial Machinery Manufacturing,,271.6M,http://www.flexfab.com
FLEXFAB,https://www.linkedin.com/company/flexfab-llc,Michigan,"501-1,000",Industrial Machinery Manufacturing,,271.6M,http://www.flexfab.com
FLEXICON,,,201-500,Industrial Machinery Manufacturing,,34M,http://www.flexicon.com
FLEXICON,https://www.linkedin.com/company/494726,Pennsylvania,201-500,Industrial Machinery Manufacturing,,34M,http://www.flexicon.com
FLEXSTEEL INDUSTRIES,,,"1,001-5,000",Furniture and Home Furnishings Manufacturing,,,https://www.flexsteelindustries.com/
FLEXSTEEL INDUSTRIES,https://www.linkedin.com/company/flexsteel-industries-inc/,,"1,001-5,000",Furniture and Home Furnishings Manufacturing,,,https://www.flexsteelindustries.com/
FLIGHT SYSTEMS INDUSTRIAL PRODUCTS,,Pennsylvania,73,electrical/electronic manufacturing,,$33M,fsip.biz
FLIGHT SYSTEMS INDUSTRIAL PRODUCTS,,Pennsylvania,73,electrical/electronic manufacturing,+18003331194,,fsip.biz
"FLOORING FINANCIAL, INC",,,one,,,,https://www.flooringfinancial.com/
"FLOORING FINANCIAL, INC",,,five,,,,https://www.flooringfinancial.com/
FLORACRAFT,,,201-500,Consumer Goods,,58.6M,http://www.floracraft.com
FLORACRAFT,https://linkedin.com/company/floracraft,Michigan,201-500,Consumer Goods,,58.6M,http://www.floracraft.com
FLORIDA PAINTS,,,51-200,Wholesale Building Materials,,47.7M,https://www.FloridaPaints.com
FLORIDA PAINTS,https://linkedin.com/company/floridapaints,Florida,51-200,Wholesale Building Materials,,47.7M,https://www.FloridaPaints.com
FLUIDRA NORTH AMERICA,,,"5,001-10,000",Manufacturing,,,https://www.fluidrausa.com/
FLUIDRA NORTH AMERICA,https://www.linkedin.com/company/fluidra-north-america/,,"5,001-10,000",Manufacturing,,,https://www.fluidrausa.com/
FNA GROUP,,,"501-1,000",Manufacturing,,61.3M,http://www.fna-group.com
FNA GROUP,https://linkedin.com/company/faip-north-america,,seven,Manufacturing,,,http://www.fna-group.com
FNA GROUP,https://linkedin.com/company/faip-north-america,Wisconsin,"501-1,000",Manufacturing,,61.3M,http://www.fna-group.com
FOAM DESIGN,,Kentucky,54,Packaging & Containers,,35000000,foamdesign.com
FOAM DESIGN,,Kentucky,54,Packaging & Containers,+18592317006,,foamdesign.com
FOAM DESIGN,,Kentucky,54,Packaging & Containers,+1-859-361-1346,,foamdesign.com
FOCUS LOGISTICS SOLUTIONS,,,three,,,,https://focus-solutions.com/
FOCUS LOGISTICS SOLUTIONS,,,seven,,,,https://focus-solutions.com/
"FORCE III CONSULTING GROUP, INC.",,,nine,,,,http://force-iii.com/
"FORCE III CONSULTING GROUP, INC.",,,six,,,,http://force-iii.com/
FORD METER BOX,,Indiana,270,Construction,,119000000,fordmeterbox.com
FORD METER BOX,,Indiana,270,Construction,+1-260-330-2449,,fordmeterbox.com
FORD METER BOX,,Indiana,270,Construction,+1-407-461-1618,,fordmeterbox.com
FORT RECOVERY INDUSTRIES,,,201-500,Motor Vehicle Manufacturing,,30M,http://www.fortrecoveryindustries.com
FORT RECOVERY INDUSTRIES,https://www.linkedin.com/company/989183,,four,Motor Vehicle Manufacturing,,,http://www.fortrecoveryindustries.com
FORT RECOVERY INDUSTRIES,https://www.linkedin.com/company/989183,Ohio,201-500,Motor Vehicle Manufacturing,,30M,http://www.fortrecoveryindustries.com
FORT WAYNE METALS,,Indiana,650,Mechanical Or Industrial Engineering,,137500000,fwmetals.com
FORT WAYNE METALS,,Indiana,650,Mechanical Or Industrial Engineering,"+1-260-413-3677,+1-317-509-0585",,fwmetals.com
FORT WAYNE METALS,,Indiana,650,Mechanical Or Industrial Engineering,"+1-260-747-0398,+1-260-415-2535",,fwmetals.com
FORT WAYNE METALS,,Indiana,650,Mechanical Or Industrial Engineering,+12607474154,,fwmetals.com
FORT WAYNE METALS,,Indiana,650,Mechanical Or Industrial Engineering,+1-260-750-3305,,fwmetals.com
FORT WAYNE METALS,,Indiana,650,Mechanical Or Industrial Engineering,+1-773-699-5690,,fwmetals.com
FORTEC MEDICAL,,,201-500,Medical Equipment Manufacturing,,32.9M,https://www.fortecmedical.com
FORTEC MEDICAL,https://www.linkedin.com/company/279513,Ohio,201-500,Medical Equipment Manufacturing,,32.9M,https://www.fortecmedical.com
FORWARD AIR CORPORATION,https://www.linkedin.com/company/forward-air,,two,Transportation/Trucking/Railroad,,,forwardair.com
FORWARD AIR CORPORATION,https://www.linkedin.com/company/forward-air,Ohio,1705,Transportation/Trucking/Railroad,,161000000,forwardair.com
FORWARD JANESVILLE,,,2-10,Non-profit Organization Management,,,http://www.forwardjanesville.com/
FORWARD JANESVILLE,https://www.linkedin.com/company/forward-janesville/,,ten,Non-profit Organization Management,,,http://www.forwardjanesville.com/
FORWARD JANESVILLE,https://www.linkedin.com/company/forward-janesville/,,2-10,Non-profit Organization Management,,,http://www.forwardjanesville.com/
FOSBEL,,,"501-1,000","Glass, Ceramics and Concrete Manufacturing",,318.3M,http://www.fosbel.com/
FOSBEL,https://www.linkedin.com/company/153296,Ohio,"501-1,000","Glass, Ceramics and Concrete Manufacturing",,318.3M,http://www.fosbel.com/
FOSS NORTH AMERICA,,,1600,"Appliances, Electrical, and Electronics Manufacturing",,100000000,fossanalytics.com
FOSS NORTH AMERICA,,Minnesota,1600,"Appliances, Electrical, and Electronics Manufacturing",,100000000,fossanalytics.com
FOUNDATION WELLNESS,,,51-200,Manufacturing,,70M,https://www.foundationwellness.com/
FOUNDATION WELLNESS,https://www.linkedin.com/company/15308866,Ohio,51-200,Manufacturing,,70M,https://www.foundationwellness.com/
FRANKLIN INTERNATIONAL,,,201-500,Chemical Manufacturing,,60M,http://www.Franklininternational.com
FRANKLIN INTERNATIONAL,https://linkedin.com/company/franklin-international,Ohio,201-500,Chemical Manufacturing,,60M,http://www.Franklininternational.com
FREELANCE,,,nine,,,,
FREELANCE,,,two,,,,
FREEMAN ENCLOSURE SYSTEMS,,,201-500,"Appliances, Electrical, and Electronics Manufacturing",,33.9M,http://freemanenclosures.com
FREEMAN ENCLOSURE SYSTEMS,https://www.linkedin.com/company/22345549,Ohio,201-500,"Appliances, Electrical, and Electronics Manufacturing",,33.9M,http://freemanenclosures.com
FREEMAN MANUFACTURING & SUPPLY,,,51-200,Plastics Manufacturing,,31.2M,http://www.freemansupply.com
FREEMAN MANUFACTURING & SUPPLY,https://www.linkedin.com/company/1958292,Ohio,51-200,Plastics Manufacturing,,31.2M,http://www.freemansupply.com
FREEPORT PRESS,,,51-200,Printing Services,,40.3M,http://www.freeportpress.com
FREEPORT PRESS,https://www.linkedin.com/company/641740,Ohio,51-200,Printing Services,,40.3M,http://www.freeportpress.com
FRESENIUS KABI,,,316000,Pharmaceuticals,,,http://www.fresenius-kabi.com/
FRESENIUS KABI,https://www.linkedin.com/company/freseniuskabi/,,316000,Pharmaceuticals,,,http://www.fresenius-kabi.com/
FROMM FAMILY FOODS,,Wisconsin,200,Mechanical Or Industrial Engineering,,37400000,frommfamily.com
FROMM FAMILY FOODS,,Wisconsin,200,Mechanical Or Industrial Engineering,+1 (262) 242-2200,,frommfamily.com
FRONTAGE LABORATORIES,,,"501-1,000",Pharmaceutical Manufacturing,,184.4M,http://www.frontagelab.com
FRONTAGE LABORATORIES,https://www.linkedin.com/company/223350,Pennsylvania,"501-1,000",Pharmaceutical Manufacturing,,184.4M,http://www.frontagelab.com
FS-ELLIOTT,,,201-500,Machinery Manufacturing,,193.8M,https://www.fs-elliott.com/
FS-ELLIOTT,https://www.linkedin.com/company/100760,Pennsylvania,201-500,Machinery Manufacturing,,193.8M,https://www.fs-elliott.com/
FST LOGISTICS,https://www.linkedin.com/company/fst-logistics,,five,Transportation/Trucking/Railroad,,,fstlogistics.com
FST LOGISTICS,https://www.linkedin.com/company/fst-logistics,Ohio,142,Transportation/Trucking/Railroad,,100000000,fstlogistics.com
FULCRUM CONSTRUCTION GROUP,,,36,Construction,,,https://fulcrumgroup.com/
FULCRUM CONSTRUCTION GROUP,http://www.linkedin.com/company/fulcrumconstruction,,36,Construction,,,https://fulcrumgroup.com/
FUTABA CORPORATION OF AMERICA,,,130,electrical/electronic manufacturing,,593600000,http://www.futabaems.com
FUTABA CORPORATION OF AMERICA,,Alabama,130,electrical/electronic manufacturing,,593600000,http://www.futabaems.com
FXI,,,"1,001-5,000",Consumer Goods,,493.7M,http://www.fxi.com/
FXI,https://www.linkedin.com/company/114256,Pennsylvania,"1,001-5,000",Consumer Goods,,493.7M,http://www.fxi.com/
G&H ORTHODONTICS®,,Indiana,85,medical devices,,40000000,ghorthodontics.com
G&H ORTHODONTICS®,,Indiana,85,medical devices,+13173466663,,ghorthodontics.com
G&H ORTHODONTICS®,,Indiana,85,medical devices,+1-317-448-0385,,ghorthodontics.com
G&H ORTHODONTICS®,,Indiana,85,medical devices,+1-423-312-4432,,ghorthodontics.com
G&H ORTHODONTICS®,,Indiana,85,medical devices,+1-765-602-2022,,ghorthodontics.com
G&H ORTHODONTICS®,,Indiana,85,medical devices,"+1-815-546-5454,+1-407-718-6327",,ghorthodontics.com
G&S METAL PRODUCTS,,,201-500,Manufacturing,,30.1M,http://www.gsmetal.com/
G&S METAL PRODUCTS,,,201-500,Manufacturing,,54.7M,https://www.gsmetal.com
G&S METAL PRODUCTS,https://www.linkedin.com/company/1910594,,eight,Manufacturing,,,http://www.gsmetal.com/
G&S METAL PRODUCTS,https://www.linkedin.com/company/1910594,Ohio,201-500,Manufacturing,,30.1M,http://www.gsmetal.com/
G&S METAL PRODUCTS,https://www.linkedin.com/company/g&s-metal-products,Ohio,201-500,Manufacturing,,54.7M,https://www.gsmetal.com
G&T INDUSTRIES,,,120,Furniture and Home Furnishings Manufacturing,,40964000,gtindustries.com
G&T INDUSTRIES,,Michigan,120,Furniture and Home Furnishings Manufacturing,,40964000,gtindustries.com
G7 ENTERTAINMENT MARKETING,,,11-50,Entertainment Providers,,,http://www.g7marketing.com/
G7 ENTERTAINMENT MARKETING,https://www.linkedin.com/company/g7-entertainment-marketing/,,11-50,Entertainment Providers,,,http://www.g7marketing.com/
GAGE PRODUCTS COMPANY,,,97,Chemical Manufacturing,,65000000,gageproducts.com
GAGE PRODUCTS COMPANY,,Michigan,97,Chemical Manufacturing,,65000000,gageproducts.com
GALERIE CANDY AND GIFTS,,,51-200,Manufacturing,,33.7M,http://www.galeriecandy.com
GALERIE CANDY AND GIFTS,https://www.linkedin.com/company/galerie,Kentucky,51-200,Manufacturing,,33.7M,http://www.galeriecandy.com
GAP INC.,,,"10,001+",Retail,,,https://gapinc.com/
GAP INC.,https://www.linkedin.com/company/gap-inc-/,,"10,001+",Retail,,,https://gapinc.com/
GARBER AUTOMOTIVE,,,"1,001-5,000",Motor Vehicle Manufacturing,,319.2M,https://www.garberauto.com
GARBER AUTOMOTIVE,https://www.linkedin.com/company/garber-automotive-group,Michigan,"1,001-5,000",Motor Vehicle Manufacturing,,319.2M,https://www.garberauto.com
GARDENS ALIVE,,,"1,001-5,000",Manufacturing,,170M,https://www.gardensalive.com
GARDENS ALIVE,https://www.linkedin.com/company/gardens-alive,,four,Manufacturing,,,https://www.gardensalive.com
GARDENS ALIVE,https://www.linkedin.com/company/gardens-alive,Indiana,"1,001-5,000",Manufacturing,,170M,https://www.gardensalive.com
GARDNER,,,160,Retail,,150000000,http://www.gardnerinc.com
GARDNER,,,"501-1,000","Transportation, Logistics, Supply Chain and Storage",,150M,http://www.gardnerinc.com
GARDNER,,Ohio,160,Retail,,150000000,http://www.gardnerinc.com
GARDNER,https://linkedin.com/company/gardner-inc-,Ohio,"501-1,000","Transportation, Logistics, Supply Chain and Storage",,150M,http://www.gardnerinc.com
GARDNER WHITE,,,"501-1,000",Furniture and Home Furnishings Manufacturing,,275M,https://www.gardner-white.com
GARDNER WHITE,https://linkedin.com/company/gardner-white,Michigan,"501-1,000",Furniture and Home Furnishings Manufacturing,,275M,https://www.gardner-white.com
GARENA,,,5600,Computer Games,,,https://afs-recycling-florida.business.site/
GARENA,http://www.linkedin.com/company/garena,,5600,Computer Games,,,https://afs-recycling-florida.business.site/
GASBARRE,,,201-500,Machinery Manufacturing,,59M,http://www.gasbarre.com
GASBARRE,https://www.linkedin.com/company/5728563,Pennsylvania,201-500,Machinery Manufacturing,,59M,http://www.gasbarre.com
GATE PETROLEUM COMPANY,,,490,Retail,,140000000,http://www.gatepetro.com
GATE PETROLEUM COMPANY,,Florida,490,Retail,,140000000,http://www.gatepetro.com
GBQ PARTNERS,,,ten,,,,
GBQ PARTNERS,,,280,Accounting,,,https://gbq.com/
GBQ PARTNERS,https://www.linkedin.com/company/gbq-partners/,,280,Accounting,,,https://gbq.com/
GE ADDITIVE,https://www.linkedin.com/company/15233058,,seven,machinery,,,ge.com
GE ADDITIVE,https://www.linkedin.com/company/15233058,Ohio,499,machinery,,49900000,ge.com
GED INTEGRATED SOLUTIONS,,,51-200,Machinery Manufacturing,,35M,http://www.gedusa.com
GED INTEGRATED SOLUTIONS,https://www.linkedin.com/company/51918,Ohio,51-200,Machinery Manufacturing,,35M,http://www.gedusa.com
GEHL FOOD,,,201-500,Food and Beverage Services,,43.1M,http://www.gehlfoods.com
GEHL FOOD,https://linkedin.com/company/gehl-foods-inc..,,ten,Food and Beverage Services,,,http://www.gehlfoods.com
GEHL FOOD,https://linkedin.com/company/gehl-foods-inc..,Wisconsin,201-500,Food and Beverage Services,,43.1M,http://www.gehlfoods.com
"GELEST, INC.",,,200,Chemical Manufacturing,,35000000,gelest.com
"GELEST, INC.",,Pennsylvania,200,Chemical Manufacturing,,35000000,gelest.com
GEMAIRE DISTRIBUTORS,,,"501-1,000",Wholesale,,385.2M,http://www.gemaire.com
GEMAIRE DISTRIBUTORS,https://linkedin.com/company/gemaire-distributors,Florida,"501-1,000",Wholesale,,385.2M,http://www.gemaire.com
GEMINI GROUP,,,"1,001-5,000",Automotive,,30.7M,https://geminigroup.net
GEMINI GROUP,https://linkedin.com/company/gemini-group-inc-,Michigan,"1,001-5,000",Automotive,,30.7M,https://geminigroup.net
GENERAL ALUMINUM,,,"1,001-5,000",Automotive,,31.8M,http://www.generalaluminum.com
GENERAL ALUMINUM,https://www.linkedin.com/company/4022240,Ohio,"1,001-5,000",Automotive,,31.8M,http://www.generalaluminum.com
GENERAL DIE CASTERS,,,201-500,Machinery Manufacturing,,32.4M,http://www.generaldie.com/
GENERAL DIE CASTERS,https://www.linkedin.com/company/8492281,Ohio,201-500,Machinery Manufacturing,,32.4M,http://www.generaldie.com/
"GENERAL EQUIPMENT & SUPPLIES, INC.",,,108,machinery,,69300000,genequip.com
"GENERAL EQUIPMENT & SUPPLIES, INC.",,North Dakota,108,machinery,,$69.3M,genequip.com
"GENERAL EQUIPMENT & SUPPLIES, INC.",,North Dakota,108,machinery,,69300000,genequip.com
GENERAL FASTENERS,,,201-500,"Transportation, Logistics, Supply Chain and Storage",,300M,http://www.genfast.com
GENERAL FASTENERS,https://www.linkedin.com/company/general-fasteners-company,Michigan,201-500,"Transportation, Logistics, Supply Chain and Storage",,300M,http://www.genfast.com
GENERAL STAMPING & METALWORKS,,Indiana,140,Automation Machinery Manufacturing,,67400000,gsmwinc.com
GENERAL STAMPING & METALWORKS,,Indiana,140,Automation Machinery Manufacturing,,,gsmwinc.com
GENERAL TOOL,,,201-500,Defense and Space Manufacturing,,36.8M,http://www.gentool.com
GENERAL TOOL,https://linkedin.com/company/general-tool-company,Ohio,201-500,Defense and Space Manufacturing,,36.8M,http://www.gentool.com
GENESIS ATTACHMENTS,,Wisconsin,61,machinery,,53906000,genesisattachments.com
GENESIS ATTACHMENTS,,Wisconsin,61,machinery,+1 (888) 743-2748,,genesisattachments.com
GENPACT,,,129000,Information Technology & Services,,,https://www.genpact.com/
GENPACT,https://www.linkedin.com/company/genpact/,,129000,Information Technology & Services,,,https://www.genpact.com/
GENTELL,,Pennsylvania,200,medical devices,,51200000,gentell.com
GENTELL,,Pennsylvania,200,medical devices,+12157882700,,gentell.com
GENTELL,,Pennsylvania,200,medical devices,+1-267-970-5875,,gentell.com
GEO SPECIALTY CHEMICALS,,,"501-1,000",Chemical Manufacturing,,170.5M,http://www.geosc.com/
GEO SPECIALTY CHEMICALS,https://www.linkedin.com/company/geo-specialty-chemicals,,one,Chemical Manufacturing,,,http://www.geosc.com/
GEO SPECIALTY CHEMICALS,https://www.linkedin.com/company/geo-specialty-chemicals,Pennsylvania,"501-1,000",Chemical Manufacturing,,170.5M,http://www.geosc.com/
GEORGE E. BOOTH CO.,,Indiana,100,machinery,,$25.0M,gebooth.com
GEORGE E. BOOTH CO.,,Indiana,100,machinery,+13172470100,,gebooth.com
GEORGE E. BOOTH CO.,,Indiana,100,machinery,+41617157700,,gebooth.com
GEOTEK,,,145,machinery,,38005000,geotekinc.com
GEOTEK,,Minnesota,145,machinery,,38005000,geotekinc.com
GERELCO FAMILY OF COMPANIES,,,three,,,,https://www.gerelco.com/
GERELCO FAMILY OF COMPANIES,,,seven,,,,https://www.gerelco.com/
GEROTECH,,Michigan,200,machinery,,44939000,gerotech.com
GEROTECH,,Michigan,200,machinery,+1 (734) 379-7788,,gerotech.com
GERTRUDE HAWK CHOCOLATES,,,"501-1,000",Food and Beverage Manufacturing,,294.4M,http://www.gertrudehawkchocolates.com/
GERTRUDE HAWK CHOCOLATES,,,"501-1,000",Food and Beverage Manufacturing,,4.5M,http://www.gertrudehawkchocolates.com/
GERTRUDE HAWK CHOCOLATES,https://www.linkedin.com/company/gertrude-hawk-chocolates,Pennsylvania,"501-1,000",Food and Beverage Manufacturing,,294.4M,http://www.gertrudehawkchocolates.com/
GERTRUDE HAWK CHOCOLATES,https://www.linkedin.com/company/gertrude-hawk-chocolates,Pennsylvania,"501-1,000",Food and Beverage Manufacturing,,4.5M,http://www.gertrudehawkchocolates.com/
GETTLE,,,201-500,"Appliances, Electrical, and Electronics Manufacturing",,37.6M,http://www.gettle.com
GETTLE,https://www.linkedin.com/company/2256164,Pennsylvania,201-500,"Appliances, Electrical, and Electronics Manufacturing",,37.6M,http://www.gettle.com
GHSP,,Michigan,789,Automotive,,600000000,ghsp.com
GHSP,,Michigan,789,Automotive,+16162834716,,ghsp.com
GHSP,,Michigan,789,Automotive,+16168425500,,ghsp.com
GIANTS COMMUNITY FUND,,,11-50,Non-profit Organizations,,,http://jrgiants.org/
GIANTS COMMUNITY FUND,https://www.linkedin.com/company/giants-community-fund/,,11-50,Non-profit Organizations,,,http://jrgiants.org/
GIBBS DIE CASTING,,,"1,001-5,000",Motor Vehicle Manufacturing,,215.9M,http://www.gibbsdc.com
GIBBS DIE CASTING,https://www.linkedin.com/company/gibbs-die-casting-corporation,Kentucky,"1,001-5,000",Motor Vehicle Manufacturing,,215.9M,http://www.gibbsdc.com
GIVINGTON'S,,,22,Professional Training & Coaching,,,https://givingtons.com/
GIVINGTON'S,https://www.linkedin.com/company/givingtons/,,22,Professional Training & Coaching,,,https://givingtons.com/
GKG SEARCH & CONSULTING,,,2-10,Business Consulting and Services,,,http://www.gkgconsultants.com/
GKG SEARCH & CONSULTING,https://www.linkedin.com/company/gkg-search-consulting/about/,,one,Business Consulting and Services,,,http://www.gkgconsultants.com/
GKG SEARCH & CONSULTING,https://www.linkedin.com/company/gkg-search-consulting/about/,,2-10,Business Consulting and Services,,,http://www.gkgconsultants.com/
GLASSTECH,,,51-200,Machinery Manufacturing,,37.5M,http://www.glasstech.com/
GLASSTECH,https://www.linkedin.com/company/115823,Ohio,51-200,Machinery Manufacturing,,37.5M,http://www.glasstech.com/
GLENN RIEDER,,Wisconsin,120,Construction,,27800000,glennrieder.com
GLENN RIEDER,,Wisconsin,120,Construction,+14143898641,,glennrieder.com
GLENN RIEDER,,Wisconsin,120,Construction,+1-773-896-7917,,glennrieder.com
GLENN RIEDER,,Wisconsin,120,Construction,+1-941-456-2764,,glennrieder.com
GLENROY,,,201-500,Packaging and Containers Manufacturing,,125M,https://www.glenroy.com
GLENROY,https://linkedin.com/company/glenroy-inc-,Wisconsin,201-500,Packaging and Containers Manufacturing,,125M,https://www.glenroy.com
GLOBAL TUNGSTEN & POWDERS,,,"501-1,000",Chemical Manufacturing,,150M,http://www.globaltungsten.com/
GLOBAL TUNGSTEN & POWDERS,https://www.linkedin.com/company/global-tungsten-and-powders-corporation,Pennsylvania,"501-1,000",Chemical Manufacturing,,150M,http://www.globaltungsten.com/
GLOSTER FURNITURE,,,110,Furniture,,,https://www.gloster.com/
GLOSTER FURNITURE,http://www.linkedin.com/company/gloster-furniture-ltd,,110,Furniture,,,https://www.gloster.com/
"GLOVIS AMERICA, INC.",,,370,"Transportation, Logistics, Supply Chain and Storage",,,http://www.glovisusa.com/
"GLOVIS AMERICA, INC.",http://www.linkedin.com/company/glovis-america-inc-,,370,"Transportation, Logistics, Supply Chain and Storage",,,http://www.glovisusa.com/
GLUNT INDUSTRIES,,,51-200,Machinery Manufacturing,,31.2M,http://www.glunt.com
GLUNT INDUSTRIES,https://www.linkedin.com/company/3730583,Ohio,51-200,Machinery Manufacturing,,31.2M,http://www.glunt.com
GMI,,Minnesota,170,medical devices,,60700000,gmi-inc.com
GMI,,Minnesota,170,medical devices,+18664075786,,gmi-inc.com
GMI,,Minnesota,170,medical devices,+1-952-210-7420,,gmi-inc.com
GMI,,Minnesota,170,medical devices,+1-952-334-6516,,gmi-inc.com
GMI COMPANIES,,,51-200,Furniture,,30M,http://www.ghent.com
GMI COMPANIES,https://www.linkedin.com/company/1205892,Ohio,51-200,Furniture,,30M,http://www.ghent.com
GOEX,,,201-500,Plastics Manufacturing,,52M,http://www.goex.com
GOEX,https://linkedin.com/company/goex,Wisconsin,201-500,Plastics Manufacturing,,52M,http://www.goex.com
GOJO,,,"1,001-5,000",Manufacturing,,448.2M,http://www.GOJO.com
GOJO,https://www.linkedin.com/company/16939,,five,Manufacturing,,,http://www.GOJO.com
GOJO,https://www.linkedin.com/company/16939,Ohio,"1,001-5,000",Manufacturing,,448.2M,http://www.GOJO.com
GOLD COAST ANGEL INVESTORS,,,2-10,Venture Capital and Private Equity Principals,,,https://goldcoastangels.vc/
GOLD COAST ANGEL INVESTORS,https://www.linkedin.com/company/gold-coast-angel-investors/,,2-10,Venture Capital and Private Equity Principals,,,https://goldcoastangels.vc/
GONZALEZ GROUP,,,"501-1,000",Automation Machinery Manufacturing,,50M,http://www.gonzalez-group.com
GONZALEZ GROUP,https://linkedin.com/company/gonzalez-group,Michigan,"501-1,000",Automation Machinery Manufacturing,,50M,http://www.gonzalez-group.com
GOOD FOODS,,,"501-1,000",Food & Beverages,,210M,http://www.goodfoods.com
GOOD FOODS,https://linkedin.com/company/good-foods-group-llc,,seven,Food & Beverages,,,http://www.goodfoods.com
GOOD FOODS,https://linkedin.com/company/good-foods-group-llc,Wisconsin,"501-1,000",Food & Beverages,,210M,http://www.goodfoods.com
GOOD SAMARITAN SOCIETY,,,"10,001+",Hospitals and Health Care,,,http://good-sam.com/
GOOD SAMARITAN SOCIETY,https://www.linkedin.com/company/good-samaritan-society/,,"10,001+",Hospitals and Health Care,,,http://good-sam.com/
GOODWILL INDUSTRIES OF SOUTHEASTERN WISCONSIN,,,1800,Retail,,214103000,http://www.goodwillsew.com
GOODWILL INDUSTRIES OF SOUTHEASTERN WISCONSIN,,Wisconsin,1800,Retail,,214103000,http://www.goodwillsew.com
"GORDON ALUMINUM INDUSTRIES, INC.",,Wisconsin,85,mining & metals,,$30.2M,gordonaluminum.com
"GORDON ALUMINUM INDUSTRIES, INC.",,Wisconsin,85,mining & metals,+1-715-355-0589,,gordonaluminum.com
GORILLA GLUE,,,"501-1,000",Manufacturing,,300M,http://www.gorillatough.com/careers
GORILLA GLUE,https://linkedin.com/company/the-gorilla-glue-company,Ohio,"501-1,000",Manufacturing,,300M,http://www.gorillatough.com/careers
GORUCK,,,69,Retail,,35000000,http://www.goruck.com
GORUCK,,Florida,69,Retail,,35000000,http://www.goruck.com
GOSIGER,,,201-500,Machinery Manufacturing,,232.7M,http://www.gosiger.com
GOSIGER,https://linkedin.com/company/gosiger-inc,Ohio,201-500,Machinery Manufacturing,,232.7M,http://www.gosiger.com
GP REEVES,,Michigan,52,machinery,,32436000,gpreeves.com
GP REEVES,,Michigan,52,machinery,+1 (888) 399-8893,,gpreeves.com
"GPM, INC.",,Minnesota,96,mining & metals,,$26M,gpmco.com
"GPM, INC.",,Minnesota,96,mining & metals,+18007549904,,gpmco.com
GRACELAND FRUIT,,,201-500,Food and Beverage Services,,73M,http://www.gracelandfruit.com
GRACELAND FRUIT,https://www.linkedin.com/company/graceland-fruit-inc,Michigan,201-500,Food and Beverage Services,,73M,http://www.gracelandfruit.com
GRAFF,,Wisconsin,93,Mechanical Or Industrial Engineering,,32080000,graff-designs.com
GRAFF,,Wisconsin,93,Mechanical Or Industrial Engineering,+14146499850,,graff-designs.com
GRAFIKA PRINT,,Pennsylvania,80,Packaging & Containers,,$47M,grafikaprint.com
GRAFIKA PRINT,,Pennsylvania,80,Packaging & Containers,,,grafikaprint.com
GRAFIKA PRINT,,Pennsylvania,80,Packaging & Containers,+16107046391,,grafikaprint.com
GRAHAM ARCHITECTURAL PRODUCTS,,Pennsylvania,140,Construction,,108600000,grahamwindows.com
GRAHAM ARCHITECTURAL PRODUCTS,,Pennsylvania,140,Construction,+17178498100,,grahamwindows.com
GRAHAM ARCHITECTURAL PRODUCTS,,Pennsylvania,140,Construction,+1-717-880-9889,,grahamwindows.com
GRAND DESIGN RV,,Indiana,290,Automotive,,461700000,granddesignrv.com
GRAND DESIGN RV,,Indiana,290,Automotive,"+1-574-606-9275,+1-574-527-6899",,granddesignrv.com
GRAND DESIGN RV,,Indiana,290,Automotive,+15748258000,,granddesignrv.com
GRAND RAPIDS CHAIR COMPANY,,,72,Furniture and Home Furnishings Manufacturing,,40677000,grandrapidschair.com
GRAND RAPIDS CHAIR COMPANY,,Michigan,72,Furniture and Home Furnishings Manufacturing,,40677000,grandrapidschair.com
GRANDE CHEESE COMPANY,,,"1,001-5,000",Food and Beverage Manufacturing,,110M,http://www.grande.com
GRANDE CHEESE COMPANY,https://linkedin.com/company/grande-cheese-company,,nine,Food and Beverage Manufacturing,,,http://www.grande.com
GRANDE CHEESE COMPANY,https://linkedin.com/company/grande-cheese-company,Wisconsin,"1,001-5,000",Food and Beverage Manufacturing,,110M,http://www.grande.com
GRASSLAND DAIRY PRODUCTS,,,"501-1,000",Dairy Product Manufacturing,,35M,http://www.grassland.com
GRASSLAND DAIRY PRODUCTS,https://linkedin.com/company/grassland-dairy-products-inc-,Wisconsin,"501-1,000",Dairy Product Manufacturing,,35M,http://www.grassland.com
GRAYMATTER,,,51-200,Automation Machinery Manufacturing,,36.1M,https://www.GrayMatterSystems.com
GRAYMATTER,https://www.linkedin.com/company/91508,Pennsylvania,51-200,Automation Machinery Manufacturing,,36.1M,https://www.GrayMatterSystems.com
GREAT BAY DISTRIBUTORS,,,201-500,Wholesale,,64.8M,http://www.greatbaybud.com
GREAT BAY DISTRIBUTORS,https://linkedin.com/company/great-bay-distributors-inc.,Florida,201-500,Wholesale,,64.8M,http://www.greatbaybud.com
GREAT NORTHERN CORPORATION,,,"1,001-5,000",Packaging & Containers,,32M,http://www.GreatNorthernCorp.com
GREAT NORTHERN CORPORATION,https://linkedin.com/company/great-northern-corporation,Wisconsin,"1,001-5,000",Packaging & Containers,,32M,http://www.GreatNorthernCorp.com
GREAT NORTHWEST INSURANCE COMPANY,,,18,Insurance,,,http://www.greatnorthwest.com/
GREAT NORTHWEST INSURANCE COMPANY,https://www.linkedin.com/company/great-northwest-insurance-company/,,18,Insurance,,,http://www.greatnorthwest.com/
GREEN BAY PACKAGING,,,"1,001-5,000",Packaging and Containers Manufacturing,,120M,http://www.gbp.com
GREEN BAY PACKAGING,https://linkedin.com/company/green-bay-packaging,Wisconsin,"1,001-5,000",Packaging and Containers Manufacturing,,120M,http://www.gbp.com
GREEN BAY PACKAGING COATED PRODUCTS,,Wisconsin,53,Packaging & Containers,,$300M,gbpcoated.com
GREEN BAY PACKAGING COATED PRODUCTS,,Wisconsin,53,Packaging & Containers,+1-863-398-2715,,gbpcoated.com
GREEN BAY PACKAGING COATED PRODUCTS,,Wisconsin,53,Packaging & Containers,+19203371800,,gbpcoated.com
GREEN CIRCLE GROWERS,,,"501-1,000",Manufacturing,,109.4M,http://www.greencirclegrowers.com
GREEN CIRCLE GROWERS,https://linkedin.com/company/green-circle-growers-inc-,Ohio,"501-1,000",Manufacturing,,109.4M,http://www.greencirclegrowers.com
GREEN TOKAI,,,"501-1,000",Motor Vehicle Manufacturing,,156.7M,http://www.greentokai.com
GREEN TOKAI,https://www.linkedin.com/company/8879741,Ohio,"501-1,000",Motor Vehicle Manufacturing,,156.7M,http://www.greentokai.com
GREENBRIDGE,,,201-500,Packaging and Containers Manufacturing,,300M,http://www.greenbridge.com
GREENBRIDGE,https://www.linkedin.com/company/585264,Texas,201-500,Packaging and Containers Manufacturing,,300M,http://www.greenbridge.com
GREENE TWEED,,,"1,001-5,000",Manufacturing,,400M,https://www.gtweed.com
GREENE TWEED,https://www.linkedin.com/company/203942,,nine,Manufacturing,,,https://www.gtweed.com
GREENE TWEED,https://www.linkedin.com/company/203942,Pennsylvania,"1,001-5,000",Manufacturing,,400M,https://www.gtweed.com
GREENLEAF CORPORATION,,,110,Industrial Machinery Manufacturing,,108400000,greenleafcorporation.com
GREENLEAF CORPORATION,,Pennsylvania,110,Industrial Machinery Manufacturing,,108400000,greenleafcorporation.com
GREIF,,,"10,001+ employees",Packaging and Containers Manufacturing,,,http://www.greif.com/
GREIF,,,"10,001+ employees",Packaging and Containers Manufacturing,,,https://www.greif.com/
"GROB SYSTEMS, INC",,,330,machinery,,,https://www.grobgroup.com/
"GROB SYSTEMS, INC",http://www.linkedin.com/company/grob-systems-inc,,330,machinery,,,https://www.grobgroup.com/
GROTE INDUSTRIES,,Indiana,1000,Automotive,,250000000,grote.com
GROTE INDUSTRIES,,Indiana,1000,Automotive,+18122732121,,grote.com
GRUCCI PETERSEN DESIGN STUDIO,,,seven,,,,https://www.grucci-petersen.com/
GRUCCI PETERSEN DESIGN STUDIO,,,eight,,,,https://www.grucci-petersen.com/
GSM SOLUTIONS,,,six,,,,
GSM SOLUTIONS,,,ten,,,,
GSM SOLUTIONS,,,eight,,,,
GT,,,"1,001-5,000",Motor Vehicle Manufacturing,,38520000,http://www.gttechnologies.com
GT,https://www.linkedin.com/company/304391,Michigan,"1,001-5,000",Motor Vehicle Manufacturing,,38520000,http://www.gttechnologies.com
"GUHRING, INC.",,,201-500,Mechanical Or Industrial Engineering,,90M,http://www.guhring.com
"GUHRING, INC.",https://linkedin.com/company/guhring-ltd,Wisconsin,201-500,Mechanical Or Industrial Engineering,,90M,http://www.guhring.com
"GULF COAST UNDERGROUND, LLC",,,20,Construction,,,https://gogcu.com/
"GULF COAST UNDERGROUND, LLC",http://www.linkedin.com/company/gulfcoastundergroundllc,,20,Construction,,,https://gogcu.com/
GUNTER CONSTRUCTION CO INC,,,201-500,Construction,,,http://www.gunterconst.com/
GUNTER CONSTRUCTION CO INC,https://www.linkedin.com/company/gunter-construction-co-inc/,,201-500,Construction,,,http://www.gunterconst.com/
GURLEY LEEP AUTOMOTIVE FAMILY,,Indiana,210,Motor Vehicle Manufacturing,,40517000,gurleyleep.com
GURLEY LEEP AUTOMOTIVE FAMILY,,Indiana,210,Motor Vehicle Manufacturing,,,gurleyleep.com
"GUY & O'NEILL, INC.",,,51-200,Manufacturing,,86.6M,http://www.guyandoneill.com
"GUY & O'NEILL, INC.",https://linkedin.com/company/guy-&-o'neill-inc-,Wisconsin,51-200,Manufacturing,,86.6M,http://www.guyandoneill.com
GUY BROWN,,,77,Business Supplies & Equipment,,205960000,http://www.guybrown.com
GUY BROWN,,Tennessee,77,Business Supplies & Equipment,,205960000,http://www.guybrown.com
H.H. BARNUM,,,201-500,Automation Machinery Manufacturing,,56M,https://www.hhbarnum.com
H.H. BARNUM,https://linkedin.com/company/hh-barnum,Michigan,201-500,Automation Machinery Manufacturing,,56M,https://www.hhbarnum.com
H.H. BARNUM COMPANY,,,180,Automation Machinery Manufacturing,,56043000,hhbarnum.com
H.H. BARNUM COMPANY,,Michigan,180,Automation Machinery Manufacturing,,56043000,hhbarnum.com
"HA INDUSTRIES, INC.",,,58,Automation Machinery Manufacturing,,27980000,ha-industries.com
"HA INDUSTRIES, INC.",,Michigan,58,Automation Machinery Manufacturing,,27980000,ha-industries.com
HACKBARTH DELIVERY SERVICE,,,210,Transportation/Trucking/Railroad,,29167000,http://www.hackbarthdelivery.com
HACKBARTH DELIVERY SERVICE,,Alabama,210,Transportation/Trucking/Railroad,,29167000,http://www.hackbarthdelivery.com
HADCO METAL TRADING,,,201-500,Mining,,85.4M,http://www.hadco-metal.com
HADCO METAL TRADING,https://www.linkedin.com/company/hadco-metal-trading-co.-llc,Pennsylvania,201-500,Mining,,85.4M,http://www.hadco-metal.com
HALCON FURNITURE,,,150,Furniture and Home Furnishings Manufacturing,,70000000,halconfurniture.com
HALCON FURNITURE,,Minnesota,150,Furniture and Home Furnishings Manufacturing,,70000000,halconfurniture.com
"HALEY DERMATOLOGY, LLC",,,17,Medical Practice,,,https://haleyderm.com/
"HALEY DERMATOLOGY, LLC",http://www.linkedin.com/company/haley-dermatology-llc,,17,Medical Practice,,,https://haleyderm.com/
HAMPEL,,Wisconsin,78,plastics,,$90.0M,hampelcorp.com
HAMPEL,,Wisconsin,78,plastics,+1 (800) 681-6979,,hampelcorp.com
HANA,,,68,electrical/electronic manufacturing,,29297000,http://www.hana.family
HANA,,Ohio,68,electrical/electronic manufacturing,,29297000,http://www.hana.family
HAND ARENDALL HARRISON SALE,,,51-200,Law Practice,,,https://www.handfirm.com/
HAND ARENDALL HARRISON SALE,https://www.linkedin.com/company/hahs/,,51-200,Law Practice,,,https://www.handfirm.com/
HAND ARENDALL HARRISON SALE LLC,,,51-200,Law Practice,,,https://www.handfirm.com/
HAND ARENDALL HARRISON SALE LLC,https://www.linkedin.com/company/hahs/,,51-200,Law Practice,,,https://www.handfirm.com/
HANOVER FOODS,,,"1,001-5,000",Food Production,,61547000,https://www.hanoverfoods.com
HANOVER FOODS,https://www.linkedin.com/company/538544,Pennsylvania,"1,001-5,000",Food Production,,61547000,https://www.hanoverfoods.com
HARBISONWALKER INTERNATIONAL,,Pennsylvania,770,"glass, ceramics & concrete",,$600M,thinkhwi.com
HARBISONWALKER INTERNATIONAL,,Pennsylvania,770,"glass, ceramics & concrete",+1-214-236-2527,,thinkhwi.com
HARBISONWALKER INTERNATIONAL,,Pennsylvania,770,"glass, ceramics & concrete",+1-404-964-7260,,thinkhwi.com
HARBISONWALKER INTERNATIONAL,,Pennsylvania,770,"glass, ceramics & concrete",+14123756826,,thinkhwi.com
HARBISONWALKER INTERNATIONAL,,Pennsylvania,770,"glass, ceramics & concrete","+1-724-875-0456,+1-610-428-7664",,thinkhwi.com
HARBISONWALKER INTERNATIONAL,,Pennsylvania,770,"glass, ceramics & concrete","+55-43-99611-8990,+1-717-324-4574",,thinkhwi.com
HARBOR COMMUNICATIONS,,,51-200,Telecommunications,,,http://www.harborcom.com/
HARBOR COMMUNICATIONS,https://www.linkedin.com/company/harborcom/,,51-200,Telecommunications,,,http://www.harborcom.com/
HARKEN INC.,,,201-500,Maritime Transportation,,41.8M,http://www.harken.com
HARKEN INC.,https://linkedin.com/company/harken-yacht-equipment,Wisconsin,201-500,Maritime Transportation,,41.8M,http://www.harken.com
HARMONY BIOSCIENCES,,,201-500,Pharmaceutical Manufacturing,,437.9M,https://www.harmonybiosciences.com/
HARMONY BIOSCIENCES,https://www.linkedin.com/company/18416629,Pennsylvania,201-500,Pharmaceutical Manufacturing,,437.9M,https://www.harmonybiosciences.com/
HARRIS PRODUCTS,,,"501-1,000",Machinery Manufacturing,,345M,http://www.harrisproductsgroup.com
HARRIS PRODUCTS,https://www.linkedin.com/company/2450512,Ohio,"501-1,000",Machinery Manufacturing,,345M,http://www.harrisproductsgroup.com
HARRISON STEEL CASTINGS,,Indiana,140,mining & metals,,$34.5M,hscast.com
HARRISON STEEL CASTINGS,,Indiana,140,mining & metals,+17657622481,,hscast.com
HASLAM COLLEGE OF BUSINESS AT THE UNIVERSITY OF TENNESSEE,,,five,Higher Education,,,http://haslam.utk.edu/
HASLAM COLLEGE OF BUSINESS AT THE UNIVERSITY OF TENNESSEE,https://www.linkedin.com/school/haslam-college-of-business/,,seven,Higher Education,,,http://haslam.utk.edu/
HATCH STAMPING,,,"501-1,000",Motor Vehicle Manufacturing,,256.7M,http://www.hatchstamping.com
HATCH STAMPING,https://www.linkedin.com/company/hatch-stamping-and-assembly,Michigan,"501-1,000",Motor Vehicle Manufacturing,,256.7M,http://www.hatchstamping.com
HAVERTYS FURNITURE,,,"1,001-5,000",Furniture and Home Furnishings Manufacturing,,,http://www.havertys.com/
HAVERTYS FURNITURE,https://www.linkedin.com/company/havertys-furniture/,,"1,001-5,000",Furniture and Home Furnishings Manufacturing,,,http://www.havertys.com/
HAVILAND ENTERPRISES,,,201-500,Chemical Manufacturing,,97.5M,http://www.havilandusa.com
HAVILAND ENTERPRISES,https://linkedin.com/company/haviland-products,Michigan,201-500,Chemical Manufacturing,,97.5M,http://www.havilandusa.com
"HAVIS, INC.",,,180,Mechanical Or Industrial Engineering,,,https://www.havis.com/
"HAVIS, INC.",,Pennsylvania,200,Mechanical Or Industrial Engineering,,81000000,havis.com
"HAVIS, INC.",,Pennsylvania,200,Mechanical Or Industrial Engineering,+12159570720,,havis.com
"HAVIS, INC.",,Pennsylvania,200,Mechanical Or Industrial Engineering,+15853297305,,havis.com
"HAVIS, INC.",http://www.linkedin.com/company/havis-inc-,,180,Mechanical Or Industrial Engineering,,,https://www.havis.com/
HAYES PERFORMANCE SYSTEMS,,,"501-1,000",Motor Vehicle Manufacturing,,70M,https://hayesperformance.com/
HAYES PERFORMANCE SYSTEMS,,Wisconsin,200,Automotive,,70000000,hayesperformance.com
HAYES PERFORMANCE SYSTEMS,,Wisconsin,200,Automotive,+12622424300,,hayesperformance.com
HAYES PERFORMANCE SYSTEMS,,Wisconsin,200,Automotive,+1-414-520-7686,,hayesperformance.com
HAYES PERFORMANCE SYSTEMS,,Wisconsin,200,Automotive,+1-847-833-3627,,hayesperformance.com
HAYES PERFORMANCE SYSTEMS,https://linkedin.com/company/hayesperformancesystems,Wisconsin,"501-1,000",Motor Vehicle Manufacturing,,70M,https://hayesperformance.com/
HBD INDUSTRIES,,,"1,001-5,000",Mechanical Or Industrial Engineering,,137.5M,http://www.hbdindustries.com
HBD INDUSTRIES,https://www.linkedin.com/company/116196,Ohio,"1,001-5,000",Mechanical Or Industrial Engineering,,137.5M,http://www.hbdindustries.com
HDT,,,"501-1,000",Defense & Space,,210M,http://www.hdtglobal.com
HDT,https://www.linkedin.com/company/530536,,five,Defense & Space,,,http://www.hdtglobal.com
HDT,https://www.linkedin.com/company/530536,Ohio,"501-1,000",Defense & Space,,210M,http://www.hdtglobal.com
HEALTH UNION,,,201-500,Wellness and Fitness Services,,,http://www.health-union.com/
HEALTH UNION,https://www.linkedin.com/company/health-union/,,201-500,Wellness and Fitness Services,,,http://www.health-union.com/
HEALTHCARE ADVISORS GROUP,,,2-10,Insurance,,,https://healthcareadvisorsgroup.com//
HEALTHCARE ADVISORS GROUP,https://www.linkedin.com/company/healthcare-advisors-group/,,2-10,Insurance,,,https://healthcareadvisorsgroup.com//
HEARTH & HOME TECHNOLOGIES,,Minnesota,890,Manufacturing,,40000000,hearthnhome.com
HEARTH & HOME TECHNOLOGIES,,Minnesota,890,Manufacturing,,,hearthnhome.com
HEARTHSIDE FOOD SOLUTIONS,,,seven,,,,
HEARTHSIDE FOOD SOLUTIONS,,,"10,001+",Food and Beverage Manufacturing,,,https://www.hearthsidefoods.com/
HEARTLAND RV,,Indiana,540,Automotive,,200000000,heartlandrvs.com
HEARTLAND RV,,Indiana,540,Automotive,+12255674424,,heartlandrvs.com
"HED, INC.",,,51-200,"Appliances, Electrical, and Electronics Manufacturing",,33.6M,http://www.HEDcontrols.com
"HED, INC.",https://linkedin.com/company/hed,Wisconsin,51-200,"Appliances, Electrical, and Electronics Manufacturing",,33.6M,http://www.HEDcontrols.com
HEDSTROM PLASTICS,,,51-200,Manufacturing,,52.4M,http://www.hedstromplastics.com
HEDSTROM PLASTICS,https://www.linkedin.com/company/2514213,Ohio,51-200,Manufacturing,,52.4M,http://www.hedstromplastics.com
HEIDELBERG DISTRIBUTING,,,"1,001-5,000",Food & Beverages,,300M,http://www.heidelbergdistributing.com
HEIDELBERG DISTRIBUTING,https://www.linkedin.com/company/68472,,eight,Food & Beverages,,,http://www.heidelbergdistributing.com
HEIDELBERG DISTRIBUTING,https://www.linkedin.com/company/68472,Ohio,"1,001-5,000",Food & Beverages,,300M,http://www.heidelbergdistributing.com
HEINEN'S GROCERY STORE,,,1200,Retail,,450000000,http://www.heinens.com
HEINEN'S GROCERY STORE,,Ohio,1200,Retail,,450000000,http://www.heinens.com
HEISER AUTOMOTIVE GROUP,,,201-500,Motor Vehicle Manufacturing,,61.7M,http://www.heiser.com
HEISER AUTOMOTIVE GROUP,https://linkedin.com/company/heiser-automotive-group,,three,Motor Vehicle Manufacturing,,,http://www.heiser.com
HEISER AUTOMOTIVE GROUP,https://linkedin.com/company/heiser-automotive-group,Wisconsin,201-500,Motor Vehicle Manufacturing,,61.7M,http://www.heiser.com
HELMER SCIENTIFIC,,Indiana,230,medical devices,,50000000,helmerinc.com
HELMER SCIENTIFIC,,Indiana,230,medical devices,+1-317-201-6028,,helmerinc.com
HELMER SCIENTIFIC,,Indiana,230,medical devices,"+1-317-219-3932,+1-469-233-3392",,helmerinc.com
HELMER SCIENTIFIC,,Indiana,230,medical devices,+1-317-372-5594,,helmerinc.com
HELMER SCIENTIFIC,,Indiana,230,medical devices,"+1-317-752-7942,+1-317-823-9094,+1-317-219-3924",,helmerinc.com
HELMER SCIENTIFIC,,Indiana,230,medical devices,+1-786-554-6891,,helmerinc.com
HELWIG CARBON PRODUCTS,,,201-500,"Appliances, Electrical, and Electronics Manufacturing",,45.2M,http://www.helwigcarbon.com
HELWIG CARBON PRODUCTS,https://linkedin.com/company/helwig-carbon-products,Wisconsin,201-500,"Appliances, Electrical, and Electronics Manufacturing",,45.2M,http://www.helwigcarbon.com
HEMLOCK SEMICONDUCTOR,,,"1,001-5,000",Chemical Manufacturing,,407M,http://www.hscpoly.com
HEMLOCK SEMICONDUCTOR,https://linkedin.com/company/hemlock-semiconductor,Michigan,"1,001-5,000",Chemical Manufacturing,,407M,http://www.hscpoly.com
HENNEPIN COUNTY,,,nine,,,,
HENNEPIN COUNTY,,,"5,001-10,000",Government Administration,,,http://www.hennepin.us/
HENNEPIN COUNTY,https://www.linkedin.com/company/hennepin-county/,,"5,001-10,000",Government Administration,,,http://www.hennepin.us/
HENTZEN COATINGS,,,201-500,Chemical Manufacturing,,37.6M,http://www.hentzen.com
HENTZEN COATINGS,https://linkedin.com/company/hentzen-coatings,Wisconsin,201-500,Chemical Manufacturing,,37.6M,http://www.hentzen.com
"HEPACO, LLC",,,460,Environmental Services,,,https://hepaco.com/
"HEPACO, LLC",https://www.linkedin.com/company/hepaco-inc./,,460,Environmental Services,,,https://hepaco.com/
HFI,,,"1,001-5,000",Motor Vehicle Manufacturing,,$468.1M,https://www.hfi-inc.com
HFI,https://linkedin.com/company/hfi-inc,Ohio,"1,001-5,000",Motor Vehicle Manufacturing,,$468.1M,https://www.hfi-inc.com
HGC INDUSTRIES,,Indiana,69,Manufacturing,,33000000,hgcindustries.com
HGC INDUSTRIES,,Indiana,69,Manufacturing,,,hgcindustries.com
"HIGHER EDUCATION DEPARTMENT, PUNJAB",,,"10,001+",Education Administration Programs,,,http://hed.punjab.gov.pk/
"HIGHER EDUCATION DEPARTMENT, PUNJAB",https://www.linkedin.com/company/higher-education-department-punjab/,,"10,001+",Education Administration Programs,,,http://hed.punjab.gov.pk/
HILLSDALE FURNITURE,,,120,Furniture and Home Furnishings Manufacturing,,75000000,hillsdalefurniture.com
HILLSDALE FURNITURE,,Kentucky,120,Furniture and Home Furnishings Manufacturing,,75000000,hillsdalefurniture.com
HINO MOTORS MANUFACTURING USA,,Michigan,910,Automotive,,86600000,hmmusa.com
HINO MOTORS MANUFACTURING USA,,Michigan,910,Automotive,+12484429077,,hmmusa.com
HIROTEC AMERICA,,,201-500,Automotive,,35.4M,http://www.hirotecamerica.com
HIROTEC AMERICA,https://linkedin.com/company/hirotec-america-inc-,Michigan,201-500,Automotive,,35.4M,http://www.hirotecamerica.com
HI-TECH MOLD & ENGINEERING,,,201-500,Automotive,,30.4M,http://www.hitechmold.com
HI-TECH MOLD & ENGINEERING,https://linkedin.com/company/hi-tech-mold-&-engineering-inc-,Michigan,201-500,Automotive,,30.4M,http://www.hitechmold.com
HOBART BROTHERS,,,"501-1,000",Industrial Machinery Manufacturing,,33.7M,http://www.hobartbrothers.com
HOBART BROTHERS,https://linkedin.com/company/hobartfillermetals,Ohio,"501-1,000",Industrial Machinery Manufacturing,,33.7M,http://www.hobartbrothers.com
HOHMAN PLATING,,,51-200,Aviation and Aerospace Component Manufacturing,,128.7M,http://www.hohmanplating.com
HOHMAN PLATING,https://linkedin.com/company/hohman-plating-&-mfg--inc-,Ohio,51-200,Aviation and Aerospace Component Manufacturing,,128.7M,http://www.hohmanplating.com
HOLLYWOOD FEED,,,440,Retail,,26000000,http://www.hollywoodfeed.com
HOLLYWOOD FEED,,Tennessee,440,Retail,,26000000,http://www.hollywoodfeed.com
HOME APPLIANCE SALES & SERVICE,,,99,Retail,,87930000,http://www.yourhomeappliance.com
HOME APPLIANCE SALES & SERVICE,,Ohio,99,Retail,,87930000,http://www.yourhomeappliance.com
HOME CITY ICE,,,"1,001-5,000",Manufacturing,,55M,http://www.homecityice.com
HOME CITY ICE,https://linkedin.com/company/home-city-ice,Ohio,"1,001-5,000",Manufacturing,,55M,http://www.homecityice.com
HOMEDICS,,,201-500,Manufacturing,,436.2M,http://www.homedics.com/
HOMEDICS,https://www.linkedin.com/company/44402,Michigan,201-500,Manufacturing,,436.2M,http://www.homedics.com/
HOMETOWN PHARMACY,,,"501-1,000",Pharmaceutical Manufacturing,,98.5M,http://www.hometownpharmacyrx.com/
HOMETOWN PHARMACY,https://linkedin.com/company/hometown-pharmacy-,,eight,Pharmaceutical Manufacturing,,,http://www.hometownpharmacyrx.com/
HOMETOWN PHARMACY,https://linkedin.com/company/hometown-pharmacy-,Wisconsin,"501-1,000",Pharmaceutical Manufacturing,,98.5M,http://www.hometownpharmacyrx.com/
HOOD INDUSTRIES,,,"1,001-5,000",Paper and Forest Product Manufacturing,,,https://www.hoodindustries.com/
HOOD INDUSTRIES,https://www.linkedin.com/company/hood-industries-inc/,,"1,001-5,000",Paper and Forest Product Manufacturing,,,https://www.hoodindustries.com/
HOOKER FURNISHINGS CORPORATION,,,260,Furniture,,,https://www.hookerfurnishings.com/
HOOKER FURNISHINGS CORPORATION,https://www.linkedin.com/company/hooker-furnishings-corporation/,,260,Furniture,,,https://www.hookerfurnishings.com/
HORIZONS,,,51-200,Defense & Space,,189.3M,http://horizons-inc.com/
HORIZONS,https://www.linkedin.com/company/231928,Ohio,51-200,Defense & Space,,189.3M,http://horizons-inc.com/
HORSBURGH & SCOTT,,,51-200,Machinery Manufacturing,,38.5M,http://www.horsburgh-scott.com
HORSBURGH & SCOTT,https://linkedin.com/company/the-horsburgh-&-scott-co-,Ohio,51-200,Machinery Manufacturing,,38.5M,http://www.horsburgh-scott.com
HOSE MASTER,,,201-500,Industrial Machinery Manufacturing,,135.8M,https://www.hosemaster.com
HOSE MASTER,https://linkedin.com/company/hose-master-llc,Ohio,201-500,Industrial Machinery Manufacturing,,135.8M,https://www.hosemaster.com
HOSPITALITY JOBS,,,64,Hospitality,,,http://www.jobsify.org/
HOSPITALITY JOBS,https://www.linkedin.com/company/chef-jobs/,,64,Hospitality,,,http://www.jobsify.org/
HOUSE OF CURRENT,,,2/10/2023,Advertising Services,,,https://www.houseofcurrent.com/
HOUSE OF CURRENT,https://www.linkedin.com/in/lisamaloof/,,2/10/2023,Advertising Services,,,https://www.houseofcurrent.com/
HOUSE OF FLAVORS,,,201-500,Food and Beverage Manufacturing,,31397000,http://www.houseofflavors.com
HOUSE OF FLAVORS,https://www.linkedin.com/company/4009850,,one,Food and Beverage Manufacturing,,,http://www.houseofflavors.com
HOUSE OF FLAVORS,https://www.linkedin.com/company/4009850,Michigan,201-500,Food and Beverage Manufacturing,,31397000,http://www.houseofflavors.com
HOVERTECH INTERNATIONAL,,Pennsylvania,66,medical devices,,100000000,hovermatt.com
HOVERTECH INTERNATIONAL,,Pennsylvania,66,medical devices,+1-513-477-0740,,hovermatt.com
HOVERTECH INTERNATIONAL,,Pennsylvania,66,medical devices,+18004712776,,hovermatt.com
HOWARD MILLERÂ® & HEKMANÂ® FURNISHINGS,,,94,Furniture and Home Furnishings Manufacturing,,75000000,howardmiller.com
HOWARD MILLERÂ® & HEKMANÂ® FURNISHINGS,,Michigan,94,Furniture and Home Furnishings Manufacturing,,75000000,howardmiller.com
HOWARD TERNES PACKAGING CO,,Michigan,130,Packaging & Containers,,$25.0M,ternespkg.com
HOWARD TERNES PACKAGING CO,,Michigan,130,Packaging & Containers,+13135315867,,ternespkg.com
"HR PHARMACEUTICALS, INC",,Pennsylvania,110,medical devices,,25000000,hrpharma.com
"HR PHARMACEUTICALS, INC",,Pennsylvania,110,medical devices,+1-484-753-4191,,hrpharma.com
"HR PHARMACEUTICALS, INC",,Pennsylvania,110,medical devices,+1-717-577-5653,,hrpharma.com
"HR PHARMACEUTICALS, INC",,Pennsylvania,110,medical devices,+1-717-951-4490,,hrpharma.com
"HR PHARMACEUTICALS, INC",,Pennsylvania,110,medical devices,+18773021110,,hrpharma.com
HRI,,Pennsylvania,230,Construction,,445600000,hriinc.com
HRI,,Pennsylvania,230,Construction,+18142385071,,hriinc.com
HRI,,Pennsylvania,230,Construction,+1-937-532-8249,,hriinc.com
HRST,,Minnesota,67,Mechanical Or Industrial Engineering,,33500000,hrstinc.com
HRST,,Minnesota,67,Mechanical Or Industrial Engineering,+1-443-852-2051,,hrstinc.com
HRST,,Minnesota,67,Mechanical Or Industrial Engineering,+1-612-396-0742,,hrstinc.com
HRST,,Minnesota,67,Mechanical Or Industrial Engineering,+1-952-833-1427,,hrstinc.com
HUGHES-PETERS,,,88,electrical/electronic manufacturing,,40396000,http://www.hughespeters.com
HUGHES-PETERS,,Ohio,88,electrical/electronic manufacturing,,40396000,http://www.hughespeters.com
HUI MANUFACTURING,,Wisconsin,230,machinery,,43000000,huimfg.com
HUI MANUFACTURING,,Wisconsin,230,machinery,+1 (800) 877-8913,,huimfg.com
HUMANETICS,,,"501-1,000",Motor Vehicle Manufacturing,,30M,https://www.humaneticsgroup.com
HUMANETICS,https://linkedin.com/company/humaneticsgroup,Michigan,"501-1,000",Motor Vehicle Manufacturing,,30M,https://www.humaneticsgroup.com
HUMPHREY PRODUCTS,,,201-500,"Appliances, Electrical, and Electronics Manufacturing",,57.2M,http://www.humphrey-products.com
HUMPHREY PRODUCTS,https://linkedin.com/company/humphrey-products,Michigan,201-500,"Appliances, Electrical, and Electronics Manufacturing",,57.2M,http://www.humphrey-products.com
"HURCO COMPANIES, INC.",,Indiana,250,Machinery Manufacturing,,250810000,hurco.com
"HURCO COMPANIES, INC.",,Indiana,250,Machinery Manufacturing,,,hurco.com
HUSCO,,,"1,001-5,000",Industrial Machinery Manufacturing,,451M,http://www.husco.com
HUSCO,https://linkedin.com/company/husco,,five,Industrial Machinery Manufacturing,,,http://www.husco.com
HUSCO,https://linkedin.com/company/husco,Wisconsin,"1,001-5,000",Industrial Machinery Manufacturing,,451M,http://www.husco.com
HUTCHINSON TECHNOLOGY INC.,,Minnesota,920,"Appliances, Electrical, and Electronics Manufacturing",,234649000,htch.com
HUTCHINSON TECHNOLOGY INC.,,Minnesota,920,"Appliances, Electrical, and Electronics Manufacturing",,,htch.com
HVAC DISTRIBUTORS,,,51-200,Wholesale,,48M,http://www.hvacdist.com
HVAC DISTRIBUTORS,https://www.linkedin.com/company/hvac-distributors-inc,Pennsylvania,51-200,Wholesale,,48M,http://www.hvacdist.com
HYDRAFORCE,,,"1,001-5,000",Industrial Machinery Manufacturing,,220.0M,http://www.hydraforce.com
HYDRAFORCE,https://linkedin.com/company/hydraforce-inc-,,four,Industrial Machinery Manufacturing,,,http://www.hydraforce.com
HYDRAFORCE,https://linkedin.com/company/hydraforce-inc-,Illinois,"1,001-5,000",Industrial Machinery Manufacturing,,220.0M,http://www.hydraforce.com
HY-KO PRODUCTS,,,51-200,Manufacturing,,35M,https://www.hy-ko.com/
HY-KO PRODUCTS,https://www.linkedin.com/company/406137,Minnesota,51-200,Manufacturing,,35M,https://www.hy-ko.com/
HYPERION MATERIALS & TECHNOLOGIES,,,"1,001-5,000",Industrial Machinery Manufacturing,,389.4M,http://www.HyperionMT.com
HYPERION MATERIALS & TECHNOLOGIES,https://linkedin.com/company/hyperion-materials-and-technologies,,four,Industrial Machinery Manufacturing,,,http://www.HyperionMT.com
HYPERION MATERIALS & TECHNOLOGIES,https://linkedin.com/company/hyperion-materials-and-technologies,Ohio,"1,001-5,000",Industrial Machinery Manufacturing,,389.4M,http://www.HyperionMT.com
HYPRO INC.,,Wisconsin,230,machinery,,75000000,hypro.com
HYPRO INC.,,Wisconsin,230,machinery,+1 (262) 534-5141,,hypro.com
HY-TEK INTRALOGISTICS,,,240,Transportation/Trucking/Railroad,,,https://hy-tek.com/
HY-TEK INTRALOGISTICS,https://www.linkedin.com/company/hy-tek-intralogistics/,,240,Transportation/Trucking/Railroad,,,https://hy-tek.com/
IBCC INDUSTRIES,,,"501-1,000",Industrial Machinery Manufacturing,,76.2M,http://www.ibccind.com/
IBCC INDUSTRIES,https://linkedin.com/company/ibcc-industries-inc.,Wisconsin,"501-1,000",Industrial Machinery Manufacturing,,76.2M,http://www.ibccind.com/
"IBCC INDUSTRIES, INC.",,,"501-1,000",Industrial Machinery Manufacturing,,76.2M,http://www.ibccind.com/
"IBCC INDUSTRIES, INC.",https://linkedin.com/company/ibcc-industries-inc.,Wisconsin,"501-1,000",Industrial Machinery Manufacturing,,76.2M,http://www.ibccind.com/
ICE HOUSE AMERICA,,,52,Retail,,30200000,http://www.icehouseamerica.com
ICE HOUSE AMERICA,,Florida,52,Retail,,30200000,http://www.icehouseamerica.com
ICE INDUSTRIES,,,"501-1,000",Manufacturing,,130.9M,http://www.iceindustries.com
ICE INDUSTRIES,https://linkedin.com/company/ice-industries,Ohio,"501-1,000",Manufacturing,,130.9M,http://www.iceindustries.com
ID IMAGES,,,201-500,Printing Services,,41.8M,http://www.idimages.com
ID IMAGES,https://www.linkedin.com/company/615953,Ohio,201-500,Printing Services,,41.8M,http://www.idimages.com
IDEACOM OF THE GULF COAST,,,11-50,IT Services and IT Consulting,,,http://www.idgc.us/
IDEACOM OF THE GULF COAST,https://www.linkedin.com/company/idgc/,,11-50,IT Services and IT Consulting,,,http://www.idgc.us/
IDEAL AEROSMITH INC.,,North Dakota,91,electrical/electronic manufacturing,,$25.0M,ideal-aerosmith.com
IDEAL AEROSMITH INC.,,North Dakota,91,electrical/electronic manufacturing,+12187799620,,ideal-aerosmith.com
IDEAL AEROSMITH INC.,,North Dakota,91,electrical/electronic manufacturing,+16235879876,,ideal-aerosmith.com
IDEAL ELECTRIC COMPANY,,,100,electrical/electronic manufacturing,,75000000,http://www.theidealelectric.com
IDEAL ELECTRIC COMPANY,,Ohio,100,electrical/electronic manufacturing,,75000000,http://www.theidealelectric.com
IDESIGN,,,201-500,Manufacturing,,215M,https://www.idesignlivesimply.com/
IDESIGN,https://www.linkedin.com/company/592841,Ohio,201-500,Manufacturing,,215M,https://www.idesignlivesimply.com/
IDI COMPOSITES INTERNATIONAL,,Indiana,160,plastics,,328700000,idicomposites.com
IDI COMPOSITES INTERNATIONAL,,Indiana,6/8/1900,plastics,,,idicomposites.com
IDI DISTRIBUTORS,,,201-500,Wholesale Building Materials,,88.5M,https://www.idi-insulation.com
IDI DISTRIBUTORS,https://linkedin.com/company/idi-distributors,Minnesota,201-500,Wholesale Building Materials,,88.5M,https://www.idi-insulation.com
IDX CORPORATION,,Michigan,540,Mechanical Or Industrial Engineering,,365000000,idxcorporation.com
IDX CORPORATION,,Michigan,540,Mechanical Or Industrial Engineering,+13147395803,,idxcorporation.com
IGPS LOGISTICS,,,140,logistics & supply chain,,100000000,http://www.igps.net
IGPS LOGISTICS,,Florida,140,logistics & supply chain,,100000000,http://www.igps.net
"I-HEALTH, INC., A DIVISION OF DSM",,,eight,,,,
"I-HEALTH, INC., A DIVISION OF DSM",,,51-200,Manufacturing,,,http://dsmihealth.com/
"I-HEALTH, INC., A DIVISION OF DSM",https://www.linkedin.com/company/i-health-inc./,,51-200,Manufacturing,,,http://dsmihealth.com/
IKIO LED LIGHTING,,Indiana,120,electrical/electronic manufacturing,,27900000,ikioledlighting.com
IKIO LED LIGHTING,,Indiana,120,electrical/electronic manufacturing,+18445334546,,ikioledlighting.com
ILLING PACKAGING,,,51-200,Packaging and Containers Manufacturing,,46.4M,https://www.illingcompany.com/
ILLING PACKAGING,https://linkedin.com/company/illing-packaging,,three,Packaging and Containers Manufacturing,,,https://www.illingcompany.com/
ILLING PACKAGING,https://linkedin.com/company/illing-packaging,Wisconsin,51-200,Packaging and Containers Manufacturing,,46.4M,https://www.illingcompany.com/
"ILPEA INDUSTRIES, INC.",,Indiana,260,Plastics Manufacturing,,40084000,ilpeaindustries.com
"ILPEA INDUSTRIES, INC.",,Indiana,260,Plastics Manufacturing,,,ilpeaindustries.com
ILSCO,,,260,electrical/electronic manufacturing,,250000000,http://www.ilsco.com
ILSCO,,,"501-1,000","Appliances, Electrical, and Electronics Manufacturing",,250M,http://www.ilsco.com
ILSCO,,Ohio,260,electrical/electronic manufacturing,,250000000,http://www.ilsco.com
ILSCO,https://linkedin.com/company/ilsco-corporation,Ohio,"501-1,000","Appliances, Electrical, and Electronics Manufacturing",,250M,http://www.ilsco.com
IMAGE GENERATION,,,0-1,Media Production,,,http://www.image-generation.com/
IMAGE GENERATION,https://www.linkedin.com/company/image-generation/,,0-1,Media Production,,,http://www.image-generation.com/
IMI PBM,,Pennsylvania,150,Mechanical Or Industrial Engineering,,356000000,pbmvalve.com
IMI PBM,,Pennsylvania,150,Mechanical Or Industrial Engineering,+1-724-454-6981,,pbmvalve.com
IMMI,,Indiana,750,Automotive,,533000000,imminet.com
IMMI,,Indiana,750,Automotive,+13178969531,,imminet.com
IMPERIAL BEVERAGE,,,201-500,Wine & Spirits,,33673000,http://imperialbeverage.com/
IMPERIAL BEVERAGE,https://www.linkedin.com/company/1910832,Michigan,201-500,Wine & Spirits,,33673000,http://imperialbeverage.com/
IMPERIAL CLINICAL RESEARCH SERVICES,,Michigan,90,Pharmaceutical Manufacturing,,55000000,imperialcrs.com
IMPERIAL CLINICAL RESEARCH SERVICES,,Michigan,90,Pharmaceutical Manufacturing,,,imperialcrs.com
INCERTEC,,Minnesota,77,machinery,,$25.0M,incertec.com
INCERTEC,,Minnesota,77,machinery,+1-763-568-0301,,incertec.com
INCERTEC,,Minnesota,77,machinery,+1-865-216-5822,,incertec.com
INDELCO PLASTICS CORPORATION,,Minnesota,79,plastics,,$47.0M,indelco.com
INDELCO PLASTICS CORPORATION,,Minnesota,79,plastics,+1 (952) 925-5075,,indelco.com
INDEPENDENT PHARMACY COOPERATIVE,,,51-200,Pharmaceutical Manufacturing,,30.8M,http://www.ipcrx.com
INDEPENDENT PHARMACY COOPERATIVE,https://linkedin.com/company/ipcrx,,five,Pharmaceutical Manufacturing,,,http://www.ipcrx.com
INDEPENDENT PHARMACY COOPERATIVE,https://linkedin.com/company/ipcrx,Wisconsin,51-200,Pharmaceutical Manufacturing,,30.8M,http://www.ipcrx.com
INDEPENDENT PHARMACY COOPERATIVE (IPC),,,51-200,Pharmaceutical Manufacturing,,30.8M,http://www.ipcrx.com
INDEPENDENT PHARMACY COOPERATIVE (IPC),https://linkedin.com/company/ipcrx,,three,Pharmaceutical Manufacturing,,,http://www.ipcrx.com
INDEPENDENT PHARMACY COOPERATIVE (IPC),https://linkedin.com/company/ipcrx,Wisconsin,51-200,Pharmaceutical Manufacturing,,30.8M,http://www.ipcrx.com
INDIANA CARTON COMPANY,,Indiana,52,Packaging & Containers,,$33.4M,indianacarton.com
INDIANA CARTON COMPANY,,Indiana,52,Packaging & Containers,+1 (574) 546-3848,,indianacarton.com
INDIANA CARTON COMPANY,,Indiana,52,Packaging & Containers,+1-517-202-9775,,indianacarton.com
INDIANA TUBE CORPORATION,,Indiana,59,mining & metals,,31300000,indianatube.com
INDIANA TUBE CORPORATION,,Indiana,59,mining & metals,+18124249028,,indianatube.com
"INDUSTRIAL MAGNETICS, INC.",,Michigan,66,machinery,,29100000,magnetics.com
"INDUSTRIAL MAGNETICS, INC.",,Michigan,66,machinery,+18006624638,,magnetics.com
INDUSTRIAL SCIENTIFIC,,,680,electrical/electronic manufacturing,,182000000,http://www.indsci.com
INDUSTRIAL SCIENTIFIC,,Pennsylvania,680,electrical/electronic manufacturing,,182000000,http://www.indsci.com
INFINITY MACHINE AND ENGINEERING,,Wisconsin,76,machinery,,51324000,infinitymec.com
INFINITY MACHINE AND ENGINEERING,,Wisconsin,76,machinery,+19209650222,,infinitymec.com
INFIRMARY HEALTH,,,"5,001-10,000",Hospitals and Health Care,,,http://www.infirmaryhealth.org/
INFIRMARY HEALTH,https://www.linkedin.com/company/infirmaryhealth/,,"5,001-10,000",Hospitals and Health Care,,,http://www.infirmaryhealth.org/
INFOSYS,,,"10,001+",IT Services and IT Consulting,,,https://www.infosys.com/
INFOSYS,https://www.linkedin.com/company/infosys/,,"10,001+",IT Services and IT Consulting,,,https://www.infosys.com/
INFUSYSTEM,,,201-500,Medical Equipment Manufacturing,,107.6M,http://www.infusystem.com
INFUSYSTEM,https://www.linkedin.com/company/infusystem-inc-,Michigan,201-500,Medical Equipment Manufacturing,,107.6M,http://www.infusystem.com
INLAND,,,201-500,Packaging and Containers Manufacturing,,31.2M,http://www.inlandpackaging.com
INLAND,https://linkedin.com/company/inland-we-power-great-packaging,,one,Packaging and Containers Manufacturing,,,http://www.inlandpackaging.com
INLAND,https://linkedin.com/company/inland-we-power-great-packaging,Wisconsin,201-500,Packaging and Containers Manufacturing,,31.2M,http://www.inlandpackaging.com
INNOTEC,,,201-500,Motor Vehicle Manufacturing,,69000000,http://www.innotecgroup.com
INNOTEC,https://www.linkedin.com/company/39099,Michigan,201-500,Motor Vehicle Manufacturing,,69000000,http://www.innotecgroup.com
INNOVATIVE SOLUTIONS & SUPPORT,,,110,Aviation & Aerospace,,29079000,innovative-ss.com
INNOVATIVE SOLUTIONS & SUPPORT,,Pennsylvania,110,Aviation & Aerospace,,29079000,innovative-ss.com
INNOVIZE,,Minnesota,140,medical devices,,37400000,innovize.com
INNOVIZE,,Minnesota,140,medical devices,"+1-612-747-1400,+1-813-340-0187",,innovize.com
INNOVIZE,,Minnesota,140,medical devices,+1-617-780-8936,,innovize.com
INOAC USA,,,"1,001-5,000",Plastics Manufacturing,,300M,http://www.inoacusa.com
INOAC USA,https://www.linkedin.com/company/inoac-usa-inc,Michigan,"1,001-5,000",Plastics Manufacturing,,300M,http://www.inoacusa.com
INOLEX,,,51-200,Personal Care Product Manufacturing,,500M,http://www.inolex.com
INOLEX,https://www.linkedin.com/company/1008255,,one,Personal Care Product Manufacturing,,,http://www.inolex.com
INOLEX,https://www.linkedin.com/company/1008255,Pennsylvania,51-200,Personal Care Product Manufacturing,,500M,http://www.inolex.com
"INOVISION, INC.",,Michigan,69,Automation Machinery Manufacturing,,27200000,inovision.com
"INOVISION, INC.",,Michigan,69,Automation Machinery Manufacturing,+12129693000,,inovision.com
INPRO,,,"501-1,000",Wholesale Building Materials,,146.1M,https://www.inprocorp.com
INPRO,https://linkedin.com/company/inpro-corporation,Wisconsin,"501-1,000",Wholesale Building Materials,,146.1M,https://www.inprocorp.com
INSOLVES,,,83,electrical/electronic manufacturing,,25000000,http://www.insolves.com
INSOLVES,,Ohio,83,electrical/electronic manufacturing,,25000000,http://www.insolves.com
INSPIRE MEDICAL SYSTEMS,,Minnesota,990,medical devices,,570190000,inspiresleep.com
INSPIRE MEDICAL SYSTEMS,,Minnesota,990,medical devices,+1-651-278-7067,,inspiresleep.com
INSPIRE MEDICAL SYSTEMS,,Minnesota,990,medical devices,+1-651-403-3963,,inspiresleep.com
INSPIRE MEDICAL SYSTEMS,,Minnesota,990,medical devices,"+1-763-205-7970,+1-651-274-1304",,inspiresleep.com
INSPIRE MEDICAL SYSTEMS,,Minnesota,990,medical devices,+1-763-242-9008,,inspiresleep.com
INSPIRE MEDICAL SYSTEMS,,Minnesota,990,medical devices,+17639575037,,inspiresleep.com
INSPIRING HYPNOSIS,,,1,"health, wellness & fitness",,,https://inspiringhypnosis.com/
INSPIRING HYPNOSIS,https://www.linkedin.com/company/inspiringhypnosis/,,1,"health, wellness & fitness",,,https://inspiringhypnosis.com/
INTEGRATED PACKAGING MACHINERY,,,51-200,Automation Machinery Manufacturing,,43.2M,http://www.callipm.com
INTEGRATED PACKAGING MACHINERY,https://linkedin.com/company/integrated-packaging-machinery,Michigan,51-200,Automation Machinery Manufacturing,,43.2M,http://www.callipm.com
INTEGRITY EXPRESS LOGISTICS,https://www.linkedin.com/company/1394616,,seven,Logistics and Supply Chain,,,intxlog.com
INTEGRITY EXPRESS LOGISTICS,https://www.linkedin.com/company/1394616,,201,Logistics and Supply Chain,,50000000,ielfreight.com
INTEGRITY EXPRESS LOGISTICS,https://www.linkedin.com/company/1394616,Ohio,201,Logistics and Supply Chain,,50000000,intxlog.com
INTERCOMP COMPANY,,,66,"Appliances, Electrical, and Electronics Manufacturing",,25700000,intercompcompany.com
INTERCOMP COMPANY,,Minnesota,66,"Appliances, Electrical, and Electronics Manufacturing",,25700000,intercompcompany.com
INTEREUM,,,180,Furniture and Home Furnishings Manufacturing,,61700000,intereum.com
INTEREUM,,Minnesota,180,Furniture and Home Furnishings Manufacturing,,61700000,intereum.com
INTERIOR EXTERIOR BUILDING SUPPLY,,,51-200,Building Materials,,,http://www.interiorexterior.net/
INTERIOR EXTERIOR BUILDING SUPPLY,https://www.linkedin.com/company/interior-exterior-building-supply/,,51-200,Building Materials,,,http://www.interiorexterior.net/
INTERKAL,,Michigan,62,Construction,,27800000,interkal.com
INTERKAL,,Michigan,62,Construction,,,interkal.com
INTERKAL,,Michigan,62,Construction,+12693491521,,interkal.com
INTERMATIC,,,"501-1,000","Appliances, Electrical, and Electronics Manufacturing",,300M,http://www.Intermatic.com
INTERMATIC,https://linkedin.com/company/intermatic,Illinois,"501-1,000","Appliances, Electrical, and Electronics Manufacturing",,300M,http://www.Intermatic.com
INTERNATIONAL AUTOS GROUP,,,201-500,Motor Vehicle Manufacturing,,40M,http://www.iaautogroup.com
INTERNATIONAL AUTOS GROUP,https://linkedin.com/company/international-autos-group,,three,Motor Vehicle Manufacturing,,,http://www.iaautogroup.com
INTERNATIONAL AUTOS GROUP,https://linkedin.com/company/international-autos-group,Wisconsin,201-500,Motor Vehicle Manufacturing,,40M,http://www.iaautogroup.com
INTERNATIONAL DIAMOND CENTER,,,100,Retail,,36056000,http://www.shopidc.com
INTERNATIONAL DIAMOND CENTER,,Florida,100,Retail,,36056000,http://www.shopidc.com
INTERNATIONAL THERMAL SYSTEMS,,,51-200,Machinery Manufacturing,,43.5M,http://www.internationalthermalsystems.com
INTERNATIONAL THERMAL SYSTEMS,https://linkedin.com/company/international-thermal-systems-llc,,seven,Machinery Manufacturing,,,http://www.internationalthermalsystems.com
INTERNATIONAL THERMAL SYSTEMS,https://linkedin.com/company/international-thermal-systems-llc,Wisconsin,51-200,Machinery Manufacturing,,43.5M,http://www.internationalthermalsystems.com
INTERPLASTIC,,,201-500,Chemical Manufacturing,,30.4M,http://www.interplastic.com
INTERPLASTIC,https://linkedin.com/company/interplastic-corporation,Minnesota,201-500,Chemical Manufacturing,,30.4M,http://www.interplastic.com
INTERPLASTIC CORPORATION,,,340,Chemical Manufacturing,,150000000,interplastic.com
INTERPLASTIC CORPORATION,,Minnesota,340,Chemical Manufacturing,,150000000,interplastic.com
INTERVALA,,,201-500,"Appliances, Electrical, and Electronics Manufacturing",,59.3M,http://www.intervala.com
INTERVALA,https://www.linkedin.com/company/15228238,Pennsylvania,201-500,"Appliances, Electrical, and Electronics Manufacturing",,59.3M,http://www.intervala.com
INTRICON CORPORATION,,Minnesota,250,medical devices,,139990000,intricon.com
INTRICON CORPORATION,,Minnesota,250,medical devices,+16122143521,,intricon.com
INTRICON CORPORATION,,Minnesota,250,medical devices,+1-651-470-7219,,intricon.com
INTRICON CORPORATION,,Minnesota,250,medical devices,+16516369770,,intricon.com
INVATA INTRALOGISTICS,,,51-200,"Transportation, Logistics, Supply Chain and Storage",,,https://www.invata.com/
INVATA INTRALOGISTICS,https://www.linkedin.com/company/invata-intralogistics/,,51-200,"Transportation, Logistics, Supply Chain and Storage",,,https://www.invata.com/
INVOTEC,,,51-200,Automation Machinery Manufacturing,,42.2M,https://www.invotec.com
INVOTEC,https://linkedin.com/company/invotec-inc,Ohio,51-200,Automation Machinery Manufacturing,,42.2M,https://www.invotec.com
IRECRUIT CAFE,,,ten,,,,http://www.irecruitcafe.com/
IRECRUIT CAFE,,,seven,,,,http://www.irecruitcafe.com/
IRISO USA,,Michigan,58,electrical/electronic manufacturing,,324800000,irisoconnectors.com
IRISO USA,,Michigan,58,electrical/electronic manufacturing,,,irisoconnectors.com
IROQUOIS INDUSTRIES,,Michigan,180,Automotive,,249500000,iroquoisind.com
IROQUOIS INDUSTRIES,,Michigan,180,Automotive,,,iroquoisind.com
IROQUOIS INDUSTRIES,,Michigan,6/28/1900,Automotive,,,iroquoisind.com
IRWIN SEATING,,,201-500,Furniture and Home Furnishings Manufacturing,,155M,http://www.irwinseating.com
IRWIN SEATING,https://linkedin.com/company/irwin-seating-company,Michigan,201-500,Furniture and Home Furnishings Manufacturing,,155M,http://www.irwinseating.com
ITAMCO,,Indiana,89,mining & metals,,30800000,itamco.com
ITAMCO,,Indiana,89,mining & metals,+1-574-286-4388,,itamco.com
ITAMCO,,Indiana,89,mining & metals,+1-574-850-9277,,itamco.com
ITC INCORPORATED,,Michigan,170,electrical/electronic manufacturing,,$133M,itc-us.com
ITC INCORPORATED,,Michigan,170,electrical/electronic manufacturing,+18888718860,,itc-us.com
ITW EAE,,Minnesota,250,electrical/electronic manufacturing,,66700000,itweae.com
ITW EAE,,Minnesota,250,electrical/electronic manufacturing,+18477247500,,itweae.com
ITW FOOD EQUIPMENT GROUP,,,290,electrical/electronic manufacturing,,266600000,http://www.itwfoodequipment.com
ITW FOOD EQUIPMENT GROUP,,Ohio,290,electrical/electronic manufacturing,,266600000,http://www.itwfoodequipment.com
IVI INC.,,Wisconsin,59,machinery,,$28.9M,ivinc.com
IVI INC.,,Wisconsin,59,machinery,+1-920-358-4128,,ivinc.com
IVI INC.,,Wisconsin,59,machinery,+19207576001,,ivinc.com
IVISION,,,201-500,IT Services and IT Consulting,,,https://ivision.com/
IVISION,https://www.linkedin.com/company/ivision/,,201-500,IT Services and IT Consulting,,,https://ivision.com/
J.P. MORGAN,,,nine,,,,
J.P. MORGAN,,,"10,001+",Financial Services,,,http://www.jpmorgan.com/
J.P. MORGAN,https://www.linkedin.com/company/jpmorgan/,,"10,001+",Financial Services,,,http://www.jpmorgan.com/
J.W. SPEAKER CORPORATION,,,201-500,"Appliances, Electrical, and Electronics Manufacturing",,100.4M,http://www.jwspeaker.com/
J.W. SPEAKER CORPORATION,https://linkedin.com/company/jwspeaker,Wisconsin,201-500,"Appliances, Electrical, and Electronics Manufacturing",,100.4M,http://www.jwspeaker.com/
JAC PRODUCTS,,,"1,001-5,000",Motor Vehicle Manufacturing,,32.4M,http://www.jacproducts.com
JAC PRODUCTS,https://www.linkedin.com/company/jac-products,,ten,Motor Vehicle Manufacturing,,,http://www.jacproducts.com
JAC PRODUCTS,https://www.linkedin.com/company/jac-products,Michigan,"1,001-5,000",Motor Vehicle Manufacturing,,32.4M,http://www.jacproducts.com
JACK LINK'S PROTEIN SNACKS,,,"1,001-5,000",Manufacturing,,62.6M,http://www.jacklinks.com
JACK LINK'S PROTEIN SNACKS,https://linkedin.com/company/jack-link's-protein-snacks,Wisconsin,"1,001-5,000",Manufacturing,,62.6M,http://www.jacklinks.com
JAECKLE DISTRIBUTORS,,,51-200,Wholesale,,64M,http://www.jaeckledistributors.com
JAECKLE DISTRIBUTORS,https://linkedin.com/company/jaeckle-distributors,Wisconsin,51-200,Wholesale,,64M,http://www.jaeckledistributors.com
JAMES DESIGN INC,,,one,,,,https://jamesdesign.com/
JAMES DESIGN INC,,,six,,,,https://jamesdesign.com/
JARRETT,,,170,logistics & supply chain,,119400000,http://www.gojarrett.com
JARRETT,,Ohio,170,logistics & supply chain,,119400000,http://www.gojarrett.com
JARRETT,https://www.linkedin.com/company/jarrett-logistics-systems,Ohio,200,logistics & supply chain,,100000000,jarrettlogistics.com
JAYCO,,Indiana,890,Automotive,,507300000,jaycofamily.com
JAYCO,,Indiana,890,Automotive,+15748255861,,jaycofamily.com
JB,,,"501-1,000",Manufacturing,,,http://www.jbgroup.com/
JB,https://www.linkedin.com/company/j&b-group/,,"501-1,000",Manufacturing,,,http://www.jbgroup.com/
JBC TECHNOLOGIES,,,51-200,Manufacturing,,54.3M,http://www.jbc-tech.com
JBC TECHNOLOGIES,https://www.linkedin.com/company/2310482,Ohio,51-200,Manufacturing,,54.3M,http://www.jbc-tech.com
JBM PACKAGING,,,51-200,Packaging and Containers Manufacturing,,35.3M,http://www.jbmpackaging.com
JBM PACKAGING,https://www.linkedin.com/company/3176154,Ohio,51-200,Packaging and Containers Manufacturing,,35.3M,http://www.jbmpackaging.com
JEDCO,,,201-500,Aviation and Aerospace Component Manufacturing,,31.2M,http://jedinc.com
JEDCO,https://linkedin.com/company/jedco-inc-,,eight,Aviation and Aerospace Component Manufacturing,,,http://jedinc.com
JEDCO,https://linkedin.com/company/jedco-inc-,Michigan,201-500,Aviation and Aerospace Component Manufacturing,,31.2M,http://jedinc.com
JEFFERS,,,86,Retail,,29944000,http://www.jefferspet.com
JEFFERS,,Alabama,86,Retail,,29944000,http://www.jefferspet.com
JEFFERSON SOUTHERN CORPORATION,,,three,,,,
JEFFERSON SOUTHERN CORPORATION,,,201-500,Motor Vehicle Manufacturing,,,http://www.jsc-ga.com/
JEFFERSON SOUTHERN CORPORATION,https://www.linkedin.com/company/jefferson-southern-corporation/,,201-500,Motor Vehicle Manufacturing,,,http://www.jsc-ga.com/
JEGS PERFORMANCE,,,210,Retail,,100000000,http://www.jegs.com
JEGS PERFORMANCE,,Ohio,210,Retail,,100000000,http://www.jegs.com
JEM TECHNICAL,,Minnesota,79,machinery,,$25.0M,jemtechnical.com
JEM TECHNICAL,,Minnesota,79,machinery,+1 (952) 473-5012,,jemtechnical.com
JENI'S SPLENDID ICE CREAMS,,,"1,001-5,000",Food and Beverage Manufacturing,,95.7M,http://jenis.com
JENI'S SPLENDID ICE CREAMS,https://linkedin.com/company/jenisicecreams,Ohio,"1,001-5,000",Food and Beverage Manufacturing,,95.7M,http://jenis.com
JENNMAR,,Pennsylvania,4000,mining & metals,,$204M,jennmar.com
JENNMAR,,Pennsylvania,4000,mining & metals,+14129639071,,jennmar.com
JEROME'S FURNITURE,,,"501-1,000",Furniture and Home Furnishings Manufacturing,,,http://www.jeromes.com/
JEROME'S FURNITURE,https://www.linkedin.com/company/jerome's-furniture/,,"501-1,000",Furniture and Home Furnishings Manufacturing,,,http://www.jeromes.com/
JESSE JONES LLC,,,three,,,,
JESSE JONES LLC,,,2-10,Food & Beverages,,,https://www.jessejonesllc.com/
JESSE JONES LLC,https://www.linkedin.com/company/jesse-jones-llc/about/,,2-10,Food & Beverages,,,https://www.jessejonesllc.com/
JET EDGE INTERNATIONAL,,,201-500,Aviation and Aerospace Component Manufacturing,,100M,https://www.flyjetedge.com/
JET EDGE INTERNATIONAL,https://linkedin.com/company/jet-edge-international,,three,Aviation and Aerospace Component Manufacturing,,,https://www.flyjetedge.com/
JET EDGE INTERNATIONAL,https://linkedin.com/company/jet-edge-international,Ohio,201-500,Aviation and Aerospace Component Manufacturing,,100M,https://www.flyjetedge.com/
JEWELRY TELEVISION,,,910,Retail,,397924000,http://www.jtv.com
JEWELRY TELEVISION,,Tennessee,910,Retail,,397924000,http://www.jtv.com
JIFFY,,,201-500,Food and Beverage Manufacturing,,35M,http://www.jiffymix.com
JIFFY,https://linkedin.com/company/chelsea-milling-company,Michigan,201-500,Food and Beverage Manufacturing,,35M,http://www.jiffymix.com
JL AUDIO,,,330,electrical/electronic manufacturing,,131250000,http://www.jlaudio.com
JL AUDIO,,Florida,330,electrical/electronic manufacturing,,131250000,http://www.jlaudio.com
JOE KNOWS ENERGY,,,51-200,Utilities,,,https://joeknowsenergy.com/
JOE KNOWS ENERGY,https://www.linkedin.com/company/joe-knows-energy/,,51-200,Utilities,,,https://joeknowsenergy.com/
JOE THE FINANCE GUY,,,"501-1,000",Financial Services,,,https://joethefinanceguy.com/
JOE THE FINANCE GUY,https://www.linkedin.com/company/joethefinanceguy/,,"501-1,000",Financial Services,,,https://joethefinanceguy.com/
JOHN COCKERILL,https://www.linkedin.com/company/john-cockerill,,one,Industrial Machinery Manufacturing,,,johncockerill.com
JOHN COCKERILL,https://www.linkedin.com/company/john-cockerill,,378,Industrial Machinery Manufacturing,,63833993,cmi.be
JOHN COCKERILL,https://www.linkedin.com/company/john-cockerill,,378,Industrial Machinery Manufacturing,,63833993,cmigroupe.com
JOHN COCKERILL,https://www.linkedin.com/company/john-cockerill,,378,Industrial Machinery Manufacturing,,63833993,johncockerill.com
JOHN COCKERILL,https://www.linkedin.com/company/john-cockerill,Grand Est,378,Industrial Machinery Manufacturing,,63833993,johncockerill.com
JOHN DEERE,,,ten,,,,
JOHN DEERE,,,"10,001+",Machinery Manufacturing,,,https://www.deere.com/
JOHN DEERE,https://www.linkedin.com/company/john-deere/,,"10,001+",Machinery Manufacturing,,,https://www.deere.com/
JOHN GERLACH & COMPANY LLP,,,10,Accounting,,,http://www.johngerlach.com/
JOHN GERLACH & COMPANY LLP,https://www.linkedin.com/company/john-gerlach-&-company-llp/,,10,Accounting,,,http://www.johngerlach.com/
JOHNSON ELECTRIC,,,six,,,,
JOHNSON ELECTRIC,,,35000,electrical/electronic manufacturing,,,https://www.johnsonelectric.com/
JOHNSON ELECTRIC,https://www.linkedin.com/company/johnsonelectricgroup/,,35000,electrical/electronic manufacturing,,,https://www.johnsonelectric.com/
JOHNSON INVESTMENT COUNSEL,,,six,,,,
JOHNSON INVESTMENT COUNSEL,,,51-200,Investment Management,,,https://www.johnsoninv.com/
JOHNSON INVESTMENT COUNSEL,https://www.linkedin.com/company/johnson-investment-counsel/,,51-200,Investment Management,,,https://www.johnsoninv.com/
"JOHNSON, SLAUGHTER, DRIVER & NORTHCUTT, P.A.",,,24,Accounting,,,https://www.jsdncpa.com/
"JOHNSON, SLAUGHTER, DRIVER & NORTHCUTT, P.A.",https://www.linkedin.com/company/johnson-slaughter-driver-&-northcu-tt-p.a./,,24,Accounting,,,https://www.jsdncpa.com/
JOHNSON-LANCASTER AND ASSOCIATES,,,110,Retail,,27361000,http://www.johnson-lancaster.com
JOHNSON-LANCASTER AND ASSOCIATES,,Florida,110,Retail,,27361000,http://www.johnson-lancaster.com
JONES SIGN,,Wisconsin,370,Construction,,135800000,jonessign.com
JONES SIGN,,Wisconsin,370,Construction,+1-434-547-2557,,jonessign.com
JONES SIGN,,Wisconsin,370,Construction,+1-612-867-4999,,jonessign.com
JONES SIGN,,Wisconsin,370,Construction,+1-920-362-9168,,jonessign.com
JONES SIGN,,Wisconsin,370,Construction,+1-920-371-8811,,jonessign.com
JONES SIGN,,Wisconsin,370,Construction,+19209836700,,jonessign.com
JONTI-CRAFT,,,77,Furniture,,71000000,jonti-craft.com
JONTI-CRAFT,,Minnesota,77,Furniture,,71000000,jonti-craft.com
JOSH MCDOWELL MINISTRY,,,11-50,Religious Institutions,,,http://www.josh.org/
JOSH MCDOWELL MINISTRY,https://www.linkedin.com/company/josh-mcdowell-ministry/,,two,Religious Institutions,,,http://www.josh.org/
JOSH MCDOWELL MINISTRY,https://www.linkedin.com/company/josh-mcdowell-ministry/,,11-50,Religious Institutions,,,http://www.josh.org/
JOURNEY GROUP,,South Dakota,98,Construction,,150000000,journeyconstruction.com
JOURNEY GROUP,,South Dakota,98,Construction,+16052016669,,journeyconstruction.com
JOURNEY GROUP,,South Dakota,98,Construction,+1-605-310-5020,,journeyconstruction.com
JOURNEY GROUP,,South Dakota,98,Construction,+16053325968,,journeyconstruction.com
JOURNEY GROUP,,South Dakota,98,Construction,+1-605-545-0049,,journeyconstruction.com
JOURNEY GROUP,,South Dakota,98,Construction,+1-605-929-6617,,journeyconstruction.com
JOYCE DAYTON,,,51-200,Machinery Manufacturing,,44.4M,http://www.joycedayton.com
JOYCE DAYTON,https://www.linkedin.com/company/1248406,Ohio,51-200,Machinery Manufacturing,,44.4M,http://www.joycedayton.com
"JOYCE DILLON, INC.",,,1,"health, wellness & fitness",,,https://joycedillon.com/
"JOYCE DILLON, INC.",http://www.linkedin.com/company/joyce-dillon-inc,,1,"health, wellness & fitness",,,https://joycedillon.com/
JPMORGAN CHASE & CO.,,,six,,,,
JPMORGAN CHASE & CO.,,,"10,001+",Financial Services,,,http://www.jpmorganchase.com/
JPMORGAN CHASE & CO.,https://www.linkedin.com/company/jpmorganchase/,,"10,001+",Financial Services,,,http://www.jpmorganchase.com/
JR AUTOMATION,,,1700,Industrial Machinery Manufacturing,,600000000,jrautomation.com
JR AUTOMATION,,,51-200,Automation Machinery Manufacturing,,175.9M,https://www.jrautomation.com
JR AUTOMATION,,Michigan,1700,Industrial Machinery Manufacturing,,600000000,jrautomation.com
JR AUTOMATION,https://linkedin.com/company/esys-automation,Michigan,51-200,Automation Machinery Manufacturing,,175.9M,https://www.jrautomation.com
JTM FOOD,,,"501-1,000",Food and Beverage Manufacturing,,155.2M,http://www.jtmfoodgroup.com
JTM FOOD,https://linkedin.com/company/jtm-food-group,Ohio,"501-1,000",Food and Beverage Manufacturing,,155.2M,http://www.jtmfoodgroup.com
JUMPVINE,,,2-10,Staffing and Recruiting,,,https://jumpvine.net/
JUMPVINE,https://www.linkedin.com/company/jumpvine/,,2-10,Staffing and Recruiting,,,https://jumpvine.net/
JUNGLE JIM'S INTERNATIONAL MARKET,,,340,Retail,,34289000,http://www.junglejims.com
JUNGLE JIM'S INTERNATIONAL MARKET,,Ohio,340,Retail,,34289000,http://www.junglejims.com
JUST BORN,,,"501-1,000",Food and Beverage Manufacturing,,243M,http://www.justborn.com
JUST BORN,https://www.linkedin.com/company/just-born-inc.,Pennsylvania,"501-1,000",Food and Beverage Manufacturing,,243M,http://www.justborn.com
JUST GOT 2 HAVE IT !,,,67,Retail,,39886000,http://www.justgot2haveit.com
JUST GOT 2 HAVE IT !,,Georgia,67,Retail,,39886000,http://www.justgot2haveit.com
JWF INDUSTRIES,,Pennsylvania,170,machinery,,$108.2M,jwfi.com
JWF INDUSTRIES,,Pennsylvania,170,machinery,+1 (814) 539-6922,,jwfi.com
K&G FASHION SUPERSTORE,,,760,Retail,,318363000,http://www.kgstores.com
K&G FASHION SUPERSTORE,,Georgia,760,Retail,,318363000,http://www.kgstores.com
K. B. ACKERMAN,,,2/10/2023,,,,https://warehousingforum.com/
K. B. ACKERMAN,https://www.linkedin.com/company/k.-b.-ackerman-company/,,2/10/2023,,,,https://warehousingforum.com/
KADENCE,,,"501-1,000",Market Research,,,https://kadence.com/
KADENCE,https://www.linkedin.com/company/kadence/,,"501-1,000",Market Research,,,https://kadence.com/
KAHLER AUTOMATION,,Minnesota,59,machinery,,31782000,kahlerautomation.com
KAHLER AUTOMATION,,Minnesota,59,machinery,+15072356648,,kahlerautomation.com
KALMBACH FEEDS,,,"501-1,000",Animal Feed Manufacturing,,,https://www.kalmbachfeeds.com/
KALMBACH FEEDS,https://www.linkedin.com/company/kalmbach-feeds-inc-/,,"501-1,000",Animal Feed Manufacturing,,,https://www.kalmbachfeeds.com/
KANE INNOVATIONS,,Pennsylvania,53,mining & metals,,35000000,kaneinnovations.com
KANE INNOVATIONS,,Pennsylvania,53,mining & metals,+18007732439,,kaneinnovations.com
KAPCO,,,201-500,Plastics Manufacturing,,81.5M,http://www.kapco.com
KAPCO,https://www.linkedin.com/company/309820,Ohio,201-500,Plastics Manufacturing,,81.5M,http://www.kapco.com
KAPCO METAL STAMPING,,,201-500,Mechanical Or Industrial Engineering,,97.5M,http://www.kapcoinc.com/
KAPCO METAL STAMPING,https://linkedin.com/company/kapco-metal-stamping,,two,Mechanical Or Industrial Engineering,,,http://www.kapcoinc.com/
KAPCO METAL STAMPING,https://linkedin.com/company/kapco-metal-stamping,Wisconsin,201-500,Mechanical Or Industrial Engineering,,97.5M,http://www.kapcoinc.com/
KATUN,,,390,Retail,,75400000,http://www.katun.com
KATUN,,Minnesota,390,Retail,,75400000,http://www.katun.com
KAYSUN CORPORATION,,,201-500,Plastics Manufacturing,,33.2M,http://www.kaysun.com
KAYSUN CORPORATION,https://linkedin.com/company/kaysun-corporation,Wisconsin,201-500,Plastics Manufacturing,,33.2M,http://www.kaysun.com
KBK GROUP,,,eight,,,,http://kbkgroup.com/
KBK GROUP,,,five,,,,http://kbkgroup.com/
KC JONES PLATING,,,51-200,Motor Vehicle Manufacturing,,44215000,http://www.kcjplating.com
KC JONES PLATING,https://www.linkedin.com/company/566406,Michigan,51-200,Motor Vehicle Manufacturing,,44215000,http://www.kcjplating.com
KEH,,,220,Retail,,30000000,http://www.keh.com
KEH,,Georgia,220,Retail,,30000000,http://www.keh.com
KEITHLEY INSTRUMENTS,,,201-500,"Appliances, Electrical, and Electronics Manufacturing",,44.2M,http://www.keithley.com/
KEITHLEY INSTRUMENTS,https://www.linkedin.com/company/13826,Ohio,201-500,"Appliances, Electrical, and Electronics Manufacturing",,44.2M,http://www.keithley.com/
KELE,,,51-200,Automation Machinery Manufacturing,,,https://www.kele.com/
KELE,https://www.linkedin.com/company/kele-inc./,,51-200,Automation Machinery Manufacturing,,,https://www.kele.com/
KELPAC MEDICAL,,Minnesota,580,medical devices,,120000000,kelpacmedical.com
KELPAC MEDICAL,,Minnesota,580,medical devices,+1-773-454-7750,,kelpacmedical.com
KELPAC MEDICAL,,Minnesota,580,medical devices,+1-847-722-7840,,kelpacmedical.com
KENALL LIGHTING,,,201-500,"Appliances, Electrical, and Electronics Manufacturing",,35.7M,http://www.kenall.com
KENALL LIGHTING,https://linkedin.com/company/kenall-lighting,Wisconsin,201-500,"Appliances, Electrical, and Electronics Manufacturing",,35.7M,http://www.kenall.com
KENAN ADVANTAGE GROUP,https://www.linkedin.com/company/82488,,1119,Transportation/Trucking/Railroad,,250000000,
KENAN ADVANTAGE GROUP,https://www.linkedin.com/company/82488,shelby county,1119,Transportation/Trucking/Railroad,,250000000,thekag.com
KENDALL PACKAGING,,Wisconsin,73,Packaging & Containers,,$26M,kendallpkg.com
KENDALL PACKAGING,,Wisconsin,73,Packaging & Containers,,,kendallpkg.com
KENDALL PACKAGING,,Wisconsin,73,Packaging & Containers,+12624041200,,kendallpkg.com
KENDRICK PLASTICS,,Michigan,92,Automotive,,76100000,kendrickplastics.com
KENDRICK PLASTICS,,Michigan,92,Automotive,+12484471500,,kendrickplastics.com
KENDRICK PLASTICS,,Michigan,92,Automotive,+1-586-628-4553,,kendrickplastics.com
KENDRICK PLASTICS,,Michigan,92,Automotive,+16168133792,,kendrickplastics.com
KENDRICK PLASTICS,,Michigan,92,Automotive,+16169754001,,kendrickplastics.com
KENNEDY TANK AND MANUFACTURING,,Indiana,70,Mechanical Or Industrial Engineering,,26000000,kennedytank.com
KENNEDY TANK AND MANUFACTURING,,Indiana,70,Mechanical Or Industrial Engineering,+18004451344,,kennedytank.com
KENT DISPLAYS,,,73,electrical/electronic manufacturing,,28301000,http://www.kentdisplays.com
KENT DISPLAYS,,Ohio,73,electrical/electronic manufacturing,,28301000,http://www.kentdisplays.com
KENT QUALITY FOODS,,,51-200,Food and Beverage Manufacturing,,35M,http://www.kqf.com
KENT QUALITY FOODS,https://linkedin.com/company/kent-quality-foods,Michigan,51-200,Food and Beverage Manufacturing,,35M,http://www.kqf.com
KENWAL STEEL,,,201-500,Mining,,251.2M,http://www.kenwal.com
KENWAL STEEL,https://www.linkedin.com/company/kenwal-steel,Michigan,201-500,Mining,,251.2M,http://www.kenwal.com
KERNAN INSURANCE AGENCY,,,11-50,Insurance,,,https://www.kernaninsurance.com/
KERNAN INSURANCE AGENCY,https://www.linkedin.com/company/kernan-insurance/,,11-50,Insurance,,,https://www.kernaninsurance.com/
KEYSOURCE,,,51-200,Pharmaceutical Manufacturing,,,https://keysourceusa.com/
KEYSOURCE,https://www.linkedin.com/company/keysource-usa/,,51-200,Pharmaceutical Manufacturing,,,https://keysourceusa.com/
KEYSTONE POWDERED METAL,,,201-500,Motor Vehicle Manufacturing,,100M,http://keystonepm.com
KEYSTONE POWDERED METAL,https://www.linkedin.com/company/5103519,Pennsylvania,201-500,Motor Vehicle Manufacturing,,100M,http://keystonepm.com
KI,,,"1,001-5,000",Furniture and Home Furnishings Manufacturing,,209M,http://www.ki.com
KI,https://linkedin.com/company/ki,Wisconsin,"1,001-5,000",Furniture and Home Furnishings Manufacturing,,209M,http://www.ki.com
KI MOBILITY,,,201-500,Medical Equipment Manufacturing,,52.9M,http://www.kimobility.com
KI MOBILITY,,Wisconsin,170,medical devices,,25600000,kimobility.com
KI MOBILITY,,Wisconsin,170,medical devices,+1-608-397-2592,,kimobility.com
KI MOBILITY,,Wisconsin,170,medical devices,+17152540992,,kimobility.com
KI MOBILITY,,Wisconsin,170,medical devices,+1-715-340-4068,,kimobility.com
KI MOBILITY,,Wisconsin,170,medical devices,+1-715-340-7348,,kimobility.com
KI MOBILITY,,Wisconsin,170,medical devices,+1-715-630-7741,,kimobility.com
KI MOBILITY,https://linkedin.com/company/ki-mobility,Wisconsin,201-500,Medical Equipment Manufacturing,,52.9M,http://www.kimobility.com
KICHLER LIGHTING,,,201-500,Manufacturing,,450M,http://www.kichler.com
KICHLER LIGHTING,https://www.linkedin.com/company/22886,,one,Manufacturing,,,http://www.kichler.com
KICHLER LIGHTING,https://www.linkedin.com/company/22886,Ohio,201-500,Manufacturing,,450M,http://www.kichler.com
KILWINS CHOCOLATES FRANCHISE,,,51-200,Food and Beverage Manufacturing,,50000000,http://www.kilwins.com
KILWINS CHOCOLATES FRANCHISE,https://www.linkedin.com/company/1285807,,four,Food and Beverage Manufacturing,,,http://www.kilwins.com
KILWINS CHOCOLATES FRANCHISE,https://www.linkedin.com/company/1285807,Michigan,51-200,Food and Beverage Manufacturing,,50000000,http://www.kilwins.com
KIM'S CREATIONS,,,nine,,,,
KIM'S CREATIONS,,,seven,,,,
KINETICO,,,201-500,Manufacturing,,218M,http://www.kinetico.com
KINETICO,https://www.linkedin.com/company/603479,,two,Manufacturing,,,http://www.kinetico.com
KINETICO,https://www.linkedin.com/company/603479,Ohio,201-500,Manufacturing,,218M,http://www.kinetico.com
KINEX MEDICAL COMPANY,,Wisconsin,170,medical devices,,65300000,kinexmedical.com
KINEX MEDICAL COMPANY,,Wisconsin,170,medical devices,"+1-214-770-9861,+1-225-266-4237",,kinexmedical.com
KINEX MEDICAL COMPANY,,Wisconsin,170,medical devices,+1-216-375-5463,,kinexmedical.com
KINEX MEDICAL COMPANY,,Wisconsin,170,medical devices,+1-262-470-4534,,kinexmedical.com
KINEX MEDICAL COMPANY,,Wisconsin,170,medical devices,+1-414-588-8106,,kinexmedical.com
KINEX MEDICAL COMPANY,,Wisconsin,170,medical devices,+18008456364,,kinexmedical.com
KING BUSINESS INTERIORS,,,51-200,Furniture and Home Furnishings Manufacturing,,$33.8M,https://www.kbiinc.com/
KING BUSINESS INTERIORS,https://linkedin.com/company/king-business-interiors,,nine,Furniture and Home Furnishings Manufacturing,,,https://www.kbiinc.com/
KING BUSINESS INTERIORS,https://linkedin.com/company/king-business-interiors,Ohio,51-200,Furniture and Home Furnishings Manufacturing,,$33.8M,https://www.kbiinc.com/
"KINGSBURY, INC.",,Pennsylvania,200,machinery,,48500000,kingsbury.com
"KINGSBURY, INC.",,Pennsylvania,200,machinery,+12158244000,,kingsbury.com
"KINGSTON ASSOCIATES, INC.",,,3,Marketing & Advertising,,,https://www.kingstonassociates.com/
"KINGSTON ASSOCIATES, INC.",http://www.linkedin.com/company/kingston-associates-inc.,,3,Marketing & Advertising,,,https://www.kingstonassociates.com/
KION NORTH AMERICA,,,two,,,,
KION NORTH AMERICA,,,201-500,Machinery Manufacturing,,,http://www.kion-na.com/
KION NORTH AMERICA,https://www.linkedin.com/company/kion-north-america/,,five,Machinery Manufacturing,,,http://www.kion-na.com/
KION NORTH AMERICA,https://www.linkedin.com/company/kion-north-america/,,201-500,Machinery Manufacturing,,,http://www.kion-na.com/
KIP,,,51-200,Retail Office Equipment,,37.5M,http://www.kip.com
KIP,https://linkedin.com/company/kipwideformat,Michigan,51-200,Retail Office Equipment,,37.5M,http://www.kip.com
KIRBY,,,"1,001-5,000",Maritime Transportation,,,http://www.kirbycorp.com/
KIRBY,,,201-500,Manufacturing,,500M,https://www.kirby.com
KIRBY,https://linkedin.com/company/kirby-company,Ohio,201-500,Manufacturing,,500M,https://www.kirby.com
KIRBY,https://www.linkedin.com/company/kirby/,,"1,001-5,000",Maritime Transportation,,,http://www.kirbycorp.com/
KLAUSSNER FURNITURE,,,"1,001-5,000",Furniture and Home Furnishings Manufacturing,,,http://www.klaussner.com/
KLAUSSNER FURNITURE,,,"1,001-5,000",Furniture and Home Furnishings Manufacturing,,,https://www.klaussner.com/
KLAUSSNER FURNITURE,https://www.linkedin.com/company/klaussner-furniture/,,"1,001-5,000",Furniture and Home Furnishings Manufacturing,,,http://www.klaussner.com/
KLAUSSNER FURNITURE,https://www.linkedin.com/company/klaussner-furniture/,,"1,001-5,000",Furniture and Home Furnishings Manufacturing,,,https://www.klaussner.com/
KLEEN TEST PRODUCTS CORPORATION,,,"501-1,000",Manufacturing,,300M,http://www.kleentest.com
KLEEN TEST PRODUCTS CORPORATION,,Wisconsin,420,Mechanical Or Industrial Engineering,,300000000,kleentest.com
KLEEN TEST PRODUCTS CORPORATION,,Wisconsin,420,Mechanical Or Industrial Engineering,+12622846600,,kleentest.com
KLEEN TEST PRODUCTS CORPORATION,,Wisconsin,420,Mechanical Or Industrial Engineering,+1-262-388-0808,,kleentest.com
KLEEN TEST PRODUCTS CORPORATION,,Wisconsin,420,Mechanical Or Industrial Engineering,+1-414-333-9886,,kleentest.com
KLEEN TEST PRODUCTS CORPORATION,,Wisconsin,420,Mechanical Or Industrial Engineering,+1-920-251-7365,,kleentest.com
KLEEN TEST PRODUCTS CORPORATION,https://linkedin.com/company/kleen-test-products,Wisconsin,"501-1,000",Manufacturing,,300M,http://www.kleentest.com
KLN FAMILY BRANDS,,,109,Mechanical Or Industrial Engineering,,354300000,klnfamilybrands.com
KLN FAMILY BRANDS,,Minnesota,109,Mechanical Or Industrial Engineering,,354300000,klnfamilybrands.com
KLOSTERMAN BAKING,,,"501-1,000",Food and Beverage Manufacturing,,245M,http://www.klostermanbakery.com
KLOSTERMAN BAKING,https://linkedin.com/company/klosterman-baking-company,Ohio,"501-1,000",Food and Beverage Manufacturing,,245M,http://www.klostermanbakery.com
KMC CONTROLS,,,180,electrical/electronic manufacturing,,72000000,http://www.kmccontrols.com
KMC CONTROLS,,,51-200,"Appliances, Electrical, and Electronics Manufacturing",,72M,http://www.kmccontrols.com
KMC CONTROLS,https://www.linkedin.com/company/kmc-controls,Indiana,51-200,"Appliances, Electrical, and Electronics Manufacturing",,72M,http://www.kmccontrols.com
KNAPE & VOGT MANUFACTURING,,,"1,001-5,000",Manufacturing,,46497000,http://www.knapeandvogt.com
KNAPE & VOGT MANUFACTURING,https://www.linkedin.com/company/82569,Michigan,"1,001-5,000",Manufacturing,,46497000,http://www.knapeandvogt.com
KNIGHT GLOBAL,,Michigan,130,machinery,,25000000,knightglobal.com
KNIGHT GLOBAL,,Michigan,130,machinery,+12483774950,,knightglobal.com
KNIGHT GLOBAL,,Michigan,130,machinery,"+1-248-535-9746,+1-248-670-3129",,knightglobal.com
KNOTT BRAKE,,,51-200,Motor Vehicle Manufacturing,,30.5M,http://www.knottbrake.com
KNOTT BRAKE,https://www.linkedin.com/company/365265,Ohio,51-200,Motor Vehicle Manufacturing,,30.5M,http://www.knottbrake.com
KNOUSE FOODS,,,"1,001-5,000",Food and Beverage Manufacturing,,45.3M,http://www.knouse.com
KNOUSE FOODS,https://www.linkedin.com/company/75117,Pennsylvania,"1,001-5,000",Food and Beverage Manufacturing,,45.3M,http://www.knouse.com
KOENIG EQUIPMENT,,,201-500,Oil and Gas,,43.0M,http://www.koenigequipment.com
KOENIG EQUIPMENT,https://linkedin.com/company/koenig-equipment,Ohio,201-500,Oil and Gas,,43.0M,http://www.koenigequipment.com
KONDEX CORPORATION,,,120,Industrial Machinery Manufacturing,,27900000,kondex.com
KONDEX CORPORATION,,Wisconsin,120,Industrial Machinery Manufacturing,,27900000,kondex.com
KOOPS AUTOMATION SYSTEMS,,,201-500,Automation Machinery Manufacturing,,31.6M,http://www.koops.com
KOOPS AUTOMATION SYSTEMS,https://linkedin.com/company/koops-automation-systems,Michigan,201-500,Automation Machinery Manufacturing,,31.6M,http://www.koops.com
KRB MACHINERY COMPANY,,Pennsylvania,57,Construction,,26090000,krbmachinery.com
KRB MACHINERY COMPANY,,Pennsylvania,57,Construction,+17172523667,,krbmachinery.com
KRB MACHINERY COMPANY,,Pennsylvania,57,Construction,"+1-717-434-0115,+1-717-818-7931",,krbmachinery.com
KRIGBAUM & JONES,,,seven,,,,https://www.bemidjicpa.com/
KRIGBAUM & JONES,,,ten,,,,https://www.bemidjicpa.com/
"KROFF, INC.",,,84,Chemical Manufacturing,,60000000,kroff.com
"KROFF, INC.",,Pennsylvania,84,Chemical Manufacturing,,60000000,kroff.com
KRYSTAL BIOTECH,,,51-200,Biotechnology,,70.9M,http://www.krystalbio.com/
KRYSTAL BIOTECH,https://www.linkedin.com/company/25174936,,two,Biotechnology,,,http://www.krystalbio.com/
KRYSTAL BIOTECH,https://www.linkedin.com/company/25174936,Pennsylvania,51-200,Biotechnology,,70.9M,http://www.krystalbio.com/
"KTP EXECUTIVE SEARCH, INC.",,,2/10/2023,Financial Services,,,http://www.ktpsearch.com/
"KTP EXECUTIVE SEARCH, INC.",https://www.linkedin.com/company/ktp-executive-search-inc./,,2/10/2023,Financial Services,,,http://www.ktpsearch.com/
KURT J. LESKER,,,201-500,Semiconductor Manufacturing,,220M,http://www.lesker.com
KURT J. LESKER,https://www.linkedin.com/company/68949,Pennsylvania,201-500,Semiconductor Manufacturing,,220M,http://www.lesker.com
KURTZ BROS.,,,51-200,Manufacturing,,31.1M,http://www.kurtz-bros.com
KURTZ BROS.,https://www.linkedin.com/company/153457,Ohio,51-200,Manufacturing,,31.1M,http://www.kurtz-bros.com
KYOCERA SGS,,,"5,001-10,000",Industrial Machinery Manufacturing,,55M,http://www.kyocera-sgstool.com
KYOCERA SGS,https://www.linkedin.com/company/85394,Ohio,"5,001-10,000",Industrial Machinery Manufacturing,,55M,http://www.kyocera-sgstool.com
L & S ELECTRIC,,,201-500,Automation Machinery Manufacturing,,63.2M,https://www.lselectric.com
L & S ELECTRIC,https://linkedin.com/company/l-s-electric-inc,Wisconsin,201-500,Automation Machinery Manufacturing,,63.2M,https://www.lselectric.com
L&L PRODUCTS,,,"1,001-5,000",Automotive,,150M,http://www.llproducts.com
L&L PRODUCTS,https://linkedin.com/company/l&l-products,Michigan,"1,001-5,000",Automotive,,150M,http://www.llproducts.com
LA-CO INDUSTRIES,,,51-200,Chemical Manufacturing,,32M,https://www.lacoindustries.com
LA-CO INDUSTRIES,https://linkedin.com/company/la-co-industries-inc,,one,Chemical Manufacturing,,,https://www.lacoindustries.com
LA-CO INDUSTRIES,https://linkedin.com/company/la-co-industries-inc,Illinois,51-200,Chemical Manufacturing,,32M,https://www.lacoindustries.com
LAFORCE,,,"501-1,000",Construction,,162.3M,http://www.laforceinc.com
LAFORCE,https://linkedin.com/company/laforce-inc,,two,Construction,,,http://www.laforceinc.com
LAFORCE,https://linkedin.com/company/laforce-inc,Wisconsin,"501-1,000",Construction,,162.3M,http://www.laforceinc.com
LAFRANCE,,,"501-1,000",Manufacturing,,75M,http://www.lafrancecorp.com
LAFRANCE,https://www.linkedin.com/company/55530,Pennsylvania,"501-1,000",Manufacturing,,75M,http://www.lafrancecorp.com
LAIRD CONNECTIVITY,,,51-200,Computers and Electronics Manufacturing,,56.4M,http://www.lairdconnect.com
LAIRD CONNECTIVITY,,,51-200,Computers and Electronics Manufacturing,,71M,http://www.lairdconnect.com
LAIRD CONNECTIVITY,https://linkedin.com/company/lairdconnectivity,Ohio,51-200,Computers and Electronics Manufacturing,,56.4M,http://www.lairdconnect.com
LAIRD CONNECTIVITY,https://linkedin.com/company/lairdconnectivity,Ohio,51-200,Computers and Electronics Manufacturing,,71M,http://www.lairdconnect.com
LAKE SHORE CRYOTRONICS,,,170,electrical/electronic manufacturing,,25000000,http://www.lakeshore.com
LAKE SHORE CRYOTRONICS,,Ohio,170,electrical/electronic manufacturing,,25000000,http://www.lakeshore.com
LAKE SHORE CRYOTRONICS,https://www.linkedin.com/company/lake-shore-cryotronics,Illinois,51,electrical/electronic manufacturing,,50000000,lakeshore.com
LAKE SHORE CRYOTRONICS,https://www.linkedin.com/company/lake-shore-cryotronics,Ohio,51,electrical/electronic manufacturing,,50000000,lakeshore.com
LAKESHIRTS,,,nine,,,,
LAKESHIRTS,,,250,Apparel & Fashion,,,http://www.lakeshirts.com/
LAKESHIRTS,,,"501-1,000",Apparel & Fashion,,,http://www.lakeshirts.com/
LAKESHIRTS,,,"501-1,000",Apparel & Fashion,,,https://www.lakeshirts.com/
LAKESHIRTS,,,250,Apparel & Fashion,,,http://www.lakeshirts.com/
LAKESHIRTS,https://www.linkedin.com/company/lakeshirts/,,six,Apparel & Fashion,,,https://www.lakeshirts.com/
LAKESHIRTS,https://www.linkedin.com/company/lakeshirts/,,250,Apparel & Fashion,,,http://www.lakeshirts.com/
LAKESHIRTS,https://www.linkedin.com/company/lakeshirts/,,"501-1,000",Apparel & Fashion,,,http://www.lakeshirts.com/
LAKESHIRTS,https://www.linkedin.com/company/lakeshirts/,,"501-1,000",Apparel & Fashion,,,https://www.lakeshirts.com/
LAKESIDE FOODS,,,"1,001-5,000",Food and Beverage Manufacturing,,300M,http://lakesidefoods.com
LAKESIDE FOODS,https://linkedin.com/company/lakeside-foods,Wisconsin,"1,001-5,000",Food and Beverage Manufacturing,,300M,http://lakesidefoods.com
LAMINATIONS,,Wisconsin,96,Packaging & Containers,,$32.2M,laminationsonline.com
LAMINATIONS,,Wisconsin,96,Packaging & Containers,+1 (800) 925-2626,,laminationsonline.com
LANDAAL PACKAGING SYSTEMS,,Michigan,78,Packaging & Containers,,$50.0M,landaal.com
LANDAAL PACKAGING SYSTEMS,,Michigan,78,Packaging & Containers,+1 (810) 743-4500,,landaal.com
LANDSCAPE FORMS,,,201-500,Furniture and Home Furnishings Manufacturing,,81.9M,http://www.landscapeforms.com
LANDSCAPE FORMS,https://linkedin.com/company/landscape-forms,,one,Furniture and Home Furnishings Manufacturing,,,http://www.landscapeforms.com
LANDSCAPE FORMS,https://linkedin.com/company/landscape-forms,Michigan,201-500,Furniture and Home Furnishings Manufacturing,,81.9M,http://www.landscapeforms.com
LANE BRYANT,,,4000,Retail,,380000000,http://www.lanebryant.com
LANE BRYANT,,Ohio,4000,Retail,,380000000,http://www.lanebryant.com
LANNETT COMPANY,,,"1,001-5,000",Pharmaceutical Manufacturing,,308.5M,http://www.lannett.com
LANNETT COMPANY,https://www.linkedin.com/company/lannett-company,Pennsylvania,"1,001-5,000",Pharmaceutical Manufacturing,,308.5M,http://www.lannett.com
LANTECH,,,201-500,Machinery Manufacturing,,242.9M,http://www.lantech.com
LANTECH,https://www.linkedin.com/company/lantech,Kentucky,201-500,Machinery Manufacturing,,242.9M,http://www.lantech.com
LASALLE BRISTOL,,,four,,,,
LASALLE BRISTOL,,,201-500,Wholesale,,,https://www.lasallebristol.com/
LASALLE BRISTOL,https://www.linkedin.com/company/lasalle-bristol/,,201-500,Wholesale,,,https://www.lasallebristol.com/
LASER MECHANISMS,,Michigan,71,Semiconductors,,$34.5M,lasermech.com
LASER MECHANISMS,,Michigan,71,Semiconductors,+1 (248) 474-9480,,lasermech.com
LASKO PRODUCTS,,,"501-1,000",Manufacturing,,130M,http://www.lasko.com
LASKO PRODUCTS,https://www.linkedin.com/company/lasko-products,,three,Manufacturing,,,http://www.lasko.com
LASKO PRODUCTS,https://www.linkedin.com/company/lasko-products,Pennsylvania,"501-1,000",Manufacturing,,130M,http://www.lasko.com
"LAVELLE INDUSTRIES, INC.",,Wisconsin,500,Manufacturing,,153600000,lavelle.com
"LAVELLE INDUSTRIES, INC.",,Wisconsin,500,Manufacturing,+1 (262) 763-2434,,lavelle.com
"LAVENDER EUCALYPTUS, LLC",,,0,Nonprofit Organization Management,,,http://www.lavendereucalyptus.com/
"LAVENDER EUCALYPTUS, LLC",https://www.linkedin.com/company/lavendereucalyptus/,,0,Nonprofit Organization Management,,,http://www.lavendereucalyptus.com/
LB WHITE COMPANY,,Wisconsin,76,Machinery Manufacturing,,$53.0M,lbwhite.com
LB WHITE COMPANY,,Wisconsin,76,Machinery Manufacturing,+1 (608) 783-6115,,lbwhite.com
LDV,,Wisconsin,110,Automotive,,126300000,ldvusa.com
LDV,,Wisconsin,4/19/1900,Automotive,,,ldvusa.com
LEADERSHIP BEYOND LIMITS,,,2-10,Business Consulting and Services,,,http://www.leadershipbeyondlimits.com/
LEADERSHIP BEYOND LIMITS,https://www.linkedin.com/company/leadership-beyond-limits/,,2-10,Business Consulting and Services,,,http://www.leadershipbeyondlimits.com/
LEANCOR,,,nine,,,,
LEANCOR,,,nine,,,,https://leancor.com/
LEANCOR,,,four,,,,https://leancor.com/
LEAR,,,"10,001+",Motor Vehicle Manufacturing,,,https://www.lear.com/
LEAR,https://www.linkedin.com/company/lear-corporation/,,"10,001+",Motor Vehicle Manufacturing,,,https://www.lear.com/
LEBANON SEABOARD,,,201-500,Manufacturing,,215.7M,http://www.lebsea.com
LEBANON SEABOARD,https://www.linkedin.com/company/117218,Pennsylvania,201-500,Manufacturing,,215.7M,http://www.lebsea.com
LEE INDUSTRIES,,,201-500,Machinery Manufacturing,,50M,http://www.leeind.com/
LEE INDUSTRIES,https://www.linkedin.com/company/434433,Pennsylvania,201-500,Machinery Manufacturing,,50M,http://www.leeind.com/
LEER GROUP,,Indiana,300,Automotive,,600000000,leer.com
LEER GROUP,,Indiana,300,Automotive,"+1-360-383-7475,+1-360-223-2163",,leer.com
LEER GROUP,,Indiana,300,Automotive,+15745225337,,leer.com
LEGACY INDUSTRIES,,,140,Automation Machinery Manufacturing,,56900000,legacy-ind.com
LEGACY INDUSTRIES,,Michigan,140,Automation Machinery Manufacturing,,56900000,legacy-ind.com
LENEX STEEL COMPANY,,Indiana,55,Construction,,27000000,lenexsteel.com
LENEX STEEL COMPANY,,Indiana,55,Construction,+13178181622,,lenexsteel.com
LENOX,,,201-500,Manufacturing,,400M,http://www.lenox.com
LENOX,,,490,Retail,,400000000,http://www.lenox.com
LENOX,https://www.linkedin.com/company/8250,Pennsylvania,201-500,Manufacturing,,400M,http://www.lenox.com
LESCO DESIGN & MANUFACTURING,,Kentucky,89,Industrial Automation,,25000000,lescodesign.com
LESCO DESIGN & MANUFACTURING,,Kentucky,89,Industrial Automation,+15022227101,,lescodesign.com
LESLEY RUSSO ESQUIRE,,,ten,,,,
LESLEY RUSSO ESQUIRE,,,one,,,,
LESTER BUILDING SYSTEMS,,Minnesota,130,Construction,,39000000,lesterbuildings.com
LESTER BUILDING SYSTEMS,,Minnesota,130,Construction,+12174600602,,lesterbuildings.com
LESTER BUILDING SYSTEMS,,Minnesota,130,Construction,+13203952531,,lesterbuildings.com
LESTER SALES COMPANY,,Indiana,63,electrical/electronic manufacturing,,25000000,lestersalesco.com
LESTER SALES COMPANY,,Indiana,63,electrical/electronic manufacturing,+1 (636) 515-0864,,lestersalesco.com
LESTER SALES COMPANY,,Indiana,63,electrical/electronic manufacturing,+18889636270,,lestersalesco.com
LEVENGER COMPANY,,,96,Retail,,45000000,http://www.levenger.com
LEVENGER COMPANY,,Florida,96,Retail,,45000000,http://www.levenger.com
LEWCO,,,51-200,Machinery Manufacturing,,31.9M,http://www.lewcoinc.com
LEWCO,https://www.linkedin.com/company/153440,,four,Machinery Manufacturing,,,http://www.lewcoinc.com
LEWCO,https://www.linkedin.com/company/153440,Ohio,51-200,Machinery Manufacturing,,31.9M,http://www.lewcoinc.com
LEWIS,,,140,Marketing & Advertising,,,https://www.lewiscommunications.com/
LEWIS,https://www.linkedin.com/company/lewis-communications/,,140,Marketing & Advertising,,,https://www.lewiscommunications.com/
LHH,,,"10,001+",Human Resources Services,,,http://www.lhh.com/
LHH,https://www.linkedin.com/company/lee-hecht-harrison/,,"10,001+",Human Resources Services,,,http://www.lhh.com/
LIBERTY,,,2500,Utilities,,,http://www.libertyutilities.com/
LIBERTY,http://www.linkedin.com/company/libertyenergyandwater,,2500,Utilities,,,http://www.libertyutilities.com/
LIBERTY FURNITURE,,,78,Wholesale,,,https://www.mylibertyfurniture.com/
LIBERTY FURNITURE,https://www.linkedin.com/company/liberty-furniture-industries/,,78,Wholesale,,,https://www.mylibertyfurniture.com/
LIBRA INDUSTRIES,,,201-500,"Appliances, Electrical, and Electronics Manufacturing",,40M,http://www.libraindustries.com
LIBRA INDUSTRIES,,,250,electrical/electronic manufacturing,,45490000,http://www.libraindustries.com
LIBRA INDUSTRIES,,Ohio,250,electrical/electronic manufacturing,,45490000,http://www.libraindustries.com
LIBRA INDUSTRIES,https://linkedin.com/company/libra-industries,,seven,"Appliances, Electrical, and Electronics Manufacturing",,,http://www.libraindustries.com
LIBRA INDUSTRIES,https://linkedin.com/company/libra-industries,Ohio,201-500,"Appliances, Electrical, and Electronics Manufacturing",,40M,http://www.libraindustries.com
LIBRA INDUSTRIES,https://www.linkedin.com/company/libra-industries,Florida,51,"Appliances, Electrical, and Electronics Manufacturing",,50000000,libraindustries.com
LIFECORE BIOMEDICAL,,Minnesota,270,Pharmaceuticals,,185800000,lifecore.com
LIFECORE BIOMEDICAL,,Minnesota,270,Pharmaceuticals,,,lifecore.com
LIFECORE BIOMEDICAL,,Minnesota,9/26/1900,Pharmaceuticals,,,lifecore.com
LIFESCAN,,Pennsylvania,2083,medical devices,,501400000,lifescan.com
LIFESCAN,,Pennsylvania,2083,medical devices,"+1-203-296-1550,+1-203-356-5000",,lifescan.com
LIFESCAN,,Pennsylvania,2083,medical devices,+18002278862,,lifescan.com
LIGHTCORP,,Michigan,54,electrical/electronic manufacturing,,$30M,lightcorp.com
LIGHTCORP,,Michigan,54,electrical/electronic manufacturing,+16164029906,,lightcorp.com
LIGHTCORP,,Michigan,54,electrical/electronic manufacturing,+16168425100,,lightcorp.com
LINCOLN ELECTRIC,https://www.linkedin.com/company/10281,,5001,machinery,,328600000,lincolnelectric.com
LINCOLN ELECTRIC,https://www.linkedin.com/company/10281,Coahuila,5001,machinery,,328600000,lincolnelectric.com
LINCOLN ELECTRIC,https://www.linkedin.com/company/10281,Ohio,5001,machinery,,328600000,lincolnelectric.com
LINCOLN ELECTRIC,https://www.linkedin.com/company/lincoln-electric,,5001,machinery,,328600000,lincolnelectric.com
LINCOLN ELECTRIC,https://www.linkedin.com/company/lincoln-electric,Ontario,5001,machinery,,328600000,lincolnelectric.com
LINCOLN ELECTRIC HOLDINGS INC.,https://www.linkedin.com/company/10281,Ohio,5001,machinery,,328600000,lincolnelectric.com
LINCOLN ELECTRIC HOLDINGS INC.,https://www.linkedin.com/company/10281,Tennessee,5001,machinery,,328600000,lincolnelectric.com
LINDAR CORPORATION,,Minnesota,68,plastics,,$35M,lindarcorp.com
LINDAR CORPORATION,,Minnesota,68,plastics,+12188293457,,lindarcorp.com
LINK ENGINEERING,,,"501-1,000",Industrial Machinery Manufacturing,,162.9M,http://www.linkeng.com
LINK ENGINEERING,https://www.linkedin.com/company/link-engineering-company,Michigan,"501-1,000",Industrial Machinery Manufacturing,,162.9M,http://www.linkeng.com
"LIPHATECH, INC.",,,74,Chemical Manufacturing,,52000000,liphatech.com
"LIPHATECH, INC.",,Wisconsin,74,Chemical Manufacturing,,52000000,liphatech.com
LITTFIN LUMBER,,Minnesota,61,Construction,,50000000,littfintruss.com
LITTFIN LUMBER,,Minnesota,61,Construction,+13204853861,,littfintruss.com
LITTLE RAPIDS CORPORATION,,,201-500,Paper and Forest Product Manufacturing,,87.4M,http://www.littlerapids.com
LITTLE RAPIDS CORPORATION,https://linkedin.com/company/little-rapids-corporation,Wisconsin,201-500,Paper and Forest Product Manufacturing,,87.4M,http://www.littlerapids.com
LITTLE TIKES,,,"1,001-5,000",Manufacturing,,450M,http://www.littletikes.com
LITTLE TIKES,https://www.linkedin.com/company/8965,Ohio,"1,001-5,000",Manufacturing,,450M,http://www.littletikes.com
"LIVER MOMMAS & FAMILIES, INC. - A 501C3 ORGANIZATION",,,2,Philanthropic Fundraising Services,,,https://www.livermommas.org/
"LIVER MOMMAS & FAMILIES, INC. - A 501C3 ORGANIZATION",http://www.linkedin.com/company/livermommas,,2,Philanthropic Fundraising Services,,,https://www.livermommas.org/
LIVING SPACES,,,"1,001-5,000",Retail,,,https://www.livingspaces.com/
LIVING SPACES,https://www.linkedin.com/company/living-spaces-furniture/,,"1,001-5,000",Retail,,,https://www.livingspaces.com/
LLFLEX,,Kentucky,78,Packaging & Containers,,$120.0M,llflex.com
LLFLEX,,Kentucky,78,Packaging & Containers,+1 (800) 634-3645,,llflex.com
LNS,https://www.linkedin.com/company/lns-northamerica,,three,machinery,,,lns-northamerica.com
LNS,https://www.linkedin.com/company/lns-northamerica,,90,machinery,,9000000,lns.lu
LNS,https://www.linkedin.com/company/lns-northamerica,North Carolina,90,machinery,,9000000,lns-northamerica.com
LNS NORTH AMERICA,,,"501-1,000",Machinery Manufacturing,,41.8M,http://www.LNS-northamerica.com
LNS NORTH AMERICA,https://linkedin.com/company/lns-northamerica,Ohio,"501-1,000",Machinery Manufacturing,,41.8M,http://www.LNS-northamerica.com
LOC PERFORMANCE,,,"501-1,000",Manufacturing,,120M,http://www.locperformance.com
LOC PERFORMANCE,https://www.linkedin.com/company/loc-performance,Michigan,"501-1,000",Manufacturing,,120M,http://www.locperformance.com
LOCK JOINT TUBE,,Indiana,170,Manufacturing,,25000000,ljtube.com
LOCK JOINT TUBE,,Indiana,170,Manufacturing,,,ljtube.com
LOCKER INNOVATIONS,,,five,,,,https://lockerinnovations.com/
LOCKER INNOVATIONS,,,five,,,,https://lockerinnovations.com/
LOFFLER,,,nine,,,,
LOFFLER,,,"501-1,000",IT Services and IT Consulting,,,https://www.loffler.com/
LOFFLER,https://www.linkedin.com/company/loffler-companies/,,"501-1,000",IT Services and IT Consulting,,,https://www.loffler.com/
LOFFLER COMPANIES,,,"501-1,000",IT Services and IT Consulting,,,http://www.loffler.com/
LOFFLER COMPANIES,,,"501-1,000",IT Services and IT Consulting,,,https://www.loffler.com/
LOFFLER COMPANIES,https://www.linkedin.com/company/loffler-companies/,,"501-1,000",IT Services and IT Consulting,,,http://www.loffler.com/
LOFFLER COMPANIES,https://www.linkedin.com/company/loffler-companies/,,"501-1,000",IT Services and IT Consulting,,,https://www.loffler.com/
LOFFLER COMPANIES,https://www.linkedin.com/company/loffler-companies//,,"501-1,000",IT Services and IT Consulting,,,http://www.loffler.com/
LOFFLER COMPANIES,https://www.linkedin.com/company/loffler-companies//,,"501-1,000",IT Services and IT Consulting,,,https://www.loffler.com/
LOGAN ALUMINUM,,Kentucky,760,mining & metals,,228900000,logan-aluminum.com
LOGAN ALUMINUM,,Kentucky,760,mining & metals,+12707556000,,logan-aluminum.com
LOGAN COUNTY PUBLIC LIBRARY,,,one,,,,https://loganlibrary.org/
LOGAN COUNTY PUBLIC LIBRARY,,,four,,,,https://loganlibrary.org/
LOMAR MACHINE & TOOL COMPANY,,Michigan,62,machinery,,$25.6M,lomar.com
LOMAR MACHINE & TOOL COMPANY,,Michigan,62,machinery,+1 (517) 563-8136,,lomar.com
LOMMEN ABDO LAW FIRM,,,51-200,Legal Services,,,https://lommen.com/
LOMMEN ABDO LAW FIRM,https://www.linkedin.com/company/lommen-abdo/,,51-200,Legal Services,,,https://lommen.com/
LORDSTOWN MOTORS,,,"501-1,000",Motor Vehicle Manufacturing,,187.1M,http://www.lordstownmotors.com
LORDSTOWN MOTORS,https://linkedin.com/company/lordstownmotorscorp,Michigan,"501-1,000",Motor Vehicle Manufacturing,,187.1M,http://www.lordstownmotors.com
LORRI KELLEY ADVISORS,,,four,,,,https://lorrikelley.com/
LORRI KELLEY ADVISORS,,,ten,,,,https://lorrikelley.com/
LOUISVILLE LADDER,,Kentucky,500,Mechanical Or Industrial Engineering,,320000000,louisvilleladder.com
LOUISVILLE LADDER,,Kentucky,500,Mechanical Or Industrial Engineering,,,louisvilleladder.com
LOWELL INC.,,Minnesota,61,medical devices,,30037000,lowellinc.com
LOWELL INC.,,Minnesota,61,medical devices,+1-651-775-9292,,lowellinc.com
LOWELL INC.,,Minnesota,61,medical devices,+17634253355,,lowellinc.com
LSI INDUSTRIES,,,"1,001-5,000","Appliances, Electrical, and Electronics Manufacturing",,455.1M,http://www.lsicorp.com
LSI INDUSTRIES,https://linkedin.com/company/lsi-industries,Ohio,"1,001-5,000","Appliances, Electrical, and Electronics Manufacturing",,455.1M,http://www.lsicorp.com
LUTRON ELECTRONICS,,,2800,"Appliances, Electrical, and Electronics Manufacturing",,210000000,lutron.com
LUTRON ELECTRONICS,,Pennsylvania,2800,"Appliances, Electrical, and Electronics Manufacturing",,210000000,lutron.com
M8 PHARMACEUTICALS,,,201-500,Pharmaceutical Manufacturing,,258M,http://www.m8pharmaceuticals.com
M8 PHARMACEUTICALS,https://www.linkedin.com/company/145413,Pennsylvania,201-500,Pharmaceutical Manufacturing,,258M,http://www.m8pharmaceuticals.com
MAC FREIGHT SERVICES,,,one,,,,https://www.macfreight.com/
MAC FREIGHT SERVICES,,,three,,,,https://www.macfreight.com/
MAC PAPERS AND PACKAGING,,,"501-1,000","Transportation, Logistics, Supply Chain and Storage",,469.7M,https://www.macpapers.com
MAC PAPERS AND PACKAGING,https://linkedin.com/company/macpapers,,two,"Transportation, Logistics, Supply Chain and Storage",,,https://www.macpapers.com
MAC PAPERS AND PACKAGING,https://linkedin.com/company/macpapers,Florida,"501-1,000","Transportation, Logistics, Supply Chain and Storage",,469.7M,https://www.macpapers.com
MAC TOOLS,,,201-500,Motor Vehicle Manufacturing,,115.5M,http://www.mactools.com
MAC TOOLS,https://linkedin.com/company/mac-tools,Ohio,201-500,Motor Vehicle Manufacturing,,115.5M,http://www.mactools.com
MAC VALVES,,,"501-1,000",Automation Machinery Manufacturing,,300M,http://www.macvalves.com
MAC VALVES,https://linkedin.com/company/mac-valves-inc.,Michigan,"501-1,000",Automation Machinery Manufacturing,,300M,http://www.macvalves.com
MACTAC,,,"501-1,000",Chemical Manufacturing,,339M,http://www.mactac.com
MACTAC,https://www.linkedin.com/company/9242944,Ohio,"501-1,000",Chemical Manufacturing,,339M,http://www.mactac.com
MADISON-KIPP CORPORATION,,,201-500,Motor Vehicle Manufacturing,,37.0M,http://madison-kipp.com
MADISON-KIPP CORPORATION,https://linkedin.com/company/madison-kipp-corporation,Wisconsin,201-500,Motor Vehicle Manufacturing,,37.0M,http://madison-kipp.com
MAGELLAN HEALTH,,,two,,,,
MAGELLAN HEALTH,,,"5,001-10,000",Hospitals and Health Care,,,http://www.magellanhealth.com/
MAGELLAN HEALTH,https://www.linkedin.com/company/magellan-health/,,"5,001-10,000",Hospitals and Health Care,,,http://www.magellanhealth.com/
MAGIC LEAP,,,1400,electrical/electronic manufacturing,,185000000,http://www.magicleap.com
MAGIC LEAP,,Florida,1400,electrical/electronic manufacturing,,185000000,http://www.magicleap.com
MAGNA MACHINE CO.,,,51-200,Machinery Manufacturing,,40.6M,https://www.magna-machine.com/
MAGNA MACHINE CO.,https://www.linkedin.com/company/948817,Ohio,51-200,Machinery Manufacturing,,40.6M,https://www.magna-machine.com/
MAGNAFLOW,,,"501-1,000",Automotive,,,http://www.magnaflow.com/
MAGNAFLOW,https://www.linkedin.com/company/car-sound-exhausts-inc./,,"501-1,000",Automotive,,,http://www.magnaflow.com/
"MAGNIFLEX USA LTD., INC",,,10,Furniture,,,http://www.magniflex.us/
"MAGNIFLEX USA LTD., INC",https://www.linkedin.com/company/magniflex-usa-ltd-inc/,,10,Furniture,,,http://www.magniflex.us/
MAGNUM MAGNETICS,,,201-500,Consumer Goods,,59M,http://www.magnummagnetics.com
MAGNUM MAGNETICS,https://www.linkedin.com/company/1709500,Ohio,201-500,Consumer Goods,,59M,http://www.magnummagnetics.com
MAGNUSSEN HOME FURNISHINGS,,,51-200,Furniture,,,https://www.magnussen.com/
MAGNUSSEN HOME FURNISHINGS,https://www.linkedin.com/company/magnussen-home-furnishings/,,51-200,Furniture,,,https://www.magnussen.com/
MAJOR TOOL & MACHINE,,Indiana,240,Defense & Space,,89000000,majortool.com
MAJOR TOOL & MACHINE,,Indiana,240,Defense & Space,,,majortool.com
MALCO PRODUCTS,,,201-500,Chemical Manufacturing,,96.9M,http://www.malcopro.com
MALCO PRODUCTS,https://www.linkedin.com/company/154357,Ohio,201-500,Chemical Manufacturing,,96.9M,http://www.malcopro.com
MAMMOTOME,,,"501-1,000",Medical Equipment Manufacturing,,170M,http://www.mammotome.com
MAMMOTOME,https://linkedin.com/company/mammotome,Ohio,"501-1,000",Medical Equipment Manufacturing,,170M,http://www.mammotome.com
MANITOWOC TOOL & MACHINING,,,201-500,Machinery Manufacturing,,48.6M,http://www.mantool.com
MANITOWOC TOOL & MACHINING,https://linkedin.com/company/manitowoc-tool-&-machining-llc,Wisconsin,201-500,Machinery Manufacturing,,48.6M,http://www.mantool.com
MANSFIELD PLUMBING,,,"501-1,000",Building Materials,,51.8M,http://www.mansfieldplumbing.com
MANSFIELD PLUMBING,https://www.linkedin.com/company/118008,,ten,Building Materials,,,http://www.mansfieldplumbing.com
MANSFIELD PLUMBING,https://www.linkedin.com/company/118008,Ohio,"501-1,000",Building Materials,,51.8M,http://www.mansfieldplumbing.com
MANUFACTURING AND SUPPLY CHAIN,,,five,,,,
MANUFACTURING AND SUPPLY CHAIN,,,four,,,,
MANUFACTURING TECHNOLOGY,,,201-500,Machinery Manufacturing,,40M,http://www.MTIwelding.com
MANUFACTURING TECHNOLOGY,https://www.linkedin.com/company/manufacturing-technology-inc,Indiana,201-500,Machinery Manufacturing,,40M,http://www.MTIwelding.com
MANY,,,three,,,,
MANY,,,five,,,,
MARCHANT SCHMIDT,,Wisconsin,110,machinery,,35500000,marchantschmidt.com
MARCHANT SCHMIDT,,Wisconsin,110,machinery,+19209214760,,marchantschmidt.com
MARCK INDUSTRIES,,,51-200,Facilities Services,,,https://www.marck.net/
MARCK INDUSTRIES,https://www.linkedin.com/company/marck-industries-inc/,,51-200,Facilities Services,,,https://www.marck.net/
MARION BODY WORKS,,,201-500,Motor Vehicle Manufacturing,,54.4M,https://www.marionbody.com
MARION BODY WORKS,https://linkedin.com/company/marion-body-works-inc-,Wisconsin,201-500,Motor Vehicle Manufacturing,,54.4M,https://www.marionbody.com
MARION TOOL & DIE,,Indiana,63,Aviation & Aerospace,,27980000,mariontool.com
MARION TOOL & DIE,,Indiana,63,Aviation & Aerospace,+18125339800,,mariontool.com
MARKING SERVICES,,Wisconsin,360,Construction,,67900000,markserv.com
MARKING SERVICES,,Wisconsin,360,Construction,+18002340135,,markserv.com
MARKING SERVICES,,Wisconsin,360,Construction,+1-920-979-3695,,markserv.com
MARMON/KEYSTONE,,,201-500,Mining,,307.5M,http://www.marmonkeystone.com
MARMON/KEYSTONE,https://www.linkedin.com/company/marmon-keystone,,three,Mining,,,http://www.marmonkeystone.com
MARMON/KEYSTONE,https://www.linkedin.com/company/marmon-keystone,Pennsylvania,201-500,Mining,,307.5M,http://www.marmonkeystone.com
MARSH ELECTRONICS,,,51-200,"Appliances, Electrical, and Electronics Manufacturing",,180M,http://www.marshelectronics.com
MARSH ELECTRONICS,https://linkedin.com/company/marsh-electronics-inc.,Wisconsin,51-200,"Appliances, Electrical, and Electronics Manufacturing",,180M,http://www.marshelectronics.com
MARSH MCLENNAN AGENCY,,,"5,001-10,000",Insurance,,,https://www.marshmma.com/
MARSH MCLENNAN AGENCY,https://www.linkedin.com/company/marsh-mclennan-agency/,,"5,001-10,000",Insurance,,,https://www.marshmma.com/
MARSHALL HEALING,,,one,,,,https://marshallhealing.com/
MARSHALL HEALING,,,five,,,,https://marshallhealing.com/
MARTIN CALIBRATION INC.,,Minnesota,55,machinery,,$68.3M,martincalibration.com
MARTIN CALIBRATION INC.,,Minnesota,55,machinery,+1 (952) 334-8033,,martincalibration.com
MARXMODA,,,67,Furniture and Home Furnishings Manufacturing,,60600000,marxmoda.com
MARXMODA,,Michigan,67,Furniture and Home Furnishings Manufacturing,,60600000,marxmoda.com
MASTER FLUID SOLUTIONS,,,201-500,Chemical Manufacturing,,125M,https://www.masterfluids.com
MASTER FLUID SOLUTIONS,https://linkedin.com/company/master-fluid-solutions,Ohio,201-500,Chemical Manufacturing,,125M,https://www.masterfluids.com
MASTERCARD,,,seven,,,,
MASTERCARD,,,"10,001+",IT Services and IT Consulting,,,http://www.mastercard.com/
MASTERCARD,https://www.linkedin.com/company/mastercard/,,"10,001+",IT Services and IT Consulting,,,http://www.mastercard.com/
"MASTERMOLD, LLC",,Wisconsin,94,plastics,,$54.0M,mastermoldllc.com
"MASTERMOLD, LLC",,Wisconsin,94,plastics,+19206992711,,mastermoldllc.com
MASTERS PHARMACEUTICAL,,,201-500,Pharmaceutical Manufacturing,,36.2M,http://www.MastersRx.com
MASTERS PHARMACEUTICAL,https://www.linkedin.com/company/922558,Ohio,201-500,Pharmaceutical Manufacturing,,36.2M,http://www.MastersRx.com
MASTERSON FOODS,,,51-200,Food & Beverages,,32.2M,http://www.mastersonfoods.com
MASTERSON FOODS,https://linkedin.com/company/masterson-foods,Wisconsin,51-200,Food & Beverages,,32.2M,http://www.mastersonfoods.com
MATENAER CORPORATION,,Wisconsin,55,machinery,,44800000,matenaer.com
MATENAER CORPORATION,,Wisconsin,55,machinery,+12623380700,,matenaer.com
MATRIC LIMITED,,,201-500,"Appliances, Electrical, and Electronics Manufacturing",,81.4M,http://www.matric.com/
MATRIC LIMITED,https://www.linkedin.com/company/210624,Pennsylvania,201-500,"Appliances, Electrical, and Electronics Manufacturing",,81.4M,http://www.matric.com/
MATRIX DESIGN GROUP,,,81,electrical/electronic manufacturing,,29419000,http://www.matrixteam.com
MATRIX DESIGN GROUP,,Indiana,81,electrical/electronic manufacturing,,29419000,http://www.matrixteam.com
MAYCO INTERNATIONAL,,Michigan,550,Automotive,,52100000,maycointernational.com
MAYCO INTERNATIONAL,,Michigan,550,Automotive,+15868036000ext6020,,maycointernational.com
MAYFRAN INTERNATIONAL,,,201-500,Automation Machinery Manufacturing,,150M,http://www.mayfran.com
MAYFRAN INTERNATIONAL,https://linkedin.com/company/mayfran-international,Ohio,201-500,Automation Machinery Manufacturing,,150M,http://www.mayfran.com
MAYSTEEL INDUSTRIES,,,"501-1,000",Industrial Machinery Manufacturing,,112.5M,http://www.maysteel.com
MAYSTEEL INDUSTRIES,https://linkedin.com/company/maysteel-llc,Wisconsin,"501-1,000",Industrial Machinery Manufacturing,,112.5M,http://www.maysteel.com
MAZZELLA COMPANIES,,,"501-1,000",Automation Machinery Manufacturing,,320M,http://www.mazzellacompanies.com
MAZZELLA COMPANIES,https://www.linkedin.com/company/4992099,Ohio,"501-1,000",Automation Machinery Manufacturing,,320M,http://www.mazzellacompanies.com
MAZZELLA COMPANIES,https://www.linkedin.com/company/mazzella-companies,,eight,Industrial Automation,,,mazzellacompanies.com
MAZZELLA COMPANIES,https://www.linkedin.com/company/mazzella-companies,,71,Industrial Automation,,50000000,mazzellacompanies.com
MAZZELLA COMPANIES,https://www.linkedin.com/company/mazzella-companies,Ohio,71,Industrial Automation,,50000000,mazzellacompanies.com
MBW,,Wisconsin,79,Construction,,53637000,mbw.com
MBW,,Wisconsin,79,Construction,,,mbw.com
MBW,,Wisconsin,79,Construction,+19785446463,,mbw.com
MC ASSEMBLY,,,230,electrical/electronic manufacturing,,600000000,http://www.mcati.com
MC ASSEMBLY,,Florida,230,electrical/electronic manufacturing,,600000000,http://www.mcati.com
MC TANK TRANSPORT,https://www.linkedin.com/company/1900799,Louisiana,76,Transportation/Trucking/Railroad,,50000000,mctank.com
MC TANK TRANSPORT,https://www.linkedin.com/company/1900799,South Carolina,76,Transportation/Trucking/Railroad,,50000000,mctank.com
MCALEAR MARITIME STRATEGIES LLC,,,nine,,,,https://www.mcalearmaritimestrategies.com/
MCALEAR MARITIME STRATEGIES LLC,,,three,,,,https://www.mcalearmaritimestrategies.com/
MCC SOLUTIONS,,,120,Retail,,39430000,http://www.mccsolutions.net
MCC SOLUTIONS,,Tennessee,120,Retail,,39430000,http://www.mccsolutions.net
MCE,,,201-500,Automation Machinery Manufacturing,,34.2M,http://www.mceautomation.com
MCE,https://www.linkedin.com/company/27160097,,seven,Automation Machinery Manufacturing,,,http://www.mceautomation.com
MCE,https://www.linkedin.com/company/27160097,Pennsylvania,201-500,Automation Machinery Manufacturing,,34.2M,http://www.mceautomation.com
MCGREGOR METAL,,,201-500,Industrial Machinery Manufacturing,,43M,http://www.mcgregormetal.com
MCGREGOR METAL,https://linkedin.com/company/mcgregor-metalworking-companies,Ohio,201-500,Industrial Machinery Manufacturing,,43M,http://www.mcgregormetal.com
MCLANAHAN,,,201-500,Machinery Manufacturing,,88.4M,http://www.mclanahan.com
MCLANAHAN,https://www.linkedin.com/company/mclanahan-corporation,Pennsylvania,201-500,Machinery Manufacturing,,88.4M,http://www.mclanahan.com
MCMF PUBLISHING,,,nine,,,,https://www.theshortbookformula.com/
MCMF PUBLISHING,,,three,,,,https://www.theshortbookformula.com/
MCMILLAN ELECTRIC COMPANY,,,201-500,"Appliances, Electrical, and Electronics Manufacturing",,70.1M,http://www.mcmillanelectric.com
MCMILLAN ELECTRIC COMPANY,https://linkedin.com/company/mcmillan-electric-company,Wisconsin,201-500,"Appliances, Electrical, and Electronics Manufacturing",,70.1M,http://www.mcmillanelectric.com
MCNEILUS TRUCK AND MANUFACTURING,,Minnesota,570,Automotive,,142000000,mcneiluscompanies.com
MCNEILUS TRUCK AND MANUFACTURING,,Minnesota,570,Automotive,"+1-507-363-1829,+1-612-270-1161",,mcneiluscompanies.com
MCNEILUS TRUCK AND MANUFACTURING,,Minnesota,570,Automotive,+15073746321,,mcneiluscompanies.com
MCSWAIN CARPETS & FLOORS,,,120,Retail,,49901000,http://www.mcswaincarpets.com
MCSWAIN CARPETS & FLOORS,,Ohio,120,Retail,,49901000,http://www.mcswaincarpets.com
MDESIGN,,,201-500,Consumer Goods,,32.1M,https://mdesignhomedecor.com/
MDESIGN,https://www.linkedin.com/company/40832112,Ohio,201-500,Consumer Goods,,32.1M,https://mdesignhomedecor.com/
"MEC (MAYVILLE ENGINEERING COMPANY, INC.)",,,"1,001-5,000",Industrial Machinery Manufacturing,,478.5M,http://www.mecinc.com
"MEC (MAYVILLE ENGINEERING COMPANY, INC.)",https://linkedin.com/company/mayville-engineering-company,,nine,Industrial Machinery Manufacturing,,,http://www.mecinc.com
"MEC (MAYVILLE ENGINEERING COMPANY, INC.)",https://linkedin.com/company/mayville-engineering-company,Wisconsin,"1,001-5,000",Industrial Machinery Manufacturing,,478.5M,http://www.mecinc.com
MEDARTIS,,Indiana,94,medical devices,,166900000,medartisusa.com
MEDARTIS,,Indiana,94,medical devices,,,medartisusa.com
MEDARTIS,,Indiana,94,medical devices,+1-574-377-9581,,medartisusa.com
MENASHA PACKAGING,,,"1,001-5,000",Packaging and Containers Manufacturing,,387.3M,http://www.menasha.com
MENASHA PACKAGING,https://linkedin.com/company/menasha-packaging,,ten,Packaging and Containers Manufacturing,,,http://www.menasha.com
MENASHA PACKAGING,https://linkedin.com/company/menasha-packaging,Wisconsin,"1,001-5,000",Packaging and Containers Manufacturing,,387.3M,http://www.menasha.com
MERCHANTS FOODSERVICE,,,"501-1,000",Food and Beverage Services,,311.6M,http://merchantsfoodservice.com
MERCHANTS FOODSERVICE,https://linkedin.com/company/merchantsfs,Mississippi,"501-1,000",Food and Beverage Services,,311.6M,http://merchantsfoodservice.com
MERCURY PLASTICS,,,201-500,Plastics Manufacturing,,75M,https://www.mercury-plastics.com
MERCURY PLASTICS,https://www.linkedin.com/company/728044,Ohio,201-500,Plastics Manufacturing,,75M,https://www.mercury-plastics.com
MERCY HEALTH,,,13000,Hospital & Health Care,,,https://www.mercy.com/
MERCY HEALTH,https://www.linkedin.com/company/mercyhealth-chp/,,13000,Hospital & Health Care,,,https://www.mercy.com/
MERIDIAN BIOSCIENCE,,,"501-1,000",Medical Equipment Manufacturing,,333M,http://www.meridianbioscience.com
MERIDIAN BIOSCIENCE,https://linkedin.com/company/meridian-bioscience,Ohio,"501-1,000",Medical Equipment Manufacturing,,333M,http://www.meridianbioscience.com
MERIT ENERGY,,,201-500,Oil and Gas,,,http://www.meritenergy.com/
MERIT ENERGY,https://www.linkedin.com/company/merit-energy-company/,,201-500,Oil and Gas,,,http://www.meritenergy.com/
MERRILL,,,201-500,Defense and Space Manufacturing,,91M,http://www.MERRILLtg.com
MERRILL,https://linkedin.com/company/merrilltg,Michigan,201-500,Defense and Space Manufacturing,,91M,http://www.MERRILLtg.com
MERRILL STEEL,,,201-500,Fabricated Metal Products,,37.5M,http://www.merrillsteel.com/
MERRILL STEEL,https://linkedin.com/company/merrill-iron-&-steel-inc-,,five,Fabricated Metal Products,,,http://www.merrillsteel.com/
MERRILL STEEL,https://linkedin.com/company/merrill-iron-&-steel-inc-,Wisconsin,201-500,Fabricated Metal Products,,37.5M,http://www.merrillsteel.com/
MES - NATIONWIDE BLAST & PAINT RENTALS & SUPPLIES,,,11-50,Maritime,,,http://www.mesrentals.com/
MES - NATIONWIDE BLAST & PAINT RENTALS & SUPPLIES,https://www.linkedin.com/company/mesrentals/,,11-50,Maritime,,,http://www.mesrentals.com/
"MES, INC",,,51-200,Motor Vehicle Manufacturing,,116.1M,http://www.mesinc.net
"MES, INC",https://linkedin.com/company/mesinc2007,Ohio,51-200,Motor Vehicle Manufacturing,,116.1M,http://www.mesinc.net
MESSER CUTTING SYSTEMS,,,"501-1,000",Machinery Manufacturing,,45M,http://www.messer-cutting.com
MESSER CUTTING SYSTEMS,https://linkedin.com/company/messer-cutting-systems,Wisconsin,"501-1,000",Machinery Manufacturing,,45M,http://www.messer-cutting.com
METAL CRAFT AND RIVERSIDE MACHINE & ENGINEERING,,Minnesota,160,Aviation & Aerospace,,80000000,mcandrs.com
METAL CRAFT AND RIVERSIDE MACHINE & ENGINEERING,,Minnesota,160,Aviation & Aerospace,+17634411855,,mcandrs.com
METAL MATIC,,,"501-1,000",Executive Offices,,,http://www.metal-matic.com/
METAL MATIC,https://www.linkedin.com/company/metal-matic-inc./,,"501-1,000",Executive Offices,,,http://www.metal-matic.com/
"METALCRAFT OF MAYVILLE, INC.",,,"501-1,000",Industrial Machinery Manufacturing,,53.4M,http://www.mtlcraft.com
"METALCRAFT OF MAYVILLE, INC.",https://linkedin.com/company/metalcraft-of-mayville,Wisconsin,"501-1,000",Industrial Machinery Manufacturing,,53.4M,http://www.mtlcraft.com
METALTEK INTERNATIONAL,,Wisconsin,520,mining & metals,,210700000,metaltek.com
METALTEK INTERNATIONAL,,Wisconsin,520,mining & metals,+12625447777,,metaltek.com
METALWORKING,,,51-200,Machinery Manufacturing,,63M,http://www.metalworkinggroup.com
METALWORKING,https://linkedin.com/company/metalworking-group,Ohio,51-200,Machinery Manufacturing,,63M,http://www.metalworkinggroup.com
METROPOLITAN,,,"5,001-10,000",Insurance,,,https://www.metropolitan.co.za/
METROPOLITAN,https://www.linkedin.com/company/metropolitan-life/,,seven,Insurance,,,https://www.metropolitan.co.za/
METROPOLITAN,https://www.linkedin.com/company/metropolitan-life/,,"5,001-10,000",Insurance,,,https://www.metropolitan.co.za/
METSS CORPORATION,,,seven,,,,
METSS CORPORATION,,,11-50,Research Services,,,http://metss.com/
METSS CORPORATION,https://www.linkedin.com/company/metss-corporation/,,11-50,Research Services,,,http://metss.com/
METZGERS PRINTING & MAILING,,,51-200,Printing Services,,30M,http://www.metzgers.com
METZGERS PRINTING & MAILING,https://www.linkedin.com/company/229201,Ohio,51-200,Printing Services,,30M,http://www.metzgers.com
MFP AUTOMATION ENGINEERING,,,51-200,Automation Machinery Manufacturing,,51.1M,http://www.mifp.com
MFP AUTOMATION ENGINEERING,,Michigan,63,machinery,,51059000,mifp.com
MFP AUTOMATION ENGINEERING,,Michigan,63,machinery,+16165385700,,mifp.com
MFP AUTOMATION ENGINEERING,https://linkedin.com/company/mfp-incorporated,,nine,Automation Machinery Manufacturing,,,http://www.mifp.com
MFP AUTOMATION ENGINEERING,https://linkedin.com/company/mfp-incorporated,Michigan,51-200,Automation Machinery Manufacturing,,51.1M,http://www.mifp.com
MGS MFG. GROUP,,,"1,001-5,000",Plastics Manufacturing,,240M,http://www.mgsmfg.com
MGS MFG. GROUP,https://linkedin.com/company/mgs-mfg-group,,one,Plastics Manufacturing,,,http://www.mgsmfg.com
MGS MFG. GROUP,https://linkedin.com/company/mgs-mfg-group,Wisconsin,"1,001-5,000",Plastics Manufacturing,,240M,http://www.mgsmfg.com
MICELI DAIRY,,,201-500,Food and Beverage Manufacturing,,72.4M,http://www.miceli-dairy.com
MICELI DAIRY,https://www.linkedin.com/company/1688003,Ohio,201-500,Food and Beverage Manufacturing,,72.4M,http://www.miceli-dairy.com
MICHELMAN,,,201-500,Chemical Manufacturing,,225M,http://www.michelman.com
MICHELMAN,https://linkedin.com/company/michelman,Ohio,201-500,Chemical Manufacturing,,225M,http://www.michelman.com
MICHIGAN SUGAR,,,"1,001-5,000",Food and Beverage Manufacturing,,46.6M,http://www.michigansugar.com
MICHIGAN SUGAR,https://linkedin.com/company/michigan-sugar-co,Michigan,"1,001-5,000",Food and Beverage Manufacturing,,46.6M,http://www.michigansugar.com
MICHIGAN TURKEY PRODUCERS,,,"501-1,000",Food and Beverage Manufacturing,,46.0M,https://www.miturkey.com
MICHIGAN TURKEY PRODUCERS,https://linkedin.com/company/michigan-turkey-producers,Michigan,"501-1,000",Food and Beverage Manufacturing,,46.0M,https://www.miturkey.com
MICKEY THOMPSON TIRES,,,51-200,Motor Vehicle Manufacturing,,32.1M,http://www.mickeythompsontires.com
MICKEY THOMPSON TIRES,https://www.linkedin.com/company/2067451,,one,Motor Vehicle Manufacturing,,,http://www.mickeythompsontires.com
MICKEY THOMPSON TIRES,https://www.linkedin.com/company/2067451,Ohio,51-200,Motor Vehicle Manufacturing,,32.1M,http://www.mickeythompsontires.com
MICRO CONTROL COMPANY,,,120,"Appliances, Electrical, and Electronics Manufacturing",,58000000,microcontrol.com
MICRO CONTROL COMPANY,,Minnesota,120,"Appliances, Electrical, and Electronics Manufacturing",,58000000,microcontrol.com
MICRODENTAL LABORATORIES,,,201-500,Medical Device,,45450000,http://www.microdental.com
MICRODENTAL LABORATORIES,https://www.linkedin.com/company/76168,Ohio,201-500,Medical Device,,45450000,http://www.microdental.com
MICROMATIC LLC,,Indiana,56,machinery,,40000000,micromaticllc.com
MICROMATIC LLC,,Indiana,56,machinery,+1 (800) 333-5752,,micromaticllc.com
MICROMERITICS INSTRUMENT,,,300,electrical/electronic manufacturing,,30000000,http://www.micromeritics.com
MICROMERITICS INSTRUMENT,,Georgia,300,electrical/electronic manufacturing,,30000000,http://www.micromeritics.com
MICROMETL CORPORATION,,Indiana,180,machinery,,$341.6M,micrometl.com
MICROMETL CORPORATION,,Indiana,180,machinery,+1 (317) 524-5400,,micrometl.com
MICROPOISE,,,201-500,Measuring and Control Instrument Manufacturing,,48.2M,http://www.micropoise.com
MICROPOISE,https://www.linkedin.com/company/1760298,Ohio,201-500,Measuring and Control Instrument Manufacturing,,48.2M,http://www.micropoise.com
MICRO-POISE MEASUREMENT,,,120,electrical/electronic manufacturing,,48159000,http://www.micropoise.com
MICRO-POISE MEASUREMENT,,Ohio,120,electrical/electronic manufacturing,,48159000,http://www.micropoise.com
MICROPULSE,,Indiana,170,medical devices,,36569000,micropulseinc.com
MICROPULSE,,Indiana,170,medical devices,+1-260-414-8215,,micropulseinc.com
MICROSOFT,,,six,,,,
MICROSOFT,,,"10,001+",Software Development,,,https://microsoft.com/
MICROSOFT,https://www.linkedin.com/company/microsoft/,,"10,001+",Software Development,,,https://microsoft.com/
MICRO-TECH ENDOSCOPY,,Michigan,140,medical devices,,25000000,mtendoscopy.com
MICRO-TECH ENDOSCOPY,,Michigan,140,medical devices,+18775524027,,mtendoscopy.com
MIDMARK,,,"1,001-5,000",Medical Equipment Manufacturing,,500M,http://www.midmark.com
MIDMARK,https://www.linkedin.com/company/36369,Ohio,"1,001-5,000",Medical Equipment Manufacturing,,500M,http://www.midmark.com
MIDWAY PRODUCTS GROUP,,Michigan,280,Automotive,,405500000,midwayproducts.com
MIDWAY PRODUCTS GROUP,,Michigan,280,Automotive,+13147398585,,midwayproducts.com
MIDWAY PRODUCTS GROUP,,Michigan,280,Automotive,+17342417242,,midwayproducts.com
MIDWEST INDUSTRIAL SUPPLY,,,51-200,Chemical Manufacturing,,58.9M,https://www.midwestind.com
MIDWEST INDUSTRIAL SUPPLY,https://www.linkedin.com/company/576101,Ohio,51-200,Chemical Manufacturing,,58.9M,https://www.midwestind.com
MIDWESTERN AUTO GROUP,,,201-500,Motor Vehicle Manufacturing,,52M,http://www.magcars.com
MIDWESTERN AUTO GROUP,https://linkedin.com/company/midwestern-auto-group,Ohio,201-500,Motor Vehicle Manufacturing,,52M,http://www.magcars.com
MIDWESTERN PET FOODS,,Indiana,150,Mechanical Or Industrial Engineering,,80000000,midwesternpetfoods.com
MIDWESTERN PET FOODS,,Indiana,150,Mechanical Or Industrial Engineering,+61736305977,,midwesternpetfoods.com
MIGHTY,,,2-10,Business Consulting and Services,,,https://mightybranding.com/
MIGHTY,https://www.linkedin.com/company/thinkmighty/,,2-10,Business Consulting and Services,,,https://mightybranding.com/
MIKE MCCONNELL INC.,,,three,,,,
MIKE MCCONNELL INC.,,,one,,,,
"MILK SOURCE, LLC",,,"501-1,000",Dairy Product Manufacturing,,82.1M,http://www.milksource.com
"MILK SOURCE, LLC",https://linkedin.com/company/milksource-llc,,three,Dairy Product Manufacturing,,,http://www.milksource.com
"MILK SOURCE, LLC",https://linkedin.com/company/milksource-llc,Wisconsin,"501-1,000",Dairy Product Manufacturing,,82.1M,http://www.milksource.com
MILLCRAFT,,,201-500,Paper and Forest Product Manufacturing,,55M,http://millcraft.com
MILLCRAFT,https://linkedin.com/company/millcraft,Ohio,201-500,Paper and Forest Product Manufacturing,,55M,http://millcraft.com
MILLER ELECTRIC MFG. LLC,,,"1,001-5,000",Machinery Manufacturing,,380.2M,http://www.MillerWelds.com
MILLER ELECTRIC MFG. LLC,https://linkedin.com/company/millerwelders,,nine,Machinery Manufacturing,,,http://www.MillerWelds.com
MILLER ELECTRIC MFG. LLC,https://linkedin.com/company/millerwelders,Wisconsin,"1,001-5,000",Machinery Manufacturing,,380.2M,http://www.MillerWelds.com
MILLER FABRICATION SOLUTIONS,,,201-500,Machinery Manufacturing,,30.4M,http://www.millerfabricationsolutions.com
MILLER FABRICATION SOLUTIONS,https://www.linkedin.com/company/756565,Pennsylvania,201-500,Machinery Manufacturing,,30.4M,http://www.millerfabricationsolutions.com
MILLER TRANSFER,https://www.linkedin.com/company/miller-transfer,,88,Transportation/Trucking/Railroad,,10000000,millertransfer.com
MILLER TRANSFER,https://www.linkedin.com/company/miller-transfer,Kentucky,88,Transportation/Trucking/Railroad,,10000000,millertransfer.com
MILLER TRANSFER,https://www.linkedin.com/company/miller-transfer,norfolk city county,88,Transportation/Trucking/Railroad,,10000000,millertransfer.com
MILLER TRANSFER,https://www.linkedin.com/company/miller-transfer,Tennessee,88,Transportation/Trucking/Railroad,,10000000,millertransfer.com
MILLERBERND,,,201-500,Construction,,30M,http://www.millerbernd.com
MILLERBERND,https://linkedin.com/company/millerbernd-manufacturing-co-,Minnesota,201-500,Construction,,30M,http://www.millerbernd.com
MILLER'S TEXTILE,,,51-200,Textile Manufacturing,,30.4M,http://www.millerstextile.com
MILLER'S TEXTILE,https://www.linkedin.com/company/4001101,Ohio,51-200,Textile Manufacturing,,30.4M,http://www.millerstextile.com
MILSCO LLC,,,"501-1,000",Motor Vehicle Manufacturing,,300M,http://www.milsco.com
MILSCO LLC,https://linkedin.com/company/milsco-manufacturing,Wisconsin,"501-1,000",Motor Vehicle Manufacturing,,300M,http://www.milsco.com
MILTON HOUSE MUSEUM,,,ten,,,,https://miltonhouse.org/
MILTON HOUSE MUSEUM,,,five,,,,https://miltonhouse.org/
MILWAUKEE ELECTRONICS,,,"501-1,000","Appliances, Electrical, and Electronics Manufacturing",,70M,http://www.MilwaukeeElectronics.com
MILWAUKEE ELECTRONICS,https://linkedin.com/company/milwaukee-electronics,Wisconsin,"501-1,000","Appliances, Electrical, and Electronics Manufacturing",,70M,http://www.MilwaukeeElectronics.com
MILWAUKEE FORGE,,Wisconsin,56,machinery,,39979000,milwaukeeforge.com
MILWAUKEE FORGE,,Wisconsin,56,machinery,+1 (414) 744-4565,,milwaukeeforge.com
MINK CHIROPRACTIC CENTER,,,9,"health, wellness & fitness",,,https://www.minkchiro.com/
MINK CHIROPRACTIC CENTER,http://www.linkedin.com/company/mink-chiropractic-center,,9,"health, wellness & fitness",,,https://www.minkchiro.com/
MINNEAPOLIS PARK & RECREATION BOARD,,,420,Recreational Facilities & Services,,,https://www.minneapolisparks.org/
MINNEAPOLIS PARK & RECREATION BOARD,https://www.linkedin.com/company/minneapolis-park-and-recreation-board/,,420,Recreational Facilities & Services,,,https://www.minneapolisparks.org/
MINNEAPOLIS RADIATION ONCOLOGY,,,51-200,Hospitals and Health Care,,,https://mropa.com/
MINNEAPOLIS RADIATION ONCOLOGY,https://www.linkedin.com/company/minneapolis-radiation-oncology-p-a-/,,51-200,Hospitals and Health Care,,,https://mropa.com/
"MIRACLE-EAR, INC.",,Minnesota,1300,medical devices,,100000000,miracle-ear.com
"MIRACLE-EAR, INC.",,Minnesota,1300,medical devices,+18004648002,,miracle-ear.com
MITCHELL HAMLINE SCHOOL OF LAW,,,51-200,Higher Education,,,https://mitchellhamline.edu/
MITCHELL HAMLINE SCHOOL OF LAW,https://www.linkedin.com/school/mitchell-hamline-school-of-law/,,51-200,Higher Education,,,https://mitchellhamline.edu/
MITSUBISHI ELECTRIC POWER PRODUCTS,,,"1,001-5,000","Appliances, Electrical, and Electronics Manufacturing",,400M,http://www.meppi.com
MITSUBISHI ELECTRIC POWER PRODUCTS,,,800,electrical/electronic manufacturing,,486000000,http://www.meppi.com
MITSUBISHI ELECTRIC POWER PRODUCTS,https://www.linkedin.com/company/mitsubishi-electric-power-products-inc.,Pennsylvania,"1,001-5,000","Appliances, Electrical, and Electronics Manufacturing",,400M,http://www.meppi.com
MITSUBISHI ELECTRIC TRANE US,,,760,electrical/electronic manufacturing,,125000000,https://www.mitsubishicomfort.com/
MITSUBISHI ELECTRIC TRANE US,,Georgia,760,electrical/electronic manufacturing,,125000000,https://www.mitsubishicomfort.com/
MME GROUP INC.,,Minnesota,200,Plastics Manufacturing,,45500000,mmegroupinc.com
MME GROUP INC.,,Minnesota,200,Plastics Manufacturing,+1 (919) 861-8000,,mmegroupinc.com
MOBILE SPORTS & ENTERTAINMENT GROUP,,,three,,,,https://mobileseg.com/
MOBILE SPORTS & ENTERTAINMENT GROUP,,,four,,,,https://mobileseg.com/
MOBILE SPORTS AUTHORITY,,,3,Sports,,,https://www.mobilesportsauthority.com/
MOBILE SPORTS AUTHORITY,http://www.linkedin.com/company/mobile-sports-authority-inc-,,3,Sports,,,https://www.mobilesportsauthority.com/
MODA4 DESIGN + ARCHITECTURE,,,14,Architecture & Planning,,,http://www.moda4.com/
MODA4 DESIGN + ARCHITECTURE,https://www.linkedin.com/company/moda4-design/,,14,Architecture & Planning,,,http://www.moda4.com/
MODANI FURNITURE,,,110,Retail,,29724000,http://www.modani.com
MODANI FURNITURE,,Florida,110,Retail,,29724000,http://www.modani.com
MODELS & TOOLS,,,77,Aviation and Aerospace Component Manufacturing,,25200000,modelsandtools.com
MODELS & TOOLS,,Michigan,77,Aviation and Aerospace Component Manufacturing,,25200000,modelsandtools.com
MODERN,,,201-500,Machinery Manufacturing,,67.6M,http://www.moderngroup.com
MODERN,https://www.linkedin.com/company/modern-group,Pennsylvania,201-500,Machinery Manufacturing,,67.6M,http://www.moderngroup.com
MODERN OFFICE METHODS,,,200,Retail,,29878000,http://www.momnet.com
MODERN OFFICE METHODS,,Ohio,200,Retail,,29878000,http://www.momnet.com
MODINEER,,,"1,001-5,000",Manufacturing,,115M,http://www.modineer.com
MODINEER,https://www.linkedin.com/company/807179,Michigan,"1,001-5,000",Manufacturing,,115M,http://www.modineer.com
MOELLER AEROSPACE,,,"501-1,000",Aviation and Aerospace Component Manufacturing,,50M,https://www.moeller-aerospace.com
MOELLER AEROSPACE,https://linkedin.com/company/moeller-manufacturing,Michigan,"501-1,000",Aviation and Aerospace Component Manufacturing,,50M,https://www.moeller-aerospace.com
MOELLER PRECISION TOOL,,Michigan,110,machinery,,54400000,moellerprecisiontool.com
MOELLER PRECISION TOOL,,Michigan,110,machinery,+12486681166,,moellerprecisiontool.com
MOLDED FIBER GLASS COMPANIES,,,"1,001-5,000",Plastics Manufacturing,,200M,http://www.moldedfiberglass.com
MOLDED FIBER GLASS COMPANIES,https://www.linkedin.com/company/876196,Ohio,"1,001-5,000",Plastics Manufacturing,,200M,http://www.moldedfiberglass.com
MOLIN CONCRETE PRODUCTS COMPANY,,,201-500,Construction,,,https://www.molin.com/
MOLIN CONCRETE PRODUCTS COMPANY,https://www.linkedin.com/company/molin-concrete-products-company/,,201-500,Construction,,,https://www.molin.com/
MONROE TRUCK EQUIPMENT,,,"501-1,000",Motor Vehicle Manufacturing,,270M,http://www.monroetruck.com
MONROE TRUCK EQUIPMENT,https://linkedin.com/company/monroe-truck-equipment,Wisconsin,"501-1,000",Motor Vehicle Manufacturing,,270M,http://www.monroetruck.com
MONTI,,,150,electrical/electronic manufacturing,,60000000,http://www.monti-inc.com
MONTI,,Ohio,150,electrical/electronic manufacturing,,60000000,http://www.monti-inc.com
MOR FURNITURE FOR LESS,,,"501-1,000",Retail Furniture and Home Furnishings,,,https://www.morfurniture.com/
MOR FURNITURE FOR LESS,https://www.linkedin.com/company/mor-furniture/,,"501-1,000",Retail Furniture and Home Furnishings,,,https://www.morfurniture.com/
MORGAN STANLEY,,,"10,001+",Financial Services,,,http://www.morganstanley.com/
MORGAN STANLEY,https://www.linkedin.com/school/haslam-college-of-business/,,"10,001+",Financial Services,,,http://www.morganstanley.com/
MORNINGSTAR CORPORATION,,Pennsylvania,52,electrical/electronic manufacturing,,25000000,morningstarcorp.com
MORNINGSTAR CORPORATION,,Pennsylvania,52,electrical/electronic manufacturing,+12153214457,,morningstarcorp.com
MORRELL,,,51-200,Automation Machinery Manufacturing,,50M,http://www.morrell-group.com
MORRELL,https://linkedin.com/company/morrellgroup,Michigan,51-200,Automation Machinery Manufacturing,,50M,http://www.morrell-group.com
MORRELL GROUP,,,170,Automation Machinery Manufacturing,,50000000,morrell-group.com
MORRELL GROUP,,Michigan,170,Automation Machinery Manufacturing,,50000000,morrell-group.com
MOSS & BARNETT,,,51-200,Law Practice,,,https://www.lawmoss.com/
MOSS & BARNETT,https://www.linkedin.com/company/moss-and-barnett-p-a-/,,51-200,Law Practice,,,https://www.lawmoss.com/
MOSSY OAK,,,180,Retail,,40816000,http://www.mossyoak.com
MOSSY OAK,,Mississippi,180,Retail,,40816000,http://www.mossyoak.com
MOTION DYNAMICS CORPORATION,,Michigan,80,medical devices,,26000000,motiondc.com
MOTION DYNAMICS CORPORATION,,Michigan,80,medical devices,+1-231-740-5964,,motiondc.com
MOTION DYNAMICS CORPORATION,,Michigan,80,medical devices,+1-612-619-6883,,motiondc.com
MOTUS INTEGRATED,,,"1,001-5,000",Motor Vehicle Manufacturing,,40M,http://www.motusintegrated.com
MOTUS INTEGRATED,https://www.linkedin.com/company/3865111,Michigan,"1,001-5,000",Motor Vehicle Manufacturing,,40M,http://www.motusintegrated.com
MOUNTAIN HIGH OUTFITTERS,,,150,Retail,,26057000,http://www.mountainhighoutfitters.com
MOUNTAIN HIGH OUTFITTERS,,Alabama,150,Retail,,26057000,http://www.mountainhighoutfitters.com
MOWRY & GRIMSON,,,11-50,Law Practice,,,http://www.mowrygrimson.com/
MOWRY & GRIMSON,https://www.linkedin.com/company/mowry-&-grimson/,,11-50,Law Practice,,,http://www.mowrygrimson.com/
"MPI | MAGNETIC PRODUCTS, INC.",,Michigan,51,machinery,,25000000,mpimagnet.com
"MPI | MAGNETIC PRODUCTS, INC.",,Michigan,51,machinery,+12488875600,,mpimagnet.com
MPI PRODUCTS,,,"1,001-5,000",Motor Vehicle Manufacturing,,75000000,http://www.mpiproducts.com
MPI PRODUCTS,https://www.linkedin.com/company/1170215,Michigan,"1,001-5,000",Motor Vehicle Manufacturing,,75000000,http://www.mpiproducts.com
MRPC,,,51-200,Medical Equipment Manufacturing,,48M,https://www.mrpcorp.com/
MRPC,,Wisconsin,130,medical devices,,48000000,mrpcorp.com
MRPC,,Wisconsin,130,medical devices,"+1-262-781-7122,+1-920-716-2981",,mrpcorp.com
MRPC,,Wisconsin,130,medical devices,+1-715-222-1752,,mrpcorp.com
MRPC,,Wisconsin,130,medical devices,+1-920-277-7283,,mrpcorp.com
MRPC,https://linkedin.com/company/mrpc,Wisconsin,51-200,Medical Equipment Manufacturing,,48M,https://www.mrpcorp.com/
MRS. T'S PIEROGIES,,,201-500,Food Production,,68.5M,http://www.mrstspierogies.com
MRS. T'S PIEROGIES,https://www.linkedin.com/company/1278304,Pennsylvania,201-500,Food Production,,68.5M,http://www.mrstspierogies.com
MS METAL SOLUTIONS,,Michigan,72,Machinery Manufacturing,,$35.6M,msmetalsolutions.com
MS METAL SOLUTIONS,,Michigan,72,Machinery Manufacturing,+1 (616) 842-2581,,msmetalsolutions.com
MSSC,,,"501-1,000",Motor Vehicle Manufacturing,,109.1M,http://www.msscna.com
MSSC,https://linkedin.com/company/mssc,Michigan,"501-1,000",Motor Vehicle Manufacturing,,109.1M,http://www.msscna.com
MTI,,,"501-1,000",Aviation and Aerospace Component Manufacturing,,52.5M,http://www.MTImotion.com
MTI,,Wisconsin,460,Aviation & Aerospace,,68700000,mtimotion.com
MTI,,Wisconsin,460,Aviation & Aerospace,+18005551234,,mtimotion.com
MTI,https://linkedin.com/company/mtimotion,Wisconsin,"501-1,000",Aviation and Aerospace Component Manufacturing,,52.5M,http://www.MTImotion.com
MUCHO FRUTO,,,three,,,,
MUCHO FRUTO,,,five,,,,
MULTIPLE,,,2/10/2023,Civic and Social Organizations,,,https://www.multiplehub.org/
MULTIPLE,https://www.linkedin.com/company/multiplehub/,,2/10/2023,Civic and Social Organizations,,,https://www.multiplehub.org/
MUM INDUSTRIES,,,51-200,"Appliances, Electrical, and Electronics Manufacturing",,45M,http://www.mumindustries.com/
MUM INDUSTRIES,https://www.linkedin.com/company/3810838,Ohio,51-200,"Appliances, Electrical, and Electronics Manufacturing",,45M,http://www.mumindustries.com/
MUSASHI AMERICAS,,Michigan,300,Automotive,,148500000,musashiamericas.com
MUSASHI AMERICAS,,Michigan,300,Automotive,+12483861600,,musashiamericas.com
MUZA METAL PRODUCTS,,Wisconsin,98,mining & metals,,42000000,muzametal.com
MUZA METAL PRODUCTS,,Wisconsin,98,mining & metals,+19202363535,,muzametal.com
MYERS EMERGENCY POWER SYSTEMS,,,51,"Appliances, Electrical, and Electronics Manufacturing",,32100000,myerseps.com
MYERS EMERGENCY POWER SYSTEMS,,Pennsylvania,51,"Appliances, Electrical, and Electronics Manufacturing",,32100000,myerseps.com
NABCO ENTRANCES,,Wisconsin,180,Construction,,75000000,nabcoentrances.com
NABCO ENTRANCES,,Wisconsin,180,Construction,+1-414-412-0919,,nabcoentrances.com
NABCO ENTRANCES,,Wisconsin,180,Construction,+18776222694,,nabcoentrances.com
NANOLUMENS,,,110,electrical/electronic manufacturing,,29000000,http://www.nanolumens.com
NANOLUMENS,,Georgia,110,electrical/electronic manufacturing,,29000000,http://www.nanolumens.com
NANOTRONICS,https://www.linkedin.com/company/nanotronics-imaging,,two,Industrial Automation,,,nanotronics.co
NANOTRONICS,https://www.linkedin.com/company/nanotronics-imaging,Ohio,88,Industrial Automation,,10000000,nanotronics.co
NANSHAN AMERICA,,Indiana,140,mining & metals,,70200000,nanshanusa.com
NANSHAN AMERICA,,Indiana,140,mining & metals,+1-404-975-7184,,nanshanusa.com
NANSHAN AMERICA,,Indiana,140,mining & metals,+17658382697,,nanshanusa.com
NASCO,,,210,Retail,,318300000,nascoeducation.com
NASCO,,Wisconsin,210,Retail,,318300000,nascoeducation.com
NATIONAL BUSINESS FURNITURE,,,201-500,Furniture and Home Furnishings Manufacturing,,119.1M,https://www.nationalbusinessfurniture.com/
NATIONAL BUSINESS FURNITURE,https://linkedin.com/company/national-business-furniture,,five,Furniture and Home Furnishings Manufacturing,,,https://www.nationalbusinessfurniture.com/
NATIONAL BUSINESS FURNITURE,https://linkedin.com/company/national-business-furniture,Wisconsin,201-500,Furniture and Home Furnishings Manufacturing,,119.1M,https://www.nationalbusinessfurniture.com/
NATIONAL CENTER FOR DEFENSE MANUFACTURING & MACHINING (NCDMM),,Pennsylvania,51,Defense & Space,,$43M,ncdmm.org
NATIONAL CENTER FOR DEFENSE MANUFACTURING & MACHINING (NCDMM),,Pennsylvania,51,Defense & Space,+17245398811,,ncdmm.org
NATIONAL CENTER FOR DEFENSE MANUFACTURING & MACHINING (NCDMM),,Pennsylvania,51,Defense & Space,+18142449828,,ncdmm.org
NATIONAL ELECTRIC COIL,,,150,electrical/electronic manufacturing,,46427000,http://www.national-electric-coil.com
NATIONAL ELECTRIC COIL,,Ohio,150,electrical/electronic manufacturing,,46427000,http://www.national-electric-coil.com
NATIONAL GENERAL,,,"5,001-10,000",Insurance,,,http://www.nationalgeneral.com/
NATIONAL GENERAL,https://www.linkedin.com/company/national-general-insurance/,,"5,001-10,000",Insurance,,,http://www.nationalgeneral.com/
NATIONAL MACHINERY,,,201-500,Machinery Manufacturing,,44.2M,http://www.nationalmachinery.com/
NATIONAL MACHINERY,https://www.linkedin.com/company/118460,,1000,machinery,,100000000,nationalmachinery.com
NATIONAL MACHINERY,https://www.linkedin.com/company/118460,Ohio,201-500,Machinery Manufacturing,,44.2M,http://www.nationalmachinery.com/
NATIONAL OAK DISTRIBUTORS,,,201-500,Motor Vehicle Manufacturing,,97M,http://www.nationaloak.com
NATIONAL OAK DISTRIBUTORS,https://linkedin.com/company/national-oak-distributors-inc.,,one,Motor Vehicle Manufacturing,,,http://www.nationaloak.com
NATIONAL OAK DISTRIBUTORS,https://linkedin.com/company/national-oak-distributors-inc.,Florida,201-500,Motor Vehicle Manufacturing,,97M,http://www.nationaloak.com
NATIONAL PRESTO INDUSTRIES,,,"501-1,000",Manufacturing,,308.0M,http://www.gopresto.com/
NATIONAL PRESTO INDUSTRIES,https://linkedin.com/company/national-presto-industries,Wisconsin,"501-1,000",Manufacturing,,308.0M,http://www.gopresto.com/
NATIONAL SPORTS COMMITTEE OF INDONESIA,,,51-200,Spectator Sports,,,https://koni.or.id/
NATIONAL SPORTS COMMITTEE OF INDONESIA,https://www.linkedin.com/company/konipusat/,,three,Spectator Sports,,,https://koni.or.id/
NATIONAL SPORTS COMMITTEE OF INDONESIA,https://www.linkedin.com/company/konipusat/,,51-200,Spectator Sports,,,https://koni.or.id/
NATIONS ROOF,,,390,Construction,,,http://www.nationsroof.com/
NATIONS ROOF,https://www.linkedin.com/company/nations-roof-llc/,,390,Construction,,,http://www.nationsroof.com/
NATIONWIDE,,,six,,,,
NATIONWIDE,,,"10,001+",Insurance,,,https://www.nationwide.com/
NATIONWIDE,,,31000,Insurance,,,https://www.nationwide.com/
NATIONWIDE,,,31000,Insurance,,,https://www.nationwide.com/
NATIONWIDE,https://www.linkedin.com/company/nationwide/,,three,Insurance,,,https://www.nationwide.com/
NATIONWIDE,https://www.linkedin.com/company/nationwide/,,"10,001+",Insurance,,,https://www.nationwide.com/
NATIONWIDE,https://www.linkedin.com/company/nationwide/,,31000,Insurance,,,https://www.nationwide.com/
NATURAL LIFE,,,320,Retail,,29236000,http://www.naturallife.com
NATURAL LIFE,,Florida,320,Retail,,29236000,http://www.naturallife.com
NATUS MEDICAL INCORPORATED,,,"1,001-5,000",Medical Equipment Manufacturing,,478.3M,http://www.natus.com
NATUS MEDICAL INCORPORATED,https://linkedin.com/company/natus-medical,Wisconsin,"1,001-5,000",Medical Equipment Manufacturing,,478.3M,http://www.natus.com
NAVISTAR DEFENSE,,,201-500,Defense and Space Manufacturing,,151M,http://www.NavistarDefense.com
NAVISTAR DEFENSE,https://linkedin.com/company/navistar-defense,Michigan,201-500,Defense and Space Manufacturing,,151M,http://www.NavistarDefense.com
NCC AUTOMATED SYSTEMS,,Pennsylvania,71,Industrial Automation,,118300000,nccas.com
NCC AUTOMATED SYSTEMS,,Pennsylvania,71,Industrial Automation,+12157211900,,nccas.com
NCC AUTOMATED SYSTEMS,,Pennsylvania,71,Industrial Automation,+12672784593,,nccas.com
NCP COATINGS,,,51-200,Chemical Manufacturing,,31.4M,http://www.ncpcoatings.com
NCP COATINGS,https://linkedin.com/company/ncp-coatings-llc,Michigan,51-200,Chemical Manufacturing,,31.4M,http://www.ncpcoatings.com
ND INDUSTRIES,,,201-500,Automation Machinery Manufacturing,,42.3M,https://www.ndindustries.com
ND INDUSTRIES,https://linkedin.com/company/nd-industries-inc,Michigan,201-500,Automation Machinery Manufacturing,,42.3M,https://www.ndindustries.com
NDC TECHNOLOGIES,,,201-500,Automation Machinery Manufacturing,,86.5M,http://www.ndc.com
NDC TECHNOLOGIES,https://linkedin.com/company/nordson-mcs,Ohio,201-500,Automation Machinery Manufacturing,,86.5M,http://www.ndc.com
"NEENAH ENTERPRISES, INC.",,,"1,001-5,000",Manufacturing,,149.6M,http://www.groupnei.com
"NEENAH ENTERPRISES, INC.",https://linkedin.com/company/neenah-enterprises-inc,,eight,Manufacturing,,,http://www.groupnei.com
"NEENAH ENTERPRISES, INC.",https://linkedin.com/company/neenah-enterprises-inc,Wisconsin,"1,001-5,000",Manufacturing,,149.6M,http://www.groupnei.com
NEENAH FOUNDRY COMPANY,,Wisconsin,200,mining & metals,,214000000,groupnei.com
NEENAH FOUNDRY COMPANY,,Wisconsin,200,mining & metals,+1-717-517-1433,,groupnei.com
NEENAH FOUNDRY COMPANY,,Wisconsin,200,mining & metals,+19207293464,,groupnei.com
NEFF PACKAGING SOLUTIONS,,Kentucky,55,Packaging & Containers,,44000000,neffpackaging.com
NEFF PACKAGING SOLUTIONS,,Kentucky,55,Packaging & Containers,+15027225020,,neffpackaging.com
NELSON GLOBAL,,,810,Industrial Machinery Manufacturing,,600000000,nelsongp.com
NELSON GLOBAL,,Wisconsin,810,Industrial Machinery Manufacturing,,600000000,nelsongp.com
NELSON INK,,,<25,,,,https://www.nelsonink.com/
NELSON INK,,,<25,,,,https://www.nelsonink.com/
NEOCOIL,,Wisconsin,60,medical devices,,33400000,neocoil.com
NEOCOIL,,Wisconsin,60,medical devices,+1-312-286-6524,,neocoil.com
NEOCOIL,,Wisconsin,60,medical devices,+1-407-973-7363,,neocoil.com
NEPTUNE TECHNOLOGY GROUP,,,630,electrical/electronic manufacturing,,53781000,http://www.neptunetg.com
NEPTUNE TECHNOLOGY GROUP,,Alabama,630,electrical/electronic manufacturing,,53781000,http://www.neptunetg.com
NEURONETICS,,,201-500,Medical Equipment Manufacturing,,65.2M,http://www.neurostar.com/
NEURONETICS,https://www.linkedin.com/company/147038,Pennsylvania,201-500,Medical Equipment Manufacturing,,65.2M,http://www.neurostar.com/
NEW BERLIN PLASTICS,,Wisconsin,70,plastics,,$36.9M,nbplastics.com
NEW BERLIN PLASTICS,,Wisconsin,70,plastics,+1 (262) 784-3120,,nbplastics.com
NEW HUDSON FACADES,,Pennsylvania,230,Construction,,28900000,newhudsonfacades.com
NEW HUDSON FACADES,,Pennsylvania,230,Construction,+1-610-393-6340,,newhudsonfacades.com
NEW HUDSON FACADES,,Pennsylvania,230,Construction,+1-708-361-5637,,newhudsonfacades.com
NEW PIG,,,"501-1,000",Manufacturing,,203.7M,http://www.newpig.com
NEW PIG,https://www.linkedin.com/company/new-pig,Pennsylvania,"501-1,000",Manufacturing,,203.7M,http://www.newpig.com
NEW PLASTICS,,Wisconsin,80,plastics,,$27.5M,newplasticscorp.com
NEW PLASTICS,,Wisconsin,80,plastics,+1 (920) 845-2326,,newplasticscorp.com
NEW STANDARD,,,201-500,Manufacturing,,70M,http://www.newstandard.com
NEW STANDARD,https://www.linkedin.com/company/691757,,ten,Manufacturing,,,http://www.newstandard.com
NEW STANDARD,https://www.linkedin.com/company/691757,North Carolina,201-500,Manufacturing,,70M,http://www.newstandard.com
NEWAGE INDUSTRIES,,,201-500,Plastics Manufacturing,,79.3M,http://www.newageindustries.com
NEWAGE INDUSTRIES,https://www.linkedin.com/company/1613405,Pennsylvania,201-500,Plastics Manufacturing,,79.3M,http://www.newageindustries.com
NEWCASTLE PROPERTIES,,,seven,Real Estate,,,https://www.newcastle83.com/
NEWCASTLE PROPERTIES,,,three,Real Estate,,,https://www.newcastle83.com/
NEWTEKONE,,,11-50,Financial Services,,,https://www.newtekone.com/
NEWTEKONE,https://www.linkedin.com/company/sugartreemarketing/,,11-50,Financial Services,,,https://www.newtekone.com/
NEWTEKONE (NASDAQ: NEWT),,,410,Financial Services,,,http://www.newtekone.com/
NEWTEKONE (NASDAQ: NEWT),https://www.linkedin.com/company/newtekone/,,410,Financial Services,,,http://www.newtekone.com/
NEXT LEVEL DISTRIBUTION,,,200,electrical/electronic manufacturing,,28071000,http://www.getnextlevel.com
NEXT LEVEL DISTRIBUTION,,Florida,200,electrical/electronic manufacturing,,28071000,http://www.getnextlevel.com
NEXT STAGE GROWTH PARTNERS,,,six,,,,http://nextstagegrowth.com/
NEXT STAGE GROWTH PARTNERS,,,one,,,,http://nextstagegrowth.com/
NEXTEK,,,120,electrical/electronic manufacturing,,37000000,http://www.nextekinc.com
NEXTEK,,Alabama,120,electrical/electronic manufacturing,,37000000,http://www.nextekinc.com
NEXTERN,,Minnesota,1000,medical devices,,81600000,nextern.com
NEXTERN,,Minnesota,1000,medical devices,+1 (651) 203-2100,,nextern.com
NEXTHERMAL,,Michigan,70,machinery,,$25.8M,nexthermal.com
NEXTHERMAL,,Michigan,70,machinery,+1 (269) 964-0271,,nexthermal.com
NGK SPARK PLUGS,,,"501-1,000",Motor Vehicle Manufacturing,,40000000,http://www.ngksparkplugs.com
NGK SPARK PLUGS,https://www.linkedin.com/company/154116,Michigan,"501-1,000",Motor Vehicle Manufacturing,,40000000,http://www.ngksparkplugs.com
NGROUP,https://www.linkedin.com/company/589501,,eight,Logistics and Supply Chain,,,ngroup.biz
NGROUP,https://www.linkedin.com/company/589501,Ohio,51,Logistics and Supply Chain,,50000000,ngroup.biz
NIAGARA BOTTLING,,,seven,,,,
NIAGARA BOTTLING,,,"5,001-10,000",Food and Beverage Services,,,https://www.niagarawater.com/
NIAGARA BOTTLING,https://www.linkedin.com/company/niagara-bottling/,,"5,001-10,000",Food and Beverage Services,,,https://www.niagarawater.com/
NICO CORPORATION,,Indiana,94,medical devices,,25000000,niconeuro.com
NICO CORPORATION,,Indiana,94,medical devices,+1-260-358-7875,,niconeuro.com
NICO CORPORATION,,Indiana,94,medical devices,+13176607118,,niconeuro.com
NICO CORPORATION,,Indiana,94,medical devices,+1-502-523-4811,,niconeuro.com
NICO CORPORATION,,Indiana,94,medical devices,+1-630-234-7519,,niconeuro.com
NIDEC MINSTER,,,"501-1,000",Machinery Manufacturing,,148.5M,http://www.minster.com
NIDEC MINSTER,https://www.linkedin.com/company/267252,Ohio,"501-1,000",Machinery Manufacturing,,148.5M,http://www.minster.com
NIFCO AMERICA CORP.,,,"501-1,000",Motor Vehicle Manufacturing,,,http://www.nifcousa.com/
NIFCO AMERICA CORP.,https://linkedin.com/company/nifco-america-corp/,Ohio,"501-1,000",Motor Vehicle Manufacturing,,,http://www.nifcousa.com/
NINE LINE APPAREL,,,120,Apparel & Fashion,,27106000,http://www.ninelineapparel.com
NINE LINE APPAREL,,Georgia,120,Apparel & Fashion,,27106000,http://www.ninelineapparel.com
NISOURCE,,,six,,,,
NISOURCE,,,"5,001-10,000",Utilities,,,http://www.nisource.com/
NISOURCE,https://www.linkedin.com/company/nisource/,,"5,001-10,000",Utilities,,,http://www.nisource.com/
NISSAN,,,"10,001+",Motor Vehicle Manufacturing,,,https://www.nissanusa.com/
NISSAN,https://www.linkedin.com/company/nissan-motor-corporation/,,"10,001+",Motor Vehicle Manufacturing,,,https://www.nissanusa.com/
NITERRA NORTH AMERICA,,Michigan,190,Automotive,,40000000,ngksparkplugs.com
NITERRA NORTH AMERICA,,Michigan,190,Automotive,+12489266900,,ngksparkplugs.com
NIVEL,,,"501-1,000",Motor Vehicle Manufacturing,,210M,https://www.nivel.com
NIVEL,https://linkedin.com/company/nivel-parts-and-manufacturing,Florida,"501-1,000",Motor Vehicle Manufacturing,,210M,https://www.nivel.com
NMG AEROSPACE,,,201-500,Aviation and Aerospace Component Manufacturing,,87M,http://www.nmgaerospace.com
NMG AEROSPACE,https://www.linkedin.com/company/288566,,ten,Aviation and Aerospace Component Manufacturing,,,http://www.nmgaerospace.com
NMG AEROSPACE,https://www.linkedin.com/company/288566,Ohio,201-500,Aviation and Aerospace Component Manufacturing,,87M,http://www.nmgaerospace.com
NOCO,,,201-500,Computers and Electronics Manufacturing,,149.3M,https://no.co/
NOCO,,,230,electrical/electronic manufacturing,,149281000,http://www.no.co
NOCO,,Ohio,230,electrical/electronic manufacturing,,149281000,http://www.no.co
NOCO,https://www.linkedin.com/company/921659,Ohio,201-500,Computers and Electronics Manufacturing,,149.3M,https://no.co/
NOKOMIS,,,64,Defense and Space Manufacturing,,58100000,nokomisinc.com
NOKOMIS,,Pennsylvania,64,Defense and Space Manufacturing,,58100000,nokomisinc.com
NORDCO,,,201-500,Railroad Equipment Manufacturing,,150M,http://www.nordco.com
NORDCO,https://linkedin.com/company/nordco,,eight,Railroad Equipment Manufacturing,,,http://www.nordco.com
NORDCO,https://linkedin.com/company/nordco,Wisconsin,201-500,Railroad Equipment Manufacturing,,150M,http://www.nordco.com
NORDSON MEDICAL,,Minnesota,970,medical devices,,419400000,nordsonmedical.com
NORDSON MEDICAL,,Minnesota,970,medical devices,+13034400884,,nordsonmedical.com
NORDSON MEDICAL,,Minnesota,970,medical devices,"+1-615-427-2155,+1-515-556-0156",,nordsonmedical.com
NORDSON MEDICAL,,Minnesota,970,medical devices,"+1-773-428-4338,+91-77342-84338",,nordsonmedical.com
NORDSON MEDICAL,,Minnesota,970,medical devices,+1-978-602-6929,,nordsonmedical.com
NORMAN NOBLE,,,"501-1,000",Medical Equipment Manufacturing,,75M,http://www.nnoble.com
NORMAN NOBLE,https://linkedin.com/company/norman-noble-inc-,Ohio,"501-1,000",Medical Equipment Manufacturing,,75M,http://www.nnoble.com
NORTECH SYSTEMS,,Minnesota,380,Mechanical Or Industrial Engineering,,140803000,nortechsys.com
NORTECH SYSTEMS,,Minnesota,380,Mechanical Or Industrial Engineering,+19523452244,,nortechsys.com
NORTH HIGHLAND,,,nine,,,,
NORTH HIGHLAND,,,"1,001-5,000",Business Consulting and Services,,,https://www.northhighland.com/
NORTH HIGHLAND,https://www.linkedin.com/company/northhighland/,,"1,001-5,000",Business Consulting and Services,,,https://www.northhighland.com/
NORTH VERNON INDUSTRY CORP,,Indiana,89,Machinery Manufacturing,,$38.1M,nvic-cwt.com
NORTH VERNON INDUSTRY CORP,,Indiana,89,Machinery Manufacturing,+1 (812) 346-8772,,nvic-cwt.com
NORTHERN ENGRAVING,,,"1,001-5,000",Printing Services,,80.8M,http://www.norcorp.com
NORTHERN ENGRAVING,https://linkedin.com/company/northern-engraving,Wisconsin,"1,001-5,000",Printing Services,,80.8M,http://www.norcorp.com
NORTHPOINT FRESH,,,nine,,,,
NORTHPOINT FRESH,,,51-200,Warehousing And Storage,,,https://northpointfresh.com/
NORTHPOINT FRESH,https://www.linkedin.com/company/northpoint-fresh/,,51-200,Warehousing And Storage,,,https://northpointfresh.com/
"NORTHSTAR MEDICAL RADIOISOTOPES, LLC",,,201-500,Pharmaceutical Manufacturing,,62.8M,https://www.northstarnm.com
"NORTHSTAR MEDICAL RADIOISOTOPES, LLC",https://linkedin.com/company/northstar-medical-radioisotopes-llc,,four,Pharmaceutical Manufacturing,,,https://www.northstarnm.com
"NORTHSTAR MEDICAL RADIOISOTOPES, LLC",https://linkedin.com/company/northstar-medical-radioisotopes-llc,Wisconsin,201-500,Pharmaceutical Manufacturing,,62.8M,https://www.northstarnm.com
NORTHWIRE,,,51-200,"Appliances, Electrical, and Electronics Manufacturing",,41.3M,http://www.northwire.com
NORTHWIRE,https://linkedin.com/company/northwire-inc-,Wisconsin,51-200,"Appliances, Electrical, and Electronics Manufacturing",,41.3M,http://www.northwire.com
NORWOOD MEDICAL,,,"501-1,000",Medical Equipment Manufacturing,,60M,http://www.norwoodmedical.com
NORWOOD MEDICAL,https://linkedin.com/company/norwood-medical,Ohio,"501-1,000",Medical Equipment Manufacturing,,60M,http://www.norwoodmedical.com
NOVATECH AUTOMATION,,,201-500,Utilities,,36M,http://www.novatechautomation.com
NOVATECH AUTOMATION,https://linkedin.com/company/novatechautomation,Pennsylvania,201-500,Utilities,,36M,http://www.novatechautomation.com
NOVIPAX,,,201-500,Packaging and Containers Manufacturing,,230M,http://www.novipax.com
NOVIPAX,https://linkedin.com/company/novipax,Illinois,201-500,Packaging and Containers Manufacturing,,230M,http://www.novipax.com
NOVUM STRUCTURES,,Wisconsin,180,Construction,,180000000,novumstructures.com
NOVUM STRUCTURES,,Wisconsin,180,Construction,+441379640040,,novumstructures.com
NPS HOLDINGS,,,201-500,Paper and Forest Product Manufacturing,,63.4M,https://npsholdings.com
NPS HOLDINGS,https://linkedin.com/company/npsholdings,,seven,Paper and Forest Product Manufacturing,,,https://npsholdings.com
NPS HOLDINGS,https://linkedin.com/company/npsholdings,Wisconsin,201-500,Paper and Forest Product Manufacturing,,63.4M,https://npsholdings.com
NRC HEALTH,,,201-500,Hospitals and Health Care,,,http://www.nrchealth.com/
NRC HEALTH,,,201-500,Hospitals and Health Care,,,https://nrchealth.com/
NRC HEALTH,,,700,Hospital & Health Care,,,http://www.nrchealth.com/
NRC HEALTH,https://www.linkedin.com/company/national-research-corporation/,,five,Hospitals and Health Care,,,http://www.nrchealth.com/
NRC HEALTH,https://www.linkedin.com/company/national-research-corporation/,,201-500,Hospitals and Health Care,,,http://www.nrchealth.com/
NRC HEALTH,https://www.linkedin.com/company/national-research-corporation/,,201-500,Hospitals and Health Care,,,https://nrchealth.com/
NRC HEALTH,https://www.linkedin.com/company/national-research-corporation/,,700,Hospital & Health Care,,,http://www.nrchealth.com/
NTN DRIVESHAFT,,Indiana,798,machinery,,271600000,ntnamericas.com
NTN DRIVESHAFT,,Indiana,798,machinery,+18472987500,,ntnamericas.com
NTT DATA,,,"10,001+",IT Services and IT Consulting,,,https://us.nttdata.com/
NTT DATA,https://www.linkedin.com/company/ntt-data-americas/,,"10,001+",IT Services and IT Consulting,,,https://us.nttdata.com/
NUAIRE,,,201-500,Research,,75M,http://www.nuaire.com
NUAIRE,https://linkedin.com/company/nuaire,Minnesota,201-500,Research,,75M,http://www.nuaire.com
NUCRAFT,,,201-500,Furniture and Home Furnishings Manufacturing,,57.9M,http://www.nucraft.com
NUCRAFT,https://linkedin.com/company/nucraft-furniture,Michigan,201-500,Furniture and Home Furnishings Manufacturing,,57.9M,http://www.nucraft.com
NUESKE'S MEATS,,,51-200,Food and Beverage Manufacturing,,40M,http://www.nueskemeats.com
NUESKE'S MEATS,https://linkedin.com/company/nueske's-applewood-smoked-meats,Wisconsin,51-200,Food and Beverage Manufacturing,,40M,http://www.nueskemeats.com
NUK,,,201-500,Plastics Manufacturing,,43.1M,http://www.nuk-usa.com
NUK,https://linkedin.com/company/nuk-usa-llc,Wisconsin,201-500,Plastics Manufacturing,,43.1M,http://www.nuk-usa.com
NYX INC.,,Michigan,940,Automotive,,65000000,nyxinc.com
NYX INC.,,Michigan,940,Automotive,,,nyxinc.com
NYX INC.,,Michigan,940,Automotive,+17344622385,,nyxinc.com
O8O STUDIO,,,11-50,Construction,,,http://www.o8o.com/
O8O STUDIO,https://www.linkedin.com/company/o8o-studio/,,11-50,Construction,,,http://www.o8o.com/
OAKWOOD PRIVATE INVESTMENT GROUP,,,three,,,,
OAKWOOD PRIVATE INVESTMENT GROUP,,,one,,,,
OAKWOOD PRIVATE INVESTMENT GROUP,,,nine,,,,
OAKWOOD PRIVATE INVESTMENT GROUP,,,eight,,,,
OBERG INDUSTRIES,,,"501-1,000",Industrial Machinery Manufacturing,,190.1M,http://www.oberg.com
OBERG INDUSTRIES,https://www.linkedin.com/company/oberg-industries,Pennsylvania,"501-1,000",Industrial Machinery Manufacturing,,190.1M,http://www.oberg.com
OBERLIN FILTER COMPANY,,Wisconsin,57,machinery,,$30.0M,oberlinfilter.com
OBERLIN FILTER COMPANY,,Wisconsin,57,machinery,+12625474900,,oberlinfilter.com
OCEAN INSIGHT,,,180,electrical/electronic manufacturing,,38425000,http://www.oceaninsight.com
OCEAN INSIGHT,,Florida,180,electrical/electronic manufacturing,,38425000,http://www.oceaninsight.com
OCEAN WIDE LOGISTICS,,,51-200,"Transportation, Logistics, Supply Chain and Storage",,,https://owlogistics.com/
OCEAN WIDE LOGISTICS,https://www.linkedin.com/company/owlogistics/,,51-200,"Transportation, Logistics, Supply Chain and Storage",,,https://owlogistics.com/
ODW LOGISTICS,,,"1,001-5,000","Transportation, Logistics, Supply Chain and Storage",,,https://www.odwlogistics.com/
ODW LOGISTICS,https://www.linkedin.com/company/odw-logistics-inc-/,,"1,001-5,000","Transportation, Logistics, Supply Chain and Storage",,,https://www.odwlogistics.com/
OEC GRAPHICS,,,201-500,Printing Services,,45.5M,http://www.oecgraphics.com
OEC GRAPHICS,https://linkedin.com/company/oecgraphics,Wisconsin,201-500,Printing Services,,45.5M,http://www.oecgraphics.com
OFS,,,1200,electrical/electronic manufacturing,,200000000,http://www.ofsoptics.com
OFS,,Georgia,1200,electrical/electronic manufacturing,,200000000,http://www.ofsoptics.com
OHIO CAT,,,"1,001-5,000",Machinery Manufacturing,,316.7M,http://www.ohiocat.com
OHIO CAT,https://www.linkedin.com/company/568070,Ohio,"1,001-5,000",Machinery Manufacturing,,316.7M,http://www.ohiocat.com
OHIO MULCH,,,201-500,Paper and Forest Product Manufacturing,,$68.4M,http://www.ohiomulch.com/
OHIO MULCH,https://linkedin.com/company/ohio-mulch-supply/,Ohio,201-500,Paper and Forest Product Manufacturing,,$68.4M,http://www.ohiomulch.com/
OHIOHEALTH,,,five,,,,
OHIOHEALTH,,,"10,001+",Hospitals and Health Care,,,https://www.ohiohealth.com/
OHIOHEALTH,https://www.linkedin.com/company/ohiohealth/,,"10,001+",Hospitals and Health Care,,,https://www.ohiohealth.com/
OHMITE,,,201-500,"Appliances, Electrical, and Electronics Manufacturing",,135.8M,http://www.ohmite.com
OHMITE,https://linkedin.com/company/ohmite-manufacturing,Illinois,201-500,"Appliances, Electrical, and Electronics Manufacturing",,135.8M,http://www.ohmite.com
OILGEAR,,,201-500,Industrial Machinery Manufacturing,,,https://www.oilgear.com/
OILGEAR,https://www.linkedin.com/company/the-oilgear-company/,,seven,Industrial Machinery Manufacturing,,,https://www.oilgear.com/
OILGEAR,https://www.linkedin.com/company/the-oilgear-company/,,201-500,Industrial Machinery Manufacturing,,,https://www.oilgear.com/
OLD TIME POTTERY,,,390,Retail,,500000000,http://www.oldtimepottery.com
OLD TIME POTTERY,,Tennessee,390,Retail,,500000000,http://www.oldtimepottery.com
OLIVER HEALTHCARE PACKAGING,,,"501-1,000",Packaging and Containers Manufacturing,,31689000,http://www.oliverhcp.com
OLIVER HEALTHCARE PACKAGING,https://www.linkedin.com/company/608239,Michigan,"501-1,000",Packaging and Containers Manufacturing,,31689000,http://www.oliverhcp.com
OLIVER INC.,https://www.linkedin.com/company/531641,,three,Packaging and Containers Manufacturing,,,oliverinc.com
OLIVER INC.,https://www.linkedin.com/company/531641,,200,Packaging and Containers Manufacturing,,50000000,oliverinc.com
OLLUM CONSULTING,,,eight,,,,https://www.ollumconsulting.com/
OLLUM CONSULTING,,,nine,,,,https://www.ollumconsulting.com/
OLON RICERCA BIOSCIENCE,,,51-200,Pharmaceutical Manufacturing,,300M,http://www.olonricerca.com
OLON RICERCA BIOSCIENCE,https://www.linkedin.com/company/47580,Ohio,51-200,Pharmaceutical Manufacturing,,300M,http://www.olonricerca.com
OLYMPUS GROUP,,,201-500,Printing Services,,54.8M,http://www.olympusgrp.com
OLYMPUS GROUP,https://linkedin.com/company/olympus-group,Wisconsin,201-500,Printing Services,,54.8M,http://www.olympusgrp.com
OMA '+1(OFFICE MOVING ALLIANCE),,,"501-1,000",Facilities Services,,,https://omavantage.com/
OMA '+1(OFFICE MOVING ALLIANCE),https://www.linkedin.com/company/office-moving-alliance/,,"501-1,000",Facilities Services,,,https://omavantage.com/
"OMEGA PLASTICS, INC.",,Michigan,54,plastics,,33000000,opinc.com
"OMEGA PLASTICS, INC.",,Michigan,54,plastics,+15869542100,,opinc.com
OMNI METALCRAFT,,,51-200,Automation Machinery Manufacturing,,40.8M,http://www.omni.com
OMNI METALCRAFT,,Michigan,70,machinery,,39900000,omni.com
OMNI METALCRAFT,,Michigan,70,machinery,+1 (989) 358-7089,,omni.com
OMNI METALCRAFT,https://linkedin.com/company/omni-metalcraft-corp.,Michigan,51-200,Automation Machinery Manufacturing,,40.8M,http://www.omni.com
OMNICABLE,,,201-500,"Appliances, Electrical, and Electronics Manufacturing",,48000000,http://www.omnicable.com
OMNICABLE,,,360,electrical/electronic manufacturing,,48000000,http://www.omnicable.com
OMNICABLE,https://www.linkedin.com/company/69890,Pennsylvania,201-500,"Appliances, Electrical, and Electronics Manufacturing",,48000000,http://www.omnicable.com
OMNISOURCE,,Indiana,860,mining & metals,,41875000,omnisource.com
OMNISOURCE,,Indiana,860,mining & metals,,,omnisource.com
OMNISOURCE,,Indiana,860,mining & metals,+12604225541,,omnisource.com
OMNISOURCE,,Indiana,860,mining & metals,+1-260-423-8558,,omnisource.com
OMT-VEYHL,,,190,Furniture and Home Furnishings Manufacturing,,115000000,omt-veyhl.com
OMT-VEYHL,,,201-500,Furniture and Home Furnishings Manufacturing,,115M,http://www.omt-veyhl.com
OMT-VEYHL,,Michigan,190,Furniture and Home Furnishings Manufacturing,,115000000,omt-veyhl.com
OMT-VEYHL,https://linkedin.com/company/omt-veyhl-usa-corp-,,two,Furniture and Home Furnishings Manufacturing,,,http://www.omt-veyhl.com
OMT-VEYHL,https://linkedin.com/company/omt-veyhl-usa-corp-,Michigan,201-500,Furniture and Home Furnishings Manufacturing,,115M,http://www.omt-veyhl.com
ONLY RESULTS MATTER,,,2-10,E-Learning Providers,,,https://onlyrm.com/
ONLY RESULTS MATTER,https://www.linkedin.com/company/only-results-matter/,,four,E-Learning Providers,,,https://onlyrm.com/
ONLY RESULTS MATTER,https://www.linkedin.com/company/only-results-matter/,,2-10,E-Learning Providers,,,https://onlyrm.com/
OOCL,,,"5,001-10,000",Maritime Transportation,,,http://www.oocl.com/
OOCL,https://www.linkedin.com/company/oocl/,,"5,001-10,000",Maritime Transportation,,,http://www.oocl.com/
OPERATION MOBILIZATION,,,eight,,,,
OPERATION MOBILIZATION,,,"5,001-10,000",Non-profit Organizations,,,http://www.om.org/
OPERATION MOBILIZATION,https://www.linkedin.com/company/operation-mobilization/,,"5,001-10,000",Non-profit Organizations,,,http://www.om.org/
OPTIMUM RV,,,130,Retail,,55600000,http://www.optimumrv.com
OPTIMUM RV,,Florida,130,Retail,,55600000,http://www.optimumrv.com
OPTINOSE,,,51-200,Pharmaceutical Manufacturing,,77.9M,http://www.optinose.com
OPTINOSE,https://www.linkedin.com/company/743757,,six,Pharmaceutical Manufacturing,,,http://www.optinose.com
OPTINOSE,https://www.linkedin.com/company/743757,Pennsylvania,51-200,Pharmaceutical Manufacturing,,77.9M,http://www.optinose.com
ORASCOPTIC,,Wisconsin,150,medical devices,,27500000,orascoptic.com
ORASCOPTIC,,Wisconsin,150,medical devices,+1-281-878-9129,,orascoptic.com
ORASCOPTIC,,Wisconsin,150,medical devices,+1-615-973-7500,,orascoptic.com
ORASURE,,,"501-1,000",Medical Equipment Manufacturing,,387.5M,http://www.OraSure.com
ORASURE,https://www.linkedin.com/company/84470,,seven,Medical Equipment Manufacturing,,,http://www.OraSure.com
ORASURE,https://www.linkedin.com/company/84470,Pennsylvania,"501-1,000",Medical Equipment Manufacturing,,387.5M,http://www.OraSure.com
ORBBEC,,,201-500,Computer Hardware Manufacturing,,32.1M,http://www.orbbec3d.com
ORBBEC,https://linkedin.com/company/orbbec-3d-technology-international-inc-,Michigan,201-500,Computer Hardware Manufacturing,,32.1M,http://www.orbbec3d.com
ORBIS REUSABLE PACKAGING MANAGEMENT (RPM),,,1392,Packaging & Containers,,681200000,orbiscorporation.com
ORBIS REUSABLE PACKAGING MANAGEMENT (RPM),,Wisconsin,1392,Packaging & Containers,,681200000,orbiscorporation.com
ORBUS,,,201-500,Wholesale,,89.2M,http://www.orbus.com
ORBUS,https://linkedin.com/company/orbus-exhibit-&-display-group,Illinois,201-500,Wholesale,,89.2M,http://www.orbus.com
ORION ENERGY SYSTEMS,,,201-500,"Appliances, Electrical, and Electronics Manufacturing",,121.6M,http://www.orionlighting.com
ORION ENERGY SYSTEMS,https://linkedin.com/company/orion-energy-systems-inc-,Wisconsin,201-500,"Appliances, Electrical, and Electronics Manufacturing",,121.6M,http://www.orionlighting.com
ORLANDO BAKING,,,201-500,Food and Beverage Manufacturing,,48.3M,http://www.orlandobaking.com
ORLANDO BAKING,https://linkedin.com/company/orlando-baking-company,Ohio,201-500,Food and Beverage Manufacturing,,48.3M,http://www.orlandobaking.com
ORT TOOL AND DIE,,Pennsylvania,55,machinery,,25000000,orttool.com
ORT TOOL AND DIE,,Pennsylvania,55,machinery,+14192429553,,orttool.com
OSBORN,,,"1,001-5,000",Industrial Machinery Manufacturing,,34.2M,https://www.osborn.com/
OSBORN,https://www.linkedin.com/company/osborn-international/,Indiana,"1,001-5,000",Industrial Machinery Manufacturing,,34.2M,https://www.osborn.com/
OVERSTOCK,,,1600,Retail,,,http://www.overstock.com/
OVERSTOCK,https://www.linkedin.com/company/overstock/,,1600,Retail,,,http://www.overstock.com/
OX INDUSTRIES,,,"501-1,000",Paper and Forest Product Manufacturing,,36.6M,http://www.oxindustries.com
OX INDUSTRIES,https://www.linkedin.com/company/3235894,Pennsylvania,"501-1,000",Paper and Forest Product Manufacturing,,36.6M,http://www.oxindustries.com
"OZARK MOTOR LINES, INC.",,,230,Transportation/Trucking/Railroad,,,https://www.ozark.com/
"OZARK MOTOR LINES, INC.",https://www.linkedin.com/company/ozark-motor-lines-inc./,,230,Transportation/Trucking/Railroad,,,https://www.ozark.com/
P3,,,"1,001-5,000",Business Consulting and Services,,,http://www.p3-group.com/
P3,https://www.linkedin.com/company/p3/,,"1,001-5,000",Business Consulting and Services,,,http://www.p3-group.com/
"PACE INDUSTRIES, LLC",,Michigan,1100,mining & metals,,$192M,paceind.com
"PACE INDUSTRIES, LLC",,Michigan,1100,mining & metals,+14409472000,,paceind.com
"PACE INDUSTRIES, LLC",,Michigan,1100,mining & metals,+14792631533,,paceind.com
"PACE INDUSTRIES, LLC",,Michigan,1100,mining & metals,+18883432278,,paceind.com
PACON CORPORATION,,,"501-1,000",Paper and Forest Product Manufacturing,,99.3M,http://www.pacon.com
PACON CORPORATION,https://linkedin.com/company/pacon-corporation,Wisconsin,"501-1,000",Paper and Forest Product Manufacturing,,99.3M,http://www.pacon.com
PACUR LLC,,Wisconsin,77,plastics,,$150.0M,pacur.com
PACUR LLC,,Wisconsin,77,plastics,+1 (920) 236-2888,,pacur.com
PALLET SERVICE CORPORATION,,Minnesota,51,Packaging & Containers,,$26.3M,palletservice.com
PALLET SERVICE CORPORATION,,Minnesota,51,Packaging & Containers,+1 (763) 391-8020,,palletservice.com
PALMER HOLLAND,,,51-200,Chemical Manufacturing,,126M,https://www.palmerholland.com
PALMER HOLLAND,https://www.linkedin.com/company/105898,Ohio,51-200,Chemical Manufacturing,,126M,https://www.palmerholland.com
PALRAM AMERICAS,,,201-500,Plastics Manufacturing,,45.8M,https://www.palram.com/us
PALRAM AMERICAS,https://www.linkedin.com/company/105901,Pennsylvania,201-500,Plastics Manufacturing,,45.8M,https://www.palram.com/us
PANGEATWO,,,201-500,Staffing and Recruiting,,,https://www.pangeatwo.com/
PANGEATWO,https://www.linkedin.com/company/pangeatwo/,,201-500,Staffing and Recruiting,,,https://www.pangeatwo.com/
PANTHER PREMIUM LOGISTICS,https://www.linkedin.com/company/arcbest,,one,Transportation/Trucking/Railroad,,,pantherpremium.com
PANTHER PREMIUM LOGISTICS,https://www.linkedin.com/company/arcbest,,618,Transportation/Trucking/Railroad,,100000000,pantherpremium.com
PANTHER PREMIUM LOGISTICS,https://www.linkedin.com/company/arcbest,Nevada,618,Transportation/Trucking/Railroad,,100000000,pantherpremium.com
PAPER CONVERTING MACHINE COMPANY,,,"501-1,000",Machinery Manufacturing,,210M,http://www.pcmc.com
PAPER CONVERTING MACHINE COMPANY,https://linkedin.com/company/paper-converting-machine-company,Wisconsin,"501-1,000",Machinery Manufacturing,,210M,http://www.pcmc.com
PAPER MACHINERY CORPORATION,,Wisconsin,150,machinery,,110000000,papermc.com
PAPER MACHINERY CORPORATION,,Wisconsin,150,machinery,+14143548050,,papermc.com
PAPERWORKS,,Pennsylvania,620,paper & forest products,,150000000,onepaperworks.com
PAPERWORKS,,Pennsylvania,620,paper & forest products,+12159847011,,onepaperworks.com
PAPILLON MARKETPLACE,,,6,Retail,,,https://papillonmarketplace.com/
PAPILLON MARKETPLACE,http://www.linkedin.com/company/papillon-marketplace,,6,Retail,,,https://papillonmarketplace.com/
PAR 4 PLASTICS,,Kentucky,70,plastics,,$45.6M,par4plastics.com
PAR 4 PLASTICS,,Kentucky,70,plastics,+1-270-556-2311,,par4plastics.com
PAR 4 PLASTICS,,Kentucky,70,plastics,+12709659141,,par4plastics.com
PARADIES LAGARDÈRE,,,2200,Retail,,345000000,http://www.paradieslagardere.com
PARADIES LAGARDÈRE,,Georgia,2200,Retail,,345000000,http://www.paradieslagardere.com
PARAGON D&E,,,201-500,Aviation and Aerospace Component Manufacturing,,31.2M,https://paragonde.com
PARAGON D&E,,,93,Aviation and Aerospace Component Manufacturing,,31158000,paragonde.com
PARAGON D&E,,Michigan,93,Aviation and Aerospace Component Manufacturing,,31158000,paragonde.com
PARAGON D&E,https://linkedin.com/company/paragon-d&e,Michigan,201-500,Aviation and Aerospace Component Manufacturing,,31.2M,https://paragonde.com
PARAGON MEDICAL,,Indiana,5000,medical devices,,550000000,paragonmedical.com
PARAGON MEDICAL,,Indiana,5000,medical devices,"+1-408-658-1000,+1-303-746-4670,+1-210-857-5829",,paragonmedical.com
PARAGON MEDICAL,,Indiana,5000,medical devices,+1-503-853-4993,,paragonmedical.com
PARAGON MEDICAL,,Indiana,5000,medical devices,+1-574-333-5482,,paragonmedical.com
PARAGON MEDICAL,,Indiana,5000,medical devices,"+1-574-551-1886,+1-219-628-3645",,paragonmedical.com
PARAGON MEDICAL,,Indiana,5000,medical devices,+1-574-850-6221,,paragonmedical.com
PARAGON METALS,,,201-500,Motor Vehicle Manufacturing,,51M,http://www.paragonmetals.com
PARAGON METALS,https://linkedin.com/company/paragon-metals-inc-,Michigan,201-500,Motor Vehicle Manufacturing,,51M,http://www.paragonmetals.com
PARATEK PHARMACEUTICALS,,,51-200,Pharmaceutical Manufacturing,,,http://www.paratekpharma.com/
PARATEK PHARMACEUTICALS,https://www.linkedin.com/company/paratek-pharmaceuticals-inc-/,,51-200,Pharmaceutical Manufacturing,,,http://www.paratekpharma.com/
PARK INDUSTRIES,,,247,machinery,,75900000,parkindustries.com
PARK INDUSTRIES,,Minnesota,247,machinery,,75900000,parkindustries.com
PARK SUPPLY OF AMERICA,,,11-50,Wholesale,,,https://www.parksupplyofamerica.com/
PARK SUPPLY OF AMERICA,https://www.linkedin.com/company/park-supply-of-america/,,11-50,Wholesale,,,https://www.parksupplyofamerica.com/
PARKER PLASTICS,,,153,plastics,,52100000,parker-plastics.com
PARKER PLASTICS,,Wisconsin,153,plastics,,52100000,parker-plastics.com
PARKER'S,,,520,Retail,,492600000,http://www.parkerskitchen.com
PARKER'S,,Georgia,520,Retail,,492600000,http://www.parkerskitchen.com
PART ENTERPRISES LLC,,,three,,,,
PART ENTERPRISES LLC,,,eight,,,,
PARTS EXPRESS,,,130,electrical/electronic manufacturing,,32093000,http://www.parts-express.com
PARTS EXPRESS,,,51-200,Computers and Electronics Manufacturing,,32.1M,http://www.parts-express.com
PARTS EXPRESS,,Ohio,130,electrical/electronic manufacturing,,32093000,http://www.parts-express.com
PARTS EXPRESS,https://www.linkedin.com/company/120781,Ohio,51-200,Computers and Electronics Manufacturing,,32.1M,http://www.parts-express.com
PASLIN,,,"501-1,000",Automation Machinery Manufacturing,,100M,http://www.paslin.com
PASLIN,https://linkedin.com/company/the-paslin-company,,three,Automation Machinery Manufacturing,,,http://www.paslin.com
PASLIN,https://linkedin.com/company/the-paslin-company,Michigan,"501-1,000",Automation Machinery Manufacturing,,100M,http://www.paslin.com
PCI GAMING AUTHORITY,,,seven,,,,https://www.pcigaming.com/
PCI GAMING AUTHORITY,,,nine,,,,https://www.pcigaming.com/
PEARSON VUE,,,2400,Information Technology & Services,,,http://www.pearsonvue.com/
PEARSON VUE,https://www.linkedin.com/company/pearson-vue/,,2400,Information Technology & Services,,,http://www.pearsonvue.com/
PECO PALLET,,,201-500,Truck Transportation,,200M,http://www.pecopallet.com
PECO PALLET,https://linkedin.com/company/peco-pallet-inc.,Illinois,201-500,Truck Transportation,,200M,http://www.pecopallet.com
PEDIATRIC ASSOCIATES,,,four,,,,
PEDIATRIC ASSOCIATES,,,"1,001-5,000 employees",Hospitals and Health Care,,,https://pediatricassociates.com/
PEERLESS TECHNOLOGIES,,,201-500,Defense and Space Manufacturing,,100M,http://epeerless.com
PEERLESS TECHNOLOGIES,https://www.linkedin.com/company/119550,Ohio,201-500,Defense and Space Manufacturing,,100M,http://epeerless.com
PEI-GENESIS,,,"501-1,000","Appliances, Electrical, and Electronics Manufacturing",,282M,https://www.peigenesis.com
PEI-GENESIS,,,600,electrical/electronic manufacturing,,282000000,http://www.peigenesis.com
PEI-GENESIS,https://www.linkedin.com/company/131153,Pennsylvania,"501-1,000","Appliances, Electrical, and Electronics Manufacturing",,282M,https://www.peigenesis.com
PEIRCE PHELPS,,,201-500,Wholesale,,206M,http://www.peirce.com
PEIRCE PHELPS,https://www.linkedin.com/company/peirce-phelps,Pennsylvania,201-500,Wholesale,,206M,http://www.peirce.com
PENN COLOR,,,"501-1,000",Plastics Manufacturing,,121M,http://www.penncolor.com
PENN COLOR,https://www.linkedin.com/company/penn-color-inc,Pennsylvania,"501-1,000",Plastics Manufacturing,,121M,http://www.penncolor.com
PENN UNITED TECHNOLOGIES,,,"501-1,000",Machinery Manufacturing,,150M,http://www.pennunited.com
PENN UNITED TECHNOLOGIES,https://www.linkedin.com/company/penn-united-technologies-inc-,Pennsylvania,"501-1,000",Machinery Manufacturing,,150M,http://www.pennunited.com
PENNAIR,,Pennsylvania,61,machinery,,27500000,pennair.com
PENNAIR,,Pennsylvania,61,machinery,+17175779837,,pennair.com
PENNAIR,,Pennsylvania,61,machinery,+17177142131,,pennair.com
PENNAIR,,Pennsylvania,61,machinery,+17178408100,,pennair.com
PENNANT MOLDINGS,,,78,electrical/electronic manufacturing,,25000000,http://www.pennant-us.com
PENNANT MOLDINGS,,Ohio,78,electrical/electronic manufacturing,,25000000,http://www.pennant-us.com
"PENNANT MOLDINGS, INC.",,,201-500,"Appliances, Electrical, and Electronics Manufacturing",,25M,http://www.pennant-us.com/
"PENNANT MOLDINGS, INC.",https://linkedin.com/company/pennant-moldings/,,one,"Appliances, Electrical, and Electronics Manufacturing",,,http://www.pennant-us.com/
"PENNANT MOLDINGS, INC.",https://linkedin.com/company/pennant-moldings/,Ohio,201-500,"Appliances, Electrical, and Electronics Manufacturing",,25M,http://www.pennant-us.com/
PENNSYLVANIA STEEL,,,201-500,Fabricated Metal Products,,300M,http://www.pasteel.com
PENNSYLVANIA STEEL,https://www.linkedin.com/company/1600668,Pennsylvania,201-500,Fabricated Metal Products,,300M,http://www.pasteel.com
PEOPLE HELP,,,2-10,Business Consulting and Services,,,http://www.peoplehelpinc.com/
PEOPLE HELP,https://www.linkedin.com/company/people-help-inc-/,,2-10,Business Consulting and Services,,,http://www.peoplehelpinc.com/
PEOPLEASE,,,51-20,Human Resources Services,,,http://www.peoplease.com/
PEOPLEASE,https://www.linkedin.com/company/peoplease-corporation/,,51-20,Human Resources Services,,,http://www.peoplease.com/
PEPPER CONSTRUCTION GROUP,,,830,Construction,,,https://www.pepperconstruction.com/
PEPPER CONSTRUCTION GROUP,https://www.linkedin.com/company/pepper-construction-company/,,830,Construction,,,https://www.pepperconstruction.com/
PEPSICO,,,six,,,,
PEPSICO,,,"10,001+",Food and Beverage Services,,,https://www.pepsico.com/
PEPSICO,https://www.linkedin.com/company/pepsico/,,"10,001+",Food and Beverage Services,,,https://www.pepsico.com/
PERCEPTIVE SOLUTIONS,,,11-50,Software Development,,,https://www.perinc.com/
PERCEPTIVE SOLUTIONS,https://www.linkedin.com/company/perceptive-solutions-inc/,,11-50,Software Development,,,https://www.perinc.com/
PERFORMANCE TEAM,,,"5,001-10,000","Transportation, Logistics, Supply Chain and Storage",,,http://www.performanceteam.net/
PERFORMANCE TEAM,https://www.linkedin.com/company/performance-team/,,"5,001-10,000","Transportation, Logistics, Supply Chain and Storage",,,http://www.performanceteam.net/
PERLICK CORPORATION,,,201-500,Manufacturing,,42.2M,http://www.perlick.com
PERLICK CORPORATION,,Wisconsin,230,Mechanical Or Industrial Engineering,,48888000,perlick.com
PERLICK CORPORATION,,Wisconsin,230,Mechanical Or Industrial Engineering,+14143537060,,perlick.com
PERLICK CORPORATION,,Wisconsin,230,Mechanical Or Industrial Engineering,+18009349479,,perlick.com
PERLICK CORPORATION,https://linkedin.com/company/perlick-corp,,one,Manufacturing,,,http://www.perlick.com
PERLICK CORPORATION,https://linkedin.com/company/perlick-corp,Wisconsin,201-500,Manufacturing,,42.2M,http://www.perlick.com
PERRYMAN COMPANY,,Pennsylvania,180,mining & metals,,$40.0M,perrymanco.com
PERRYMAN COMPANY,,Pennsylvania,180,mining & metals,+1-412-580-5912,,perrymanco.com
PERRYMAN COMPANY,,Pennsylvania,180,mining & metals,+1-412-951-4134,,perrymanco.com
PETER GLENN SKI AND SPORTS,,,110,Retail,,30000000,http://www.peterglenn.com
PETER GLENN SKI AND SPORTS,,Florida,110,Retail,,30000000,http://www.peterglenn.com
PETERSON SPRING,,,"501-1,000",Motor Vehicle Manufacturing,,191.7M,http://www.pspring.com
PETERSON SPRING,https://linkedin.com/company/peterson-spring,Michigan,"501-1,000",Motor Vehicle Manufacturing,,191.7M,http://www.pspring.com
PETLAND RETAIL STORES,,,470,Retail,,35000000,http://www.petland.com
PETLAND RETAIL STORES,,Ohio,470,Retail,,35000000,http://www.petland.com
PETOSKEY PLASTICS,,,201-500,Plastics Manufacturing,,65000000,http://www.petoskeyplastics.com
PETOSKEY PLASTICS,https://www.linkedin.com/company/1022385,Michigan,201-500,Plastics Manufacturing,,65000000,http://www.petoskeyplastics.com
PGA TOUR SUPERSTORE,,,1200,Retail,,36000000,http://www.pgatoursuperstore.com
PGA TOUR SUPERSTORE,,Georgia,1200,Retail,,36000000,http://www.pgatoursuperstore.com
PHASE TECHNOLOGIES,,South Dakota,58,electrical/electronic manufacturing,,$25.0M,phasetechnologies.com
PHASE TECHNOLOGIES,,South Dakota,58,electrical/electronic manufacturing,+16053437934,,phasetechnologies.com
PHOENIX PAPER WICKLIFFE LLC,,Kentucky,500,paper & forest products,,160000000,phoenixpaper.com
PHOENIX PAPER WICKLIFFE LLC,,Kentucky,500,paper & forest products,+1 (270) 335-4000,,phoenixpaper.com
PICTURE PERFECT INTERIORS & GIFTS,,,four,,,,https://ppinteriorsandgifts.com/
PICTURE PERFECT INTERIORS & GIFTS,,,ten,,,,https://ppinteriorsandgifts.com/
PIDC,,,51-200,Chemical Manufacturing,,105M,http://www.pidc.com
PIDC,https://linkedin.com/company/pacific-industrial-development-corporation,Michigan,51-200,Chemical Manufacturing,,105M,http://www.pidc.com
PILKINGTON,,,"1,001-5,000","Glass, Ceramics and Concrete Manufacturing",,,https://www.pilkington.com/
PILKINGTON,https://www.linkedin.com/company/pilkingtonunitedkingdomlimited/,,"1,001-5,000","Glass, Ceramics and Concrete Manufacturing",,,https://www.pilkington.com/
PILOT CHEMICAL,,,201-500,Chemical Manufacturing,,375M,http://www.pilotchemical.com
PILOT CHEMICAL,https://linkedin.com/company/pilot-chemical-company,Ohio,201-500,Chemical Manufacturing,,375M,http://www.pilotchemical.com
PINCH A PENNY POOL PATIO SPA,,,870,Retail,,387300000,http://www.pinchapenny.com
PINCH A PENNY POOL PATIO SPA,,Florida,870,Retail,,387300000,http://www.pinchapenny.com
PINNACLE FINANCIAL PARTNERS,,,"1,001-5,000",Banking,,,http://www.PNFP.com/
PINNACLE FINANCIAL PARTNERS,https://www.linkedin.com/company/pnfp/,,"1,001-5,000",Banking,,,http://www.PNFP.com/
PINNACLE TECHNOLOGY GROUP,,Michigan,61,electrical/electronic manufacturing,,25000000,pinnacletec.com
PINNACLE TECHNOLOGY GROUP,,Michigan,61,electrical/electronic manufacturing,+17345686600,,pinnacletec.com
"PIPE VALVES, INC",,,45,Wholesale,,,https://www.pipevalves.com/
"PIPE VALVES, INC",https://www.linkedin.com/company/pipevalves/,,45,Wholesale,,,https://www.pipevalves.com/
PIPELINE PACKAGING,,,110,Packaging & Containers,,,https://www.pipelinepackaging.com/
PIPELINE PACKAGING,http://www.linkedin.com/company/pipeline-packaging,,110,Packaging & Containers,,,https://www.pipelinepackaging.com/
PISTON AUTOMOTIVE,,Michigan,380,Automotive,,58000000,pistonautomotive.com
PISTON AUTOMOTIVE,,Michigan,380,Automotive,+13135418674,,pistonautomotive.com
PISTON AUTOMOTIVE,,Michigan,380,Automotive,+17348456614,,pistonautomotive.com
PIXELLE,,,"1,001-5,000",Paper and Forest Product Manufacturing,,35M,http://www.pixelle.com
PIXELLE,https://www.linkedin.com/company/34369573,Pennsylvania,"1,001-5,000",Paper and Forest Product Manufacturing,,35M,http://www.pixelle.com
PLACON CORPORATION,,,"501-1,000",Packaging and Containers Manufacturing,,190M,http://www.placon.com
PLACON CORPORATION,https://linkedin.com/company/placon-corporation,Wisconsin,"501-1,000",Packaging and Containers Manufacturing,,190M,http://www.placon.com
PLAID ENTERPRISES,,,290,Retail,,32000000,http://www.plaidonline.com
PLAID ENTERPRISES,,Georgia,290,Retail,,32000000,http://www.plaidonline.com
PLASKOLITE,,,"1,001-5,000",Plastics Manufacturing,,348.4M,https://plaskolite.com/
PLASKOLITE,https://www.linkedin.com/company/130948,Ohio,"1,001-5,000",Plastics Manufacturing,,348.4M,https://plaskolite.com/
PLASKOLITE,https://www.linkedin.com/company/130948,Ohio,501,plastics,,250000000,plaskolite.com
PLASTIC INGENUITY,,,"501-1,000",Packaging and Containers Manufacturing,,90M,http://www.plasticingenuity.com
PLASTIC INGENUITY,https://linkedin.com/company/plastic-ingenuity,,four,Packaging and Containers Manufacturing,,,http://www.plasticingenuity.com
PLASTIC INGENUITY,https://linkedin.com/company/plastic-ingenuity,Wisconsin,"501-1,000",Packaging and Containers Manufacturing,,90M,http://www.plasticingenuity.com
PLASTICS ENGINEERING COMPANY (PLENCO),,,201-500,Plastics Manufacturing,,72.7M,https://www.plenco.com
PLASTICS ENGINEERING COMPANY (PLENCO),https://linkedin.com/company/plastics-engineering-company-plenco-,Wisconsin,201-500,Plastics Manufacturing,,72.7M,https://www.plenco.com
PLASTI-PAINT,,Michigan,59,plastics,,$28.0M,plastipaint.com
PLASTI-PAINT,,Michigan,59,plastics,+19896815702,,plastipaint.com
PLAYMONSTER,,,51-200,Manufacturing,,40M,http://www.playmonster.com
PLAYMONSTER,,Wisconsin,85,Mechanical Or Industrial Engineering,,40000000,playmonster.com
PLAYMONSTER,,Wisconsin,85,Mechanical Or Industrial Engineering,+16083626896,,playmonster.com
PLAYMONSTER,,Wisconsin,85,Mechanical Or Industrial Engineering,+16303412822,,playmonster.com
PLAYMONSTER,https://linkedin.com/company/playmonster,Wisconsin,51-200,Manufacturing,,40M,http://www.playmonster.com
PMC SMART SOLUTIONS,,,51-200,Medical Equipment Manufacturing,,55M,https://www.pmcsmartsolutions.com
PMC SMART SOLUTIONS,https://www.linkedin.com/company/1213414,Indiana,201,plastics,,50000000,pmcsmartsolutions.com
PMC SMART SOLUTIONS,https://www.linkedin.com/company/1213414,Ohio,51-200,Medical Equipment Manufacturing,,55M,https://www.pmcsmartsolutions.com
PNC,,,"10,001+",Financial Services,,,http://www.pnc.com/
PNC,https://www.linkedin.com/company/pnc-bank/,,"10,001+",Financial Services,,,http://www.pnc.com/
PNEUMATIC SCALE ANGELUS,,,"501-1,000",Machinery Manufacturing,,61.7M,https://psangelus.com/
PNEUMATIC SCALE ANGELUS,https://www.linkedin.com/company/93643,Ohio,"501-1,000",Machinery Manufacturing,,61.7M,https://psangelus.com/
POBLOCKI SIGN COMPANY,,Wisconsin,170,Construction,,42400000,poblocki.com
POBLOCKI SIGN COMPANY,,Wisconsin,170,Construction,+1-262-375-4014,,poblocki.com
POBLOCKI SIGN COMPANY,,Wisconsin,170,Construction,+15085339000,,poblocki.com
POBLOCKI SIGN COMPANY,,Wisconsin,170,Construction,+1-919-274-8763,,poblocki.com
POBLOCKI SIGN COMPANY,,Wisconsin,170,Construction,+19195970069,,poblocki.com
POBLOCKI SIGN COMPANY,,Wisconsin,170,Construction,+1-920-475-1259,,poblocki.com
POELKING CHIROPRACTIC,,,0,"health, wellness & fitness",,,https://www.poelkingchiropractic.com/
POELKING CHIROPRACTIC,http://www.linkedin.com/company/poelking-chiropractic,,0,"health, wellness & fitness",,,https://www.poelkingchiropractic.com/
POINT MEDICAL CORPORATION,,Indiana,53,medical devices,,50967000,pointmedical.com
POINT MEDICAL CORPORATION,,Indiana,53,medical devices,"+1-267-251-3477,+1-267-424-3000",,pointmedical.com
POLY VINYL CO.,,Wisconsin,51,plastics,,$44.1M,polyvinyl.com
POLY VINYL CO.,,Wisconsin,51,plastics,+1 (920) 467-4685,,polyvinyl.com
POLYFLEX PRODUCTS,,Michigan,97,Packaging & Containers,,$25.0M,polyflexpro.com
POLYFLEX PRODUCTS,,Michigan,97,Packaging & Containers,+1-248-379-1500,,polyflexpro.com
POLYFLEX PRODUCTS,,Michigan,97,Packaging & Containers,+17344584194,,polyflexpro.com
POLYJOHN ENTERPRISES CORP.,,Indiana,71,plastics,,$100.0M,polyjohn.com
POLYJOHN ENTERPRISES CORP.,,Indiana,71,plastics,+12196591152,,polyjohn.com
POOL AND SPA DEPOT,,,83,Retail,,51021000,http://www.poolandspadepot.com
POOL AND SPA DEPOT,,Tennessee,83,Retail,,51021000,http://www.poolandspadepot.com
PORTESCAP,,,"1,001-5,000","Appliances, Electrical, and Electronics Manufacturing",,105M,http://www.portescap.com
PORTESCAP,,,480,electrical/electronic manufacturing,,105000000,http://www.portescap.com
PORTESCAP,https://www.linkedin.com/company/35205,Pennsylvania,"1,001-5,000","Appliances, Electrical, and Electronics Manufacturing",,105M,http://www.portescap.com
POST CONSUMER BRANDS,,Minnesota,1900,Mechanical Or Industrial Engineering,,438300000,postconsumerbrands.com
POST CONSUMER BRANDS,,Minnesota,1900,Mechanical Or Industrial Engineering,+1-312-613-4949,,postconsumerbrands.com
POST CONSUMER BRANDS,,Minnesota,1900,Mechanical Or Industrial Engineering,+1-570-578-7464,,postconsumerbrands.com
POST CONSUMER BRANDS,,Minnesota,1900,Mechanical Or Industrial Engineering,+1-651-271-7663,,postconsumerbrands.com
POST CONSUMER BRANDS,,Minnesota,1900,Mechanical Or Industrial Engineering,+1-763-350-8046,,postconsumerbrands.com
POST CONSUMER BRANDS,,Minnesota,1900,Mechanical Or Industrial Engineering,+1-763-656-9289,,postconsumerbrands.com
POST GLOVER RESISTORS,,,66,electrical/electronic manufacturing,,64736000,http://www.postglover.com
POST GLOVER RESISTORS,,Kentucky,66,electrical/electronic manufacturing,,64736000,http://www.postglover.com
POTTERS INDUSTRIES,,Pennsylvania,1000,Mechanical Or Industrial Engineering,,37300000,pottersindustries.com
POTTERS INDUSTRIES,,Pennsylvania,1000,Mechanical Or Industrial Engineering,+18005523237,,pottersindustries.com
POWDER COTE II,,,130,Chemical Manufacturing,,51620000,powdercoteii.com
POWDER COTE II,,Michigan,130,Chemical Manufacturing,,51620000,powdercoteii.com
POWER,,,190,electrical/electronic manufacturing,,170500000,http://www.powerpartners-usa.com
POWER,,Georgia,190,electrical/electronic manufacturing,,170500000,http://www.powerpartners-usa.com
POWER DISTRIBUTORS,,,201-500,Truck Transportation,,168.4M,https://www.powerdistributors.com
POWER DISTRIBUTORS,https://linkedin.com/company/power-distributors,Ohio,201-500,Truck Transportation,,168.4M,https://www.powerdistributors.com
POWEREX,,,201-500,Semiconductors,,40M,http://www.pwrx.com
POWEREX,,,51-200,Machinery Manufacturing,,49.9M,http://www.powerexinc.com
POWEREX,https://linkedin.com/company/powerexinc,Ohio,51-200,Machinery Manufacturing,,49.9M,http://www.powerexinc.com
POWEREX,https://www.linkedin.com/company/1399560,Pennsylvania,201-500,Semiconductors,,40M,http://www.pwrx.com
PPC INSULATORS GROUP,https://www.linkedin.com/company/ppc-insulators-group,,one,Electrical & Electronic Manufacturing,,,ppcinsulators.com
PPC INSULATORS GROUP,https://www.linkedin.com/company/ppc-insulators-group,Texas,59,Electrical & Electronic Manufacturing,,10000000,ppcinsulators.com
PRATT MILLER,,,201-500,Motor Vehicle Manufacturing,,80M,http://www.prattmiller.com
PRATT MILLER,https://linkedin.com/company/pratt-&-miller-engineering,Michigan,201-500,Motor Vehicle Manufacturing,,80M,http://www.prattmiller.com
PRC BRAND,,,51-200,Medical Device,,30M,http://prentrom.com
PRC BRAND,https://www.linkedin.com/company/690252,Ohio,51-200,Medical Device,,30M,http://prentrom.com
PRECISION IBC,,,11-50,Packaging and Containers Manufacturing,,,https://www.precisionibc.com/
PRECISION IBC,https://www.linkedin.com/company/precision-ibc-inc/,,11-50,Packaging and Containers Manufacturing,,,https://www.precisionibc.com/
PRECISION MEDICAL TECHNOLOGIES,,Indiana,86,medical devices,,29600000,premedtec.com
PRECISION MEDICAL TECHNOLOGIES,,Indiana,86,medical devices,+15742676385,,premedtec.com
PRECISION MEDICAL TECHNOLOGIES,,Indiana,86,medical devices,+1-574-529-4451,,premedtec.com
PREMIER HEALTH PARTNERS,,,"10,001+",Hospitals and Health Care,,,https://www.premierhealth.com/
PREMIER HEALTH PARTNERS,https://www.linkedin.com/company/premier-health-partners/,,"10,001+",Hospitals and Health Care,,,https://www.premierhealth.com/
PREMIUM WATERS,,,"1,001-5,000",Food and Beverage Manufacturing,,417M,http://premiumwaters.com
PREMIUM WATERS,https://linkedin.com/company/premium-waters-inc.,,seven,Food and Beverage Manufacturing,,,http://premiumwaters.com
PREMIUM WATERS,https://linkedin.com/company/premium-waters-inc.,Minnesota,"1,001-5,000",Food and Beverage Manufacturing,,417M,http://premiumwaters.com
PRENT CORPORATION,,,370,plastics,,,https://www.prent.com/
PRENT CORPORATION,https://www.linkedin.com/company/prent-corporation/,,370,plastics,,,https://www.prent.com/
PRESBYTERIAN HOMES & SERVICES,,,2100,Hospital & Health Care,,,https://www.preshomes.org/
PRESBYTERIAN HOMES & SERVICES,,,"5,001-10,000",Hospitals and Health Care,,,https://www.preshomes.org/
PRESBYTERIAN HOMES & SERVICES,,,"5,001-10,000 employees",Hospitals and Health Care,,,https://www.preshomes.org/
PRESBYTERIAN HOMES & SERVICES,https://www.linkedin.com/company/presbyterian-homes-&-services/,,2100,Hospital & Health Care,,,https://www.preshomes.org/
PRESBYTERIAN HOMES & SERVICES,https://www.linkedin.com/company/presbyterian-homes-&-services/,,"5,001-10,000",Hospitals and Health Care,,,https://www.preshomes.org/
PRESBYTERIAN HOMES & SERVICES,https://www.linkedin.com/company/presbyterian-homes-&-services//,,"5,001-10,000",Hospitals and Health Care,,,https://www.preshomes.org/
PRESCRIBERY,,,51-200,Medical Practices,,,http://www.prescribery.com/
PRESCRIBERY,https://www.linkedin.com/company/prescribery/,,three,Medical Practices,,,http://www.prescribery.com/
PRESCRIBERY,https://www.linkedin.com/company/prescribery/,,51-200,Medical Practices,,,http://www.prescribery.com/
PRESTO PRODUCTS COMPANY,,,201-500,Manufacturing,,294.8M,http://www.prestoproducts.com
PRESTO PRODUCTS COMPANY,https://linkedin.com/company/presto-products-company,Wisconsin,201-500,Manufacturing,,294.8M,http://www.prestoproducts.com
PRICESPIDER,,,six,,,,
PRICESPIDER,,,310,Information Technology & Services,,,https://www.pricespider.com/
PRICESPIDER,https://www.linkedin.com/company/pricespider/,,310,Information Technology & Services,,,https://www.pricespider.com/
PRIDE MOBILITY PRODUCTS,,,"1,001-5,000",Medical Equipment Manufacturing,,400M,https://www.pridemobility.com
PRIDE MOBILITY PRODUCTS,https://www.linkedin.com/company/45146,Pennsylvania,"1,001-5,000",Medical Equipment Manufacturing,,400M,https://www.pridemobility.com
PRIDGEON & CLAY,,Michigan,600,Automotive,,295000000,pridgeonandclay.com
PRIDGEON & CLAY,,Michigan,600,Automotive,+16162415675,,pridgeonandclay.com
PRIME TECHNOLOGICAL SERVICES,,,64,electrical/electronic manufacturing,,34634000,http://www.prime-ems.com
PRIME TECHNOLOGICAL SERVICES,,Georgia,64,electrical/electronic manufacturing,,34634000,http://www.prime-ems.com
PRIMEX,,,51-200,"Appliances, Electrical, and Electronics Manufacturing",,75M,http://www.primexinc.com
PRIMEX,https://linkedin.com/company/primexinc,Wisconsin,51-200,"Appliances, Electrical, and Electronics Manufacturing",,75M,http://www.primexinc.com
PRIMEX CONTROLS,,,201-500,Automation Machinery Manufacturing,,,http://www.primexcontrols.com/
PRIMEX CONTROLS,https://www.linkedin.com/company/primex-controls/,,201-500,Automation Machinery Manufacturing,,,http://www.primexcontrols.com/
"PRINSCO, INC.",,Minnesota,500,Plastics Manufacturing,,98000000,prinsco.com
"PRINSCO, INC.",,Minnesota,500,Plastics Manufacturing,+1 (320) 222-6800,,prinsco.com
PRIORITY,,Wisconsin,160,Construction,,25000000,priorityinc.com
PRIORITY,,Wisconsin,160,Construction,+1-608-669-4653,,priorityinc.com
PRIORITY,,Wisconsin,160,Construction,+1-630-816-9521,,priorityinc.com
PRIORITY,,Wisconsin,160,Construction,+1-904-671-4226,,priorityinc.com
PRIORITY,,Wisconsin,160,Construction,+1-920-627-7579,,priorityinc.com
PRIORITY,,Wisconsin,160,Construction,+1-920-694-1021,,priorityinc.com
PRO356 CONSULTING,,,2-10,Business Consulting and Services,,,https://www.pro356consulting.com/
PRO356 CONSULTING,https://www.linkedin.com/company/pro356-consulting-llc/,,2-10,Business Consulting and Services,,,https://www.pro356consulting.com/
PRO-ACTIVE ENGINEERING,,Wisconsin,63,electrical/electronic manufacturing,,25000000,proactivepcb.com
PRO-ACTIVE ENGINEERING,,Wisconsin,63,electrical/electronic manufacturing,+16088377838,,proactivepcb.com
PROAMPAC,https://www.linkedin.com/company/10341654,California,1001,Packaging and Containers,,100100000,proampac.com
PROAMPAC,https://www.linkedin.com/company/10341654,Ohio,1001,Packaging and Containers,,100100000,proampac.com
PROAMPAC,https://www.linkedin.com/company/proampac,,1001,Packaging and Containers,,100100000,proampac.com
PROCONEX,,,201-500,Automation Machinery Manufacturing,,40.4M,http://www.proconexdirect.com
PROCONEX,https://www.linkedin.com/company/56635,Pennsylvania,201-500,Automation Machinery Manufacturing,,40.4M,http://www.proconexdirect.com
PRODUCTION AUTOMATION CORPORATION,,Minnesota,130,medical devices,,28082000,gotopac.com
PRODUCTION AUTOMATION CORPORATION,,Minnesota,130,medical devices,+18889030333,,gotopac.com
PRODUCTION CONTROL UNITS,,,51-200,Automation Machinery Manufacturing,,45.0M,http://www.pcuinc.com
PRODUCTION CONTROL UNITS,https://www.linkedin.com/company/2937246,Ohio,51-200,Automation Machinery Manufacturing,,45.0M,http://www.pcuinc.com
PRODUCTION CONTROL UNITS,https://www.linkedin.com/company/production-control-units,,74,Industrial Automation,,1000000,pcuinc.com
PROFESSIONAL PLUMBING GROUP,,,201-500,Wholesale,,50M,http://www.ppg-inc.com
PROFESSIONAL PLUMBING GROUP,https://www.linkedin.com/company/professional-plumbing-group-inc,Pennsylvania,201-500,Wholesale,,50M,http://www.ppg-inc.com
PROFILE FILMS,,Michigan,56,Packaging & Containers,,$45.5M,profilefilms.com
PROFILE FILMS,,Michigan,56,Packaging & Containers,+1-616-893-4190,,profilefilms.com
PROFITGOLD GROUP,,,11-50,Business Consulting and Services,,,https://profitgoldgroup.com/
PROFITGOLD GROUP,https://www.linkedin.com/company/pggconsulting/,,six,Business Consulting and Services,,,https://profitgoldgroup.com/
PROFITGOLD GROUP,https://www.linkedin.com/company/pggconsulting/,,11-50,Business Consulting and Services,,,https://profitgoldgroup.com/
"PROGRESS RAIL, A CATERPILLAR COMPANY",,,"5,001-10,000",Railroad Equipment Manufacturing,,,http://www.progressrail.com/
"PROGRESS RAIL, A CATERPILLAR COMPANY",https://www.linkedin.com/company/progress-rail-services/,,"5,001-10,000",Railroad Equipment Manufacturing,,,http://www.progressrail.com/
PRONOVA DESIGNS,,,three,,,,
PRONOVA DESIGNS,,,1,Information Technology & Services,,,https://pronovadesigns.com/
PRONOVA DESIGNS,https://www.linkedin.com/company/pronova-designs-llc/,,1,Information Technology & Services,,,https://pronovadesigns.com/
PROOF,,,75,Legal Services,,,http://www.proofserve.com/
PROOF,https://www.linkedin.com/company/proofapp/,,75,Legal Services,,,http://www.proofserve.com/
PROPER GROUP,,,"501-1,000",Motor Vehicle Manufacturing,,131.1M,http://propergroupintl.com
PROPER GROUP,https://linkedin.com/company/proper-group-international,Michigan,"501-1,000",Motor Vehicle Manufacturing,,131.1M,http://propergroupintl.com
PROTECTIVE LIFE,,,"1,001-5,000",Insurance,,,https://www.protective.com/
PROTECTIVE LIFE,https://www.linkedin.com/company/protective-life/,,"1,001-5,000",Insurance,,,https://www.protective.com/
PROTOLABS,,,5000,Industrial Machinery Manufacturing,,485452000,protolabs.com
PROTOLABS,,Minnesota,5000,Industrial Machinery Manufacturing,,485452000,protolabs.com
PROVEST LLC,,,201-500,Legal Services,,,http://www.provest.com/
PROVEST LLC,https://www.linkedin.com/company/provest/,,201-500,Legal Services,,,http://www.provest.com/
PROVIA,,,"1,001-5,000",Manufacturing,,392.3M,https://www.provia.com
PROVIA,https://www.linkedin.com/company/1809326,Ohio,"1,001-5,000",Manufacturing,,392.3M,https://www.provia.com
PSCO KIEFFER,,Wisconsin,72,Construction,,34493000,pscosigngroup.com
PSCO KIEFFER,,Wisconsin,72,Construction,+18004584394,,pscosigngroup.com
PTC ALLIANCE,,Pennsylvania,340,mining & metals,,450000000,ptcalliance.com
PTC ALLIANCE,,Pennsylvania,340,mining & metals,+14122997900,,ptcalliance.com
PTR BALER AND COMPACTOR COMPANY,,Pennsylvania,180,machinery,,63300000,ptrco.com
PTR BALER AND COMPACTOR COMPANY,,Pennsylvania,180,machinery,+1 (800) 523-3654,,ptrco.com
PTS DIAGNOSTICS,,Indiana,160,medical devices,,45000000,ptsdiagnostics.com
PTS DIAGNOSTICS,,Indiana,160,medical devices,+1-317-448-0795,,ptsdiagnostics.com
PTS DIAGNOSTICS,,Indiana,160,medical devices,+1-317-508-7142,,ptsdiagnostics.com
PTS DIAGNOSTICS,,Indiana,160,medical devices,+13178705610,,ptsdiagnostics.com
PTS DIAGNOSTICS,,Indiana,160,medical devices,+18003427226,,ptsdiagnostics.com
PTS DIAGNOSTICS,,Indiana,160,medical devices,+1-812-267-6008,,ptsdiagnostics.com
PTSOLUTIONS,,,"501-1,000",Automation Machinery Manufacturing,,315M,http://www.pts-tools.com
PTSOLUTIONS,https://linkedin.com/company/ptsolutionsus,Michigan,"501-1,000",Automation Machinery Manufacturing,,315M,http://www.pts-tools.com
PULSE,,,201-500,Medical Equipment Manufacturing,,31.3M,http://www.pulsetechnologies.com
PULSE,https://www.linkedin.com/company/2757263,Pennsylvania,201-500,Medical Equipment Manufacturing,,31.3M,http://www.pulsetechnologies.com
PURE LOGISTICS,,,2-10,"Transportation, Logistics, Supply Chain and Storage",,,http://www.purelogisticservices.com/
PURE LOGISTICS,https://www.linkedin.com/company/pure-logistics-llc/,,2-10,"Transportation, Logistics, Supply Chain and Storage",,,http://www.purelogisticservices.com/
PURE ROMANCE,,,5200,Retail,,250000000,http://www.pureromance.com
PURE ROMANCE,,Ohio,5200,Retail,,250000000,http://www.pureromance.com
PYROMATION,,Indiana,91,Mechanical Or Industrial Engineering,,89000000,pyromation.com
PYROMATION,,Indiana,91,Mechanical Or Industrial Engineering,+12604842580,,pyromation.com
QBE NORTH AMERICA,,,"1,001-5,000",Insurance,,,http://www.qbe.com/
QBE NORTH AMERICA,https://www.linkedin.com/company/qbe-north-america/,,"1,001-5,000",Insurance,,,http://www.qbe.com/
Q-LAB,,,201-500,Industrial Machinery Manufacturing,,44.2M,http://www.q-lab.com
Q-LAB,https://www.linkedin.com/company/106161,Ohio,201-500,Industrial Machinery Manufacturing,,44.2M,http://www.q-lab.com
QUALITY FILTERS,,,51-200,Environmental Services,,,http://www.qualityfilters.com/
QUALITY FILTERS,https://www.linkedin.com/company/quality-filters-inc./,,51-200,Environmental Services,,,http://www.qualityfilters.com/
QUALITY LIQUID FEEDS,,,201-500,Food and Beverage Manufacturing,,78.5M,http://www.qlf.com
QUALITY LIQUID FEEDS,https://linkedin.com/company/quality-liquid-feeds,Wisconsin,201-500,Food and Beverage Manufacturing,,78.5M,http://www.qlf.com
QUALITY METALS,,Minnesota,51,mining & metals,,25400000,qualitymetalsinc.com
QUALITY METALS,,Minnesota,51,mining & metals,+16125999491,,qualitymetalsinc.com
QUALITY METALS,,Minnesota,51,mining & metals,+16516455875,,qualitymetalsinc.com
"QUALITY PACKAGING, INC.",,Wisconsin,120,Packaging & Containers,,$50M,qpack.com
"QUALITY PACKAGING, INC.",,Wisconsin,120,Packaging & Containers,+19209233633,,qpack.com
QUALITY TOOL,,Minnesota,120,machinery,,25800000,qualitytool.com
QUALITY TOOL,,Minnesota,120,machinery,+16516467433,,qualitytool.com
"QUALTIM, INC.",,,11-50,Building Materials,,,http://www.qualtim.com/
"QUALTIM, INC.",https://www.linkedin.com/company/qualtim-inc/,,11-50,Building Materials,,,http://www.qualtim.com/
QUEST INDUSTRIAL,,Wisconsin,50,machinery,,28199000,questindustrial.com
QUEST INDUSTRIAL,,Wisconsin,50,machinery,+1 (608) 325-5850,,questindustrial.com
R DAVID JOHNSON CONSULTING,,,2/10/2023,Human Resources Services,,,
R DAVID JOHNSON CONSULTING,https://www.linkedin.com/company/r-david-johnson-consulting/,,2/10/2023,Human Resources Services,,,
R&E AUTOMATED,,,201-500,Automation Machinery Manufacturing,,56.1M,http://www.reautomated.com
R&E AUTOMATED,https://www.linkedin.com/company/309301,Michigan,201-500,Automation Machinery Manufacturing,,56.1M,http://www.reautomated.com
R.A JONES,,,"501-1,000",Machinery Manufacturing,,64.4M,http://www.rajones.com
R.A JONES,https://www.linkedin.com/company/ra-jones,Kentucky,"501-1,000",Machinery Manufacturing,,64.4M,http://www.rajones.com
RACE WINNING BRANDS,,,"501-1,000",Motor Vehicle Manufacturing,,126.5M,http://www.racewinningbrands.com
RACE WINNING BRANDS,https://linkedin.com/company/performance-motorsports-international,Ohio,"501-1,000",Motor Vehicle Manufacturing,,126.5M,http://www.racewinningbrands.com
RACKSPACE TECHNOLOGY,,,"5,001-10,000",IT Services and IT Consulting,,,https://www.rackspace.com/
RACKSPACE TECHNOLOGY,https://www.linkedin.com/company/rackspace-technology/,,"5,001-10,000",IT Services and IT Consulting,,,https://www.rackspace.com/
RADIAN RESEARCH,,,77,electrical/electronic manufacturing,,28752000,http://www.radianresearch.com
RADIAN RESEARCH,,Indiana,77,electrical/electronic manufacturing,,28752000,http://www.radianresearch.com
RADIUS PACKAGING,,,201-500,Packaging & Containers,,53.5M,https://radiuspkg.com
RADIUS PACKAGING,https://linkedin.com/company/radiuspackaging,Wisconsin,201-500,Packaging & Containers,,53.5M,https://radiuspkg.com
RADIX WIRE & CABLE,,,66,electrical/electronic manufacturing,,25000000,http://www.radix-wire.com
RADIX WIRE & CABLE,,Ohio,66,electrical/electronic manufacturing,,25000000,http://www.radix-wire.com
RADIX WIRE & CABLE,https://www.linkedin.com/company/1886628,Ohio,52,Electrical & Electronic Manufacturing,,50000000,radix-wire.com
RAINBOW CHEN CONSULTING,,,seven,,,,
RAINBOW CHEN CONSULTING,,,four,,,,
RAMI,,,63,electrical/electronic manufacturing,,51902000,http://www.rami.com
RAMI,,Michigan,63,electrical/electronic manufacturing,,51902000,http://www.rami.com
RANDI B. STEWART CPA,,,six,,,,https://www.randistewartcpa.com/
RANDI B. STEWART CPA,,,ten,,,,https://www.randistewartcpa.com/
RANDOLPH COMMUNICATIONS,,,51-200,Telecommunications,,,https://www.rtmc.net/
RANDOLPH COMMUNICATIONS,https://www.linkedin.com/company/randolph-communications/,,51-200,Telecommunications,,,https://www.rtmc.net/
"RAPID-LINE, INC.",,Michigan,55,Machinery Manufacturing,,$39.4M,rapid-line.com
"RAPID-LINE, INC.",,Michigan,55,Machinery Manufacturing,+1 (616) 530-0061,,rapid-line.com
RAYMOND JAMES,,,"10,001+",Financial Services,,,http://www.raymondjames.com/
RAYMOND JAMES,https://www.linkedin.com/company/raymond-james-financial-inc-/,,"10,001+",Financial Services,,,http://www.raymondjames.com/
RAYTHEON TECHNOLOGIES,,,"10,001+",Aviation and Aerospace Component Manufacturing,,,https://www.rtx.com/
RAYTHEON TECHNOLOGIES,https://www.linkedin.com/company/raytheontechnologies/about/,,"10,001+",Aviation and Aerospace Component Manufacturing,,,https://www.rtx.com/
RE/MAX,,,201-500,Real Estate,,,http://www.remax.com/
RE/MAX,https://www.linkedin.com/company/remax/,,201-500,Real Estate,,,http://www.remax.com/
"REALTRUCK, INC.",,Michigan,1400,Automotive,,100000000,realtruck.com
"REALTRUCK, INC.",,Michigan,1400,Automotive,+17012535906,,realtruck.com
"REALTRUCK, INC.",,Michigan,1400,Automotive,+18126980230,,realtruck.com
RECARO AUTOMOTIVE,,,201-500,Motor Vehicle Manufacturing,,45.5M,http://www.recaro-automotive.com/
RECARO AUTOMOTIVE,https://www.linkedin.com/company/18605257,Michigan,201-500,Motor Vehicle Manufacturing,,45.5M,http://www.recaro-automotive.com/
RECTANGLE HEALTH,,,51-200,Financial Services,,,http://rectanglehealth.com/
RECTANGLE HEALTH,https://www.linkedin.com/company/rectanglehealth/,,51-200,Financial Services,,,http://rectanglehealth.com/
RED LION CONTROLS,,,201-500,Automation Machinery Manufacturing,,60M,https://www.redlion.net/
RED LION CONTROLS,https://www.linkedin.com/company/413211,Pennsylvania,201-500,Automation Machinery Manufacturing,,60M,https://www.redlion.net/
RED NUCLEUS,,,201-500,Pharmaceutical Manufacturing,,257.2M,https://rednucleus.com
RED NUCLEUS,https://www.linkedin.com/company/1243700,Pennsylvania,201-500,Pharmaceutical Manufacturing,,257.2M,https://rednucleus.com
RED VALVE COMPANY,,,110,Industrial Machinery Manufacturing,,100000000,redvalve.com
RED VALVE COMPANY,,Pennsylvania,110,Industrial Machinery Manufacturing,,100000000,redvalve.com
REDPATH AND COMPANY,,,51-200,Accounting,,,https://www.redpathcpas.com/
REDPATH AND COMPANY,https://www.linkedin.com/company/redpath-and-company-ltd/,,51-200,Accounting,,,https://www.redpathcpas.com/
REDVIKING,,,51-200,Automation Machinery Manufacturing,,31.4M,http://www.redviking.com
REDVIKING,https://linkedin.com/company/redviking-engineering,Michigan,51-200,Automation Machinery Manufacturing,,31.4M,http://www.redviking.com
REFRIGERATED SOLUTIONS GROUP,,,74,HVAC and Refrigeration Equipment Manufacturing,,149400000,master-bilt.com
REFRIGERATED SOLUTIONS GROUP,,Mississippi,74,HVAC and Refrigeration Equipment Manufacturing,,149400000,master-bilt.com
REGAL WARE,,,201-500,Manufacturing,,80M,http://www.regalware.com
REGAL WARE,https://linkedin.com/company/regal-ware-inc-,Wisconsin,201-500,Manufacturing,,80M,http://www.regalware.com
REGIONS BANK,,,"10,001+",Banking,,,https://www.regions.com/
REGIONS BANK,https://www.linkedin.com/company/regions-financial-corporation/,,"10,001+",Banking,,,https://www.regions.com/
REHAB MEDICAL,,,201-500,Medical Equipment Manufacturing,,71.9M,http://www.rehabmedical.com
REHAB MEDICAL,https://www.linkedin.com/company/rehab-medical,Indiana,201-500,Medical Equipment Manufacturing,,71.9M,http://www.rehabmedical.com
RELIABILITY & PERFORMANCE,,,201-500,Defense and Space Manufacturing,,30316000,http://www.rp-tech.net/
RELIABILITY & PERFORMANCE,https://www.linkedin.com/company/417850,Pennsylvania,201-500,Defense and Space Manufacturing,,30316000,http://www.rp-tech.net/
RENEWAL BY ANDERSEN,,,8100,Construction,,,https://www.renewalbyandersen.com/
RENEWAL BY ANDERSEN,https://www.linkedin.com/company/renewal-by-andersen/,,8100,Construction,,,https://www.renewalbyandersen.com/
RENK AMERICA,,Indiana,3000,machinery,,$55M,renk.com
RENK AMERICA,,Indiana,3000,machinery,+4982157000,,renk.com
REPUBLIC AIRWAYS,,,3500,Airlines/aviation,,,https://rjet.com/
REPUBLIC AIRWAYS,,,"5,001-10,000",Airlines and Aviation,,,http://www.rjet.com/
REPUBLIC AIRWAYS,,,"5,001-10,000",Airlines and Aviation,,,https://rjet.com/
REPUBLIC AIRWAYS,https://www.linkedin.com/company/republic-airways/,,nine,Airlines and Aviation,,,http://www.rjet.com/
REPUBLIC AIRWAYS,https://www.linkedin.com/company/republic-airways/,,3500,Airlines/aviation,,,https://rjet.com/
REPUBLIC AIRWAYS,https://www.linkedin.com/company/republic-airways/,,"5,001-10,000",Airlines and Aviation,,,http://www.rjet.com/
REPUBLIC AIRWAYS,https://www.linkedin.com/company/republic-airways/,,"5,001-10,000",Airlines and Aviation,,,https://rjet.com/
REPUBLIC STEEL,,,"501-1,000",Industrial Machinery Manufacturing,,700M,http://www.republicsteel.com
REPUBLIC STEEL,https://linkedin.com/company/republicsteel,Ohio,"501-1,000",Industrial Machinery Manufacturing,,700M,http://www.republicsteel.com
REQUEST FOODS,,,"501-1,000",Food and Beverage Manufacturing,,379.7M,http://www.requestfoods.com
REQUEST FOODS,https://linkedin.com/company/request-foods-inc.,Michigan,"501-1,000",Food and Beverage Manufacturing,,379.7M,http://www.requestfoods.com
RESCO PRODUCTS,,Pennsylvania,280,mining & metals,,26800000,rescoproducts.com
RESCO PRODUCTS,,Pennsylvania,280,mining & metals,+14124944491,,rescoproducts.com
"RESCO PRODUCTS, INC.",,Pennsylvania,280,mining & metals,,$27M,rescoproducts.com
"RESCO PRODUCTS, INC.",,Pennsylvania,280,mining & metals,+14124944491,,rescoproducts.com
RESOLUTION MEDICAL,,Minnesota,150,medical devices,,41400000,resolutionmedical.com
RESOLUTION MEDICAL,,Minnesota,150,medical devices,+1-612-554-7969,,resolutionmedical.com
RESOLUTION MEDICAL,,Minnesota,150,medical devices,"+1-612-867-2472,+1-507-317-5822",,resolutionmedical.com
RESOLUTION MEDICAL,,Minnesota,150,medical devices,+17632055553,,resolutionmedical.com
RESOLUTION MEDICAL,,Minnesota,150,medical devices,"+1-763-226-5359,+1-646-286-6000",,resolutionmedical.com
RESTAURANT EQUIPPERS,,,91,Retail,,29000000,http://www.equippers.com
RESTAURANT EQUIPPERS,,Ohio,91,Retail,,29000000,http://www.equippers.com
RESTAURANT TECHNOLOGIES,,,three,,,,
RESTAURANT TECHNOLOGIES,,,"501-1,000",Food & Beverages,,,https://www.rti-inc.com/
RESTAURANT TECHNOLOGIES,https://www.linkedin.com/company/restaurant-technologies-inc-/,,"501-1,000",Food & Beverages,,,https://www.rti-inc.com/
RESTEK,,,201-500,Chemical Manufacturing,,300M,http://www.restek.com
RESTEK,https://www.linkedin.com/company/60693,Pennsylvania,201-500,Chemical Manufacturing,,300M,http://www.restek.com
RESULTSCX,,,20000,Outsourcing/offshoring,,,https://results-cx.com/
RESULTSCX,https://www.linkedin.com/company/resultscx/,,20000,Outsourcing/offshoring,,,https://results-cx.com/
RESURRECTION CATHOLIC CHURCH,,,42,Religious Institutions,,,https://resurrectionbythebeach.org/
RESURRECTION CATHOLIC CHURCH,http://www.linkedin.com/company/resurrection-catholic-church,,42,Religious Institutions,,,https://resurrectionbythebeach.org/
REVEATION LABS,,,42,Information Technology & Services,,,https://www.reveation.io/
REVEATION LABS,https://www.linkedin.com/company/reveation-labs/,,42,Information Technology & Services,,,https://www.reveation.io/
REVERE PLASTICS SYSTEMS,,,"1,001-5,000",Plastics Manufacturing,,356.8M,http://www.rpsystems.com/
REVERE PLASTICS SYSTEMS,https://www.linkedin.com/company/revere-plastics-systems-llc,Michigan,"1,001-5,000",Plastics Manufacturing,,356.8M,http://www.rpsystems.com/
REVERIE,,,201-500,Furniture and Home Furnishings Manufacturing,,47.5M,http://www.reverie.com
REVERIE,https://linkedin.com/company/reverie,,six,Furniture and Home Furnishings Manufacturing,,,http://www.reverie.com
REVERIE,https://linkedin.com/company/reverie,Michigan,201-500,Furniture and Home Furnishings Manufacturing,,47.5M,http://www.reverie.com
"REVOLUTION GROUP, INC.",,,51-200,Information Technology & Services,,,http://www.revolutiongroup.com/
"REVOLUTION GROUP, INC.",https://www.linkedin.com/company/revolution-group/,,51-200,Information Technology & Services,,,http://www.revolutiongroup.com/
REXAIR,,,201-500,Manufacturing,,35M,https://www.rexairllc.com
REXAIR,,,390,Consumer Goods,,35022000,http://www.rainbowsystem.com
REXAIR,,Michigan,390,Consumer Goods,,35022000,http://www.rainbowsystem.com
REXAIR,https://linkedin.com/company/rexair-llc,Michigan,201-500,Manufacturing,,35M,https://www.rexairllc.com
"REYNOLDS SERVICES, INC.",,Pennsylvania,51,Packaging & Containers,,$48.0M,rsi.biz
"REYNOLDS SERVICES, INC.",,Pennsylvania,51,Packaging & Containers,"+1-724-456-9653,+1-239-293-2551",,rsi.biz
"REYNOLDS SERVICES, INC.",,Pennsylvania,51,Packaging & Containers,+17246462600,,rsi.biz
RF TECHNOLOGIES,,Wisconsin,370,medical devices,,25000000,rft.com
RF TECHNOLOGIES,,Wisconsin,370,medical devices,+12627901771,,rft.com
RF TECHNOLOGIES,,Wisconsin,370,medical devices,"+1-715-343-9608,+1-262-344-2253",,rft.com
RF TECHNOLOGIES,,Wisconsin,370,medical devices,+1-815-508-7249,,rft.com
RG BARRY,,,51-200,Apparel & Fashion,,141.8M,http://www.rgbarry.com
RG BARRY,https://www.linkedin.com/company/106980,Ohio,51-200,Apparel & Fashion,,141.8M,http://www.rgbarry.com
RHINEGEIST BREWERY,,,201-500,Food and Beverage Services,,59M,http://www.rhinegeist.com
RHINEGEIST BREWERY,https://linkedin.com/company/rhinegeist-brewing,,five,Food and Beverage Services,,,http://www.rhinegeist.com
RHINEGEIST BREWERY,https://linkedin.com/company/rhinegeist-brewing,Ohio,201-500,Food and Beverage Services,,59M,http://www.rhinegeist.com
RHINESTAHL,,,51-200,Machinery Manufacturing,,133M,http://www.rhinestahl.com
RHINESTAHL,https://www.linkedin.com/company/1291192,Ohio,51-200,Machinery Manufacturing,,133M,http://www.rhinestahl.com
RHOADS INDUSTRIES,,Pennsylvania,140,Construction,,37500000,rhoadsinc.com
RHOADS INDUSTRIES,,Pennsylvania,140,Construction,+12672878262,,rhoadsinc.com
RHOADS INDUSTRIES,,Pennsylvania,140,Construction,+12677286300,,rhoadsinc.com
RICARDO DEFENSE INC,,,68,Defense and Space Manufacturing,,462277000,ricardo.com
RICARDO DEFENSE INC,,Michigan,68,Defense and Space Manufacturing,,462277000,ricardo.com
RICE LAKE WEIGHING SYSTEMS,,,"501-1,000","Appliances, Electrical, and Electronics Manufacturing",,82.9M,http://www.ricelake.com
RICE LAKE WEIGHING SYSTEMS,https://linkedin.com/company/rice-lake-weighing-systems,Wisconsin,"501-1,000","Appliances, Electrical, and Electronics Manufacturing",,82.9M,http://www.ricelake.com
RICHARDS INDUSTRIALS,,,51-200,Industrial Machinery Manufacturing,,41.2M,http://www.richardsind.com/careers
RICHARDS INDUSTRIALS,https://linkedin.com/company/richards-industrials,Ohio,51-200,Industrial Machinery Manufacturing,,41.2M,http://www.richardsind.com/careers
RIFLE PAPER,,,110,Retail,,34018000,http://www.riflepaperco.com
RIFLE PAPER,,Florida,110,Retail,,34018000,http://www.riflepaperco.com
RINGCENTRAL,,,"5,001-10,000",Software Development,,,http://www.ringcentral.com/
RINGCENTRAL,https://www.linkedin.com/company/ringcentral/,,"5,001-10,000",Software Development,,,http://www.ringcentral.com/
"RITCHIE ENGINEERING CO., INC. (YELLOW JACKET)",,Minnesota,61,Mechanical Or Industrial Engineering,,41000000,yellowjacket.com
"RITCHIE ENGINEERING CO., INC. (YELLOW JACKET)",,Minnesota,61,Mechanical Or Industrial Engineering,"+1-763-571-1198,+1-651-900-0784,+1-612-850-6272",,yellowjacket.com
RITE-HITE,,,"1,001-5,000",Machinery Manufacturing,,300M,http://www.ritehite.com
RITE-HITE,https://linkedin.com/company/rite-hite,Wisconsin,"1,001-5,000",Machinery Manufacturing,,300M,http://www.ritehite.com
RITERUG FLOORING,,,590,Retail,,45000000,http://www.riterug.com
RITERUG FLOORING,,Ohio,590,Retail,,45000000,http://www.riterug.com
RIVERSIDE MFG.,,,79,"Appliances, Electrical, and Electronics Manufacturing",,60100000,riversidemfg.com
RIVERSIDE MFG.,,Indiana,79,"Appliances, Electrical, and Electronics Manufacturing",,60100000,riversidemfg.com
RMS COMPANY,,Minnesota,530,medical devices,,26552000,rmsmachining.com
RMS COMPANY,,Minnesota,530,medical devices,+1-651-323-8452,,rmsmachining.com
ROBB & STUCKY,,,120,Retail,,300000000,http://www.robbstuckyintl.com
ROBB & STUCKY,,Florida,120,Retail,,300000000,http://www.robbstuckyintl.com
ROBBINS,,,"501-1,000",Machinery Manufacturing,,38.4M,http://www.RobbinsTBM.com
ROBBINS,https://www.linkedin.com/company/43500,Ohio,"501-1,000",Machinery Manufacturing,,38.4M,http://www.RobbinsTBM.com
ROBIN INDUSTRIES,,,"501-1,000",Plastics Manufacturing,,129M,http://www.robin-industries.com
ROBIN INDUSTRIES,https://www.linkedin.com/company/2235991,Ohio,"501-1,000",Plastics Manufacturing,,129M,http://www.robin-industries.com
"ROBINSON, INC.",,,160,Industrial Machinery Manufacturing,,65000000,robinsoninc.com
"ROBINSON, INC.",,Wisconsin,160,Industrial Machinery Manufacturing,,65000000,robinsoninc.com
ROCHE DIABETES CARE,,Indiana,200,medical devices,,43000000,rochediabetes.com
ROCHE DIABETES CARE,,Indiana,200,medical devices,+1-317-570-5100,,rochediabetes.com
ROCKLINE INDUSTRIES,,,"1,001-5,000",Manufacturing,,40M,http://www.rocklineind.com
ROCKLINE INDUSTRIES,,Wisconsin,1175,Mechanical Or Industrial Engineering,,497000000,rocklineind.com
ROCKLINE INDUSTRIES,,Wisconsin,1175,Mechanical Or Industrial Engineering,"+1-479-313-3748,+1-479-420-9129",,rocklineind.com
ROCKLINE INDUSTRIES,,Wisconsin,1175,Mechanical Or Industrial Engineering,+1-920-226-1381,,rocklineind.com
ROCKLINE INDUSTRIES,,Wisconsin,1175,Mechanical Or Industrial Engineering,+19204523004,,rocklineind.com
ROCKLINE INDUSTRIES,,Wisconsin,1175,Mechanical Or Industrial Engineering,+1-920-915-2425,,rocklineind.com
ROCKLINE INDUSTRIES,https://linkedin.com/company/rockline-industries,,three,Manufacturing,,,http://www.rocklineind.com
ROCKLINE INDUSTRIES,https://linkedin.com/company/rockline-industries,Wisconsin,"1,001-5,000",Manufacturing,,40M,http://www.rocklineind.com
ROCKWELL MEDICAL,,,201-500,Pharmaceutical Manufacturing,,68830000,http://www.rockwellmed.com
ROCKWELL MEDICAL,https://www.linkedin.com/company/481409,Michigan,201-500,Pharmaceutical Manufacturing,,68830000,http://www.rockwellmed.com
RODEM,,,51-200,Food and Beverage Manufacturing,,52M,https://www.Rodem.com
RODEM,https://linkedin.com/company/rodem-process-equipment,Ohio,51-200,Food and Beverage Manufacturing,,52M,https://www.Rodem.com
ROGUE FITNESS,,,480,Retail,,80000000,http://www.roguefitness.com
ROGUE FITNESS,,Ohio,480,Retail,,80000000,http://www.roguefitness.com
ROHRER,,,"1,001-5,000",Packaging and Containers Manufacturing,,131M,http://www.rohrer.com
ROHRER,https://www.linkedin.com/company/1731202,,eight,Packaging and Containers Manufacturing,,,http://www.rohrer.com
ROHRER,https://www.linkedin.com/company/1731202,Ohio,"1,001-5,000",Packaging and Containers Manufacturing,,131M,http://www.rohrer.com
ROMAN MANUFACTURING,,,51-200,"Appliances, Electrical, and Electronics Manufacturing",,52.1M,https://www.romanmfg.com/
ROMAN MANUFACTURING,,,83,electrical/electronic manufacturing,,52085000,http://www.romanmfg.com
ROMAN MANUFACTURING,https://linkedin.com/company/roman-manufacturing-inc/,Michigan,51-200,"Appliances, Electrical, and Electronics Manufacturing",,52.1M,https://www.romanmfg.com/
ROSENBAUER AMERICA,,South Dakota,280,Automotive,,220000000,rosenbaueramerica.com
ROSENBAUER AMERICA,,South Dakota,280,Automotive,,78600000,rosenbaueramerica.com
ROSENBAUER AMERICA,,South Dakota,280,Automotive,+16053213541,,rosenbaueramerica.com
ROSENBAUER AMERICA,,South Dakota,280,Automotive,+16055435591,,rosenbaueramerica.com
ROSKAM BAKING,,,"1,001-5,000",Food and Beverage Manufacturing,,267.5M,http://roskambakingcompany.com/
ROSKAM BAKING,https://linkedin.com/company/roskam-baking-co/,Michigan,"1,001-5,000",Food and Beverage Manufacturing,,267.5M,http://roskambakingcompany.com/
RÖSLER USA,,Michigan,250,machinery,,$358.0M,rosler.com
RÖSLER USA,,Michigan,250,machinery,+1 (269) 441-3000,,rosler.com
ROSS CONTROLS,,,201-500,Industrial Automation,,92.4M,http://www.rosscontrols.com
ROSS CONTROLS,https://www.linkedin.com/company/334092,Michigan,201-500,Industrial Automation,,92.4M,http://www.rosscontrols.com
ROTEX GLOBAL,,,201-500,Machinery Manufacturing,,90M,http://www.rotex.com
ROTEX GLOBAL,https://linkedin.com/company/rotex-global-llc,Ohio,201-500,Machinery Manufacturing,,90M,http://www.rotex.com
ROUNDTABLE HEALTHCARE PARTNERS,,,40,Venture Capital & Private Equity,,,http://www.roundtablehp.com/
ROUNDTABLE HEALTHCARE PARTNERS,https://www.linkedin.com/company/roundtable-healthcare-partners/,,40,Venture Capital & Private Equity,,,http://www.roundtablehp.com/
ROVISYS,,,"1,001-5,000",Automation Machinery Manufacturing,,134.4M,http://www.rovisys.com
ROVISYS,https://www.linkedin.com/company/53177,Ohio,"1,001-5,000",Automation Machinery Manufacturing,,134.4M,http://www.rovisys.com
ROYAL CHEMICAL,,,51-200,Chemical Manufacturing,,50M,http://www.royalchemical.com
ROYAL CHEMICAL,https://www.linkedin.com/company/2647194,Ohio,51-200,Chemical Manufacturing,,50M,http://www.royalchemical.com
ROYER CORPORATION,,Indiana,66,plastics,,$59.8M,royercorp.com
ROYER CORPORATION,,Indiana,66,plastics,+18004578997,,royercorp.com
ROYER CORPORATION,,Indiana,66,plastics,+18125997424,,royercorp.com
RSM US LLP,,,18000,Accounting,,,https://rsmus.com/
RSM US LLP,http://www.linkedin.com/company/rsm-us-llp,,18000,Accounting,,,https://rsmus.com/
RUDOLPH FOODS,,,"501-1,000",Food Production,,259.4M,http://www.rudolphfoods.com
RUDOLPH FOODS,https://www.linkedin.com/company/4330560,Ohio,"501-1,000",Food Production,,259.4M,http://www.rudolphfoods.com
RUDOLPH LIBBE GROUP,,,seven,,,,
RUDOLPH LIBBE GROUP,,,"501-1,000",Construction,,,https://rlgbuilds.com/
RUDOLPH LIBBE GROUP,https://www.linkedin.com/company/rudolph-libbe-group/,,"501-1,000",Construction,,,https://rlgbuilds.com/
RUSCILLI CONSTRUCTION,,,ten,,,,
RUSCILLI CONSTRUCTION,,,51-200,Construction,,,https://www.ruscilli.com/
RUSCILLI CONSTRUCTION,https://www.linkedin.com/company/ruscilli-construction/,,51-200,Construction,,,https://www.ruscilli.com/
R-V INDUSTRIES,,,201-500,Mechanical Or Industrial Engineering,,49.1M,http://www.rvii.com
R-V INDUSTRIES,https://www.linkedin.com/company/2934004,Pennsylvania,201-500,Mechanical Or Industrial Engineering,,49.1M,http://www.rvii.com
RYDER SUPPLY CHAIN SOLUTIONS,,,four,,,,
RYDER SUPPLY CHAIN SOLUTIONS,,,"10,001+","Transportation, Logistics, Supply Chain and Storage",,,http://www.ryderscs.com/
RYDER SUPPLY CHAIN SOLUTIONS,https://www.linkedin.com/company/ryder-supply-chain-solutions/,,seven,"Transportation, Logistics, Supply Chain and Storage",,,http://www.ryderscs.com/
RYDER SUPPLY CHAIN SOLUTIONS,https://www.linkedin.com/company/ryder-supply-chain-solutions/,,"10,001+","Transportation, Logistics, Supply Chain and Storage",,,http://www.ryderscs.com/
"RYDER SYSTEM, INC.",,,seven,,,,
"RYDER SYSTEM, INC.",,,"10,001+","Transportation, Logistics, Supply Chain and Storage",,,http://www.ryder.com/
"RYDER SYSTEM, INC.",https://www.linkedin.com/company/ryder-system-inc/,,"10,001+","Transportation, Logistics, Supply Chain and Storage",,,http://www.ryder.com/
RYOBI DIE CASTING,,Indiana,750,Automotive,,249200000,ryobidiecasting.com
RYOBI DIE CASTING,,Indiana,750,Automotive,"+1-317-642-8979,+1-650-888-6524",,ryobidiecasting.com
"RYOBI DIE CASTING, INC.",,Indiana,750,Automotive,,249200000,ryobidiecasting.com
"RYOBI DIE CASTING, INC.",,Indiana,750,Automotive,"+1-314-623-7973,+1-314-478-0050",,ryobidiecasting.com
"RYOBI DIE CASTING, INC.",,Indiana,750,Automotive,+13173983398,,ryobidiecasting.com
RYTEC CORPORATION,,Wisconsin,190,Mechanical Or Industrial Engineering,,120000000,rytecdoors.com
RYTEC CORPORATION,,Wisconsin,190,Mechanical Or Industrial Engineering,+12622691466,,rytecdoors.com
RYTEC CORPORATION,,Wisconsin,190,Mechanical Or Industrial Engineering,"+1-602-743-9566,+1-804-815-2931",,rytecdoors.com
RYTEC CORPORATION,,Wisconsin,190,Mechanical Or Industrial Engineering,+1-847-644-2461,,rytecdoors.com
RYTEC CORPORATION,,Wisconsin,190,Mechanical Or Industrial Engineering,"+1-847-910-4780,+1-618-218-0607,+1-847-722-4347",,rytecdoors.com
S&P USA VENTILATION,,,53,electrical/electronic manufacturing,,33100000,http://www.solerpalau-usa.com
S&P USA VENTILATION,,Florida,53,electrical/electronic manufacturing,,33100000,http://www.solerpalau-usa.com
S&S CYCLE,,,201-500,Motor Vehicle Manufacturing,,35.8M,http://www.sscycle.com
S&S CYCLE,https://linkedin.com/company/sscycle,Wisconsin,201-500,Motor Vehicle Manufacturing,,35.8M,http://www.sscycle.com
"S&S CYCLE, INC.",,Wisconsin,140,Automotive,,35822000,sscycle.com
"S&S CYCLE, INC.",,Wisconsin,140,Automotive,+16086271497,,sscycle.com
"S&S CYCLE, INC.",,Wisconsin,140,Automotive,"+1-864-237-5197,+1-706-830-9296",,sscycle.com
SA STONE WEALTH MANAGEMENT INC.,,,"501-1,000",Financial Services,,,http://www.saswealth.com/
SA STONE WEALTH MANAGEMENT INC.,https://www.linkedin.com/company/sa-stone-wealth-management/,,"501-1,000",Financial Services,,,http://www.saswealth.com/
SACO AEI POLYMERS,,,"501-1,000",Plastics Manufacturing,,33.5M,http://www.sacoaei.com
SACO AEI POLYMERS,https://linkedin.com/company/sacoaei,Wisconsin,"501-1,000",Plastics Manufacturing,,33.5M,http://www.sacoaei.com
SACRAMENTO COUNTY,,,"10,001+",Government Administration,,,https://www.saccounty.gov/
SACRAMENTO COUNTY,https://www.linkedin.com/company/sacramento-county/,,"10,001+",Government Administration,,,https://www.saccounty.gov/
SAFCO PRODUCTS,,,180,Furniture and Home Furnishings Manufacturing,,37500000,safcoproducts.com
SAFCO PRODUCTS,,Minnesota,180,Furniture and Home Furnishings Manufacturing,,37500000,safcoproducts.com
SAGINAW CONTROL AND ENGINEERING,,,150,Automation Machinery Manufacturing,,200000000,saginawcontrol.com
SAGINAW CONTROL AND ENGINEERING,,Michigan,150,Automation Machinery Manufacturing,,200000000,saginawcontrol.com
SAINT AGATHA PARISH,,,seven,,,,https://www.stagathabm.com/
SAINT AGATHA PARISH,,,four,,,,https://www.stagathabm.com/
SAINT LOUIS UNIVERSITY,,,"1,001-5,000",Higher Education,,,http://slu.edu/
SAINT LOUIS UNIVERSITY,,,"1,001-5,000",Higher Education,,,https://www.slu.edu/
SAINT LOUIS UNIVERSITY,https://www.linkedin.com/school/saint-louis-university/,,"1,001-5,000",Higher Education,,,http://slu.edu/
SAINT LOUIS UNIVERSITY,https://www.linkedin.com/school/saint-louis-university/,,"1,001-5,000",Higher Education,,,https://www.slu.edu/
SALINE LECTRONICS,,,51-200,"Appliances, Electrical, and Electronics ManufacturingAppliances, Electrical, and Electronics Manufacturing",,39.3M,http://www.lectronics.net/
SALINE LECTRONICS,,Michigan,86,machinery,,$38.0M,lectronics.net
SALINE LECTRONICS,https://linkedin.com/company/saline-lectronics-inc-/,New Hampshire,51-200,"Appliances, Electrical, and Electronics ManufacturingAppliances, Electrical, and Electronics Manufacturing",,39.3M,http://www.lectronics.net/
SALM PARTNERS,,,201-500,Food and Beverage Manufacturing,,168M,http://www.salmpartners.com
SALM PARTNERS,https://linkedin.com/company/salm-partners-llc,South Carolina,201-500,Food and Beverage Manufacturing,,168M,http://www.salmpartners.com
SALON INNOVATIONS,,,51-200,Consumer Goods,,,https://www.saloninnovations.com/
SALON INNOVATIONS,https://www.linkedin.com/company/salon-innovations/,,51-200,Consumer Goods,,,https://www.saloninnovations.com/
SALT CYBERSECURITY,,,11-50,Computer and Network Security,,,http://www.saltcyber.com/
SALT CYBERSECURITY,https://www.linkedin.com/company/saltcybersecurity/,,11-50,Computer and Network Security,,,http://www.saltcyber.com/
SALTEE SHIRT,,,nine,,,,
SALTEE SHIRT,,,ten,,,,
SANDRIDGE,,,"501-1,000",Food and Beverage Manufacturing,,80M,http://www.sandridge.com
SANDRIDGE,https://www.linkedin.com/company/147439,Ohio,"501-1,000",Food and Beverage Manufacturing,,80M,http://www.sandridge.com
SANOH AMERICA,,,"1,001-5,000",Automotive,,66.1M,http://www.sanoh-america.com
SANOH AMERICA,https://www.linkedin.com/company/1033220,Ohio,"1,001-5,000",Automotive,,66.1M,http://www.sanoh-america.com
SANSEGAL,,,two,,,,https://sansegalchina.com/
SANSEGAL,,,ten,,,,https://sansegalchina.com/
SANSEGAL,,,eight,,,,https://sansegalchina.com/
SAP,,,108000,Information Technology & Services,,,http://www.sap.com/
SAP,https://www.linkedin.com/company/sap/,,108000,Information Technology & Services,,,http://www.sap.com/
SARTORI,,,"501-1,000",Food and Beverage Manufacturing,,130M,http://www.sartoricheese.com/
SARTORI,,,"501-1,000",Food and Beverage Manufacturing,,130M,http://www.sartoricheese.com/careers
SARTORI,https://linkedin.com/company/sartori-company,Wisconsin,"501-1,000",Food and Beverage Manufacturing,,130M,http://www.sartoricheese.com/
SARTORI,https://linkedin.com/company/sartori-company,Wisconsin,"501-1,000",Food and Beverage Manufacturing,,130M,http://www.sartoricheese.com/careers
SAUDER MANUFACTURING CO.,,,201-500,Furniture and Home Furnishings Manufacturing,,55.2M,http://www.saudermfg.com
SAUDER MANUFACTURING CO.,https://linkedin.com/company/sauder-manufacturing-co.,Ohio,201-500,Furniture and Home Furnishings Manufacturing,,55.2M,http://www.saudermfg.com
SAVANNAH PORT SERVICES,,,eight,,,,https://www.savannahportservices.com/
SAVANNAH PORT SERVICES,,,five,,,,https://www.savannahportservices.com/
SAXON FINANCIAL SERVICES,,,11-50,Financial Services,,,http://gosaxon.com/
SAXON FINANCIAL SERVICES,https://www.linkedin.com/company/saxon-financial-consulting/,,11-50,Financial Services,,,http://gosaxon.com/
"SCANLAN INTERNATIONAL, INC.",,Minnesota,200,medical devices,,31100000,scanlaninternational.com
"SCANLAN INTERNATIONAL, INC.",,Minnesota,200,medical devices,+1 (800) 328-9458,,scanlaninternational.com
SCAN-PAC MANUFACTURING,,Wisconsin,56,machinery,,25600000,scanpac.com
SCAN-PAC MANUFACTURING,,Wisconsin,56,machinery,+12622502304,,scanpac.com
SCHAEDLER YESCO DISTRIBUTION,,,201-500,Wholesale,,60M,https://www.sydist.com
SCHAEDLER YESCO DISTRIBUTION,https://www.linkedin.com/company/schaedler-yesco-distribution,Pennsylvania,201-500,Wholesale,,60M,https://www.sydist.com
SCHILLER GROUNDS CARE,,Pennsylvania,82,machinery,,$73.3M,schillergc.com
SCHILLER GROUNDS CARE,,Pennsylvania,82,machinery,+1 (610) 658-0888,,schillergc.com
SCHLAGE LOCKS,,,"5,001-10,000",Manufacturing,,434.5M,http://www.schlage.com
SCHLAGE LOCKS,https://www.linkedin.com/company/schlage,Indiana,"5,001-10,000",Manufacturing,,434.5M,http://www.schlage.com
SCHNEIDER DOWNS,,,"501-1,000",Accounting,,,http://www.schneiderdowns.com/
SCHNEIDER DOWNS,https://www.linkedin.com/company/schneider-downs/,,nine,Accounting,,,http://www.schneiderdowns.com/
SCHNEIDER DOWNS,https://www.linkedin.com/company/schneider-downs/,,"501-1,000",Accounting,,,http://www.schneiderdowns.com/
SCHNELLER,,,201-500,Aviation and Aerospace Component Manufacturing,,100M,http://www.schneller.com
SCHNELLER,https://www.linkedin.com/company/121229,Ohio,201-500,Aviation and Aerospace Component Manufacturing,,100M,http://www.schneller.com
SCHOEP'S ICE CREAM,,,51-200,Food Production,,60M,http://www.schoepsicecream.com
SCHOEP'S ICE CREAM,https://linkedin.com/company/schoeps-ice-cream-co-inc,Wisconsin,51-200,Food Production,,60M,http://www.schoepsicecream.com
SCHOOL OUTFITTERS,,,200,Retail,,38000000,http://www.schooloutfitters.com
SCHOOL OUTFITTERS,,Ohio,200,Retail,,38000000,http://www.schooloutfitters.com
SCHUETTE METALS,,Wisconsin,65,mining & metals,,55025000,schuettemetals.com
SCHUETTE METALS,,Wisconsin,65,mining & metals,+1-414-688-0623,,schuettemetals.com
SCHUETTE METALS,,Wisconsin,65,mining & metals,+1-517-581-0809,,schuettemetals.com
SCHUETTE METALS,,Wisconsin,65,mining & metals,+17153554500,,schuettemetals.com
SCHUETTE METALS,,Wisconsin,65,mining & metals,+17155733342,,schuettemetals.com
SCHWEBEL BAKING,,,"501-1,000",Food and Beverage Manufacturing,,293.7M,http://www.schwebels.com
SCHWEBEL BAKING,https://linkedin.com/company/schwebel-baking-co-,,two,Food and Beverage Manufacturing,,,http://www.schwebels.com
SCHWEBEL BAKING,https://linkedin.com/company/schwebel-baking-co-,Ohio,"501-1,000",Food and Beverage Manufacturing,,293.7M,http://www.schwebels.com
SCIENTIFIC PROTEIN LABORATORIES,,,201-500,Pharmaceutical Manufacturing,,44.9M,https://www.splpharma.com
SCIENTIFIC PROTEIN LABORATORIES,https://linkedin.com/company/spl-pharma.com,Wisconsin,201-500,Pharmaceutical Manufacturing,,44.9M,https://www.splpharma.com
"SCOTT & VICTOR, LLC.",,,4,Marketing & Advertising,,,https://scottandvictor.com/
"SCOTT & VICTOR, LLC.",https://www.linkedin.com/company/scottandvictor/,,4,Marketing & Advertising,,,https://scottandvictor.com/
SCOTT EQUIPMENT COMPANY,,Minnesota,200,machinery,,180000000,scottequipment.com
SCOTT EQUIPMENT COMPANY,,Minnesota,200,machinery,+1 (952) 758-2591,,scottequipment.com
SEAGRAVE FIRE APPARATUS,,,201-500,Automotive,,49.4M,https://seagrave.com
SEAGRAVE FIRE APPARATUS,https://linkedin.com/company/seagravefireapparatus,Wisconsin,201-500,Automotive,,49.4M,https://seagrave.com
"SEAN CRIMMINS PROFESSIONAL RV CONSULTANT, LLC",,,0,Automotive,,,https://scrvconsultant.com/
"SEAN CRIMMINS PROFESSIONAL RV CONSULTANT, LLC",http://www.linkedin.com/company/sean-crimmins-foley-rv-center,,0,Automotive,,,https://scrvconsultant.com/
SECANT GROUP,,,51-200,Textile Manufacturing,,35.1M,http://www.secant.com
SECANT GROUP,https://www.linkedin.com/company/1028078,Pennsylvania,51-200,Textile Manufacturing,,35.1M,http://www.secant.com
SECHAN ELECTRONICS,,,201-500,Defense and Space Manufacturing,,51M,http://www.sechan.com
SECHAN ELECTRONICS,https://www.linkedin.com/company/1666414,,one,Defense and Space Manufacturing,,,http://www.sechan.com
SECHAN ELECTRONICS,https://www.linkedin.com/company/1666414,Pennsylvania,201-500,Defense and Space Manufacturing,,51M,http://www.sechan.com
SEDGWICK,,,three,,,,
SEDGWICK,,,"10,001+",Insurance,,,https://www.sedgwick.com/
SEDGWICK,https://www.linkedin.com/company/sedgwick/,,"10,001+",Insurance,,,https://www.sedgwick.com/
SEEGRID,,,201-500,Automation Machinery Manufacturing,,70M,http://www.seegrid.com/
SEEGRID,https://www.linkedin.com/company/157132,,three,Automation Machinery Manufacturing,,,http://www.seegrid.com/
SEEGRID,https://www.linkedin.com/company/157132,Pennsylvania,201-500,Automation Machinery Manufacturing,,70M,http://www.seegrid.com/
"SEKISUI VOLTEK, LLC",,Michigan,93,plastics,,$37.5M,sekisuivoltek.com
"SEKISUI VOLTEK, LLC",,Michigan,93,plastics,+18002250668,,sekisuivoltek.com
SEMCO ENERGY,,,201-500,Utilities,,48.9M,http://www.semcoenergygas.com
SEMCO ENERGY,https://www.linkedin.com/company/semco-energy,Michigan,201-500,Utilities,,48.9M,http://www.semcoenergygas.com
SENSIT,,,68,electrical/electronic manufacturing,,25900000,http://www.gasleaksensors.com
SENSIT,,Indiana,68,electrical/electronic manufacturing,,25900000,http://www.gasleaksensors.com
SEO CHALLENGERS,,,four,,,,http://www.seochallengers.com/
SEO CHALLENGERS,,,two,,,,http://www.seochallengers.com/
SERIGRAPH,,,"501-1,000",Printing Services,,500M,https://www.serigraph.com
SERIGRAPH,https://linkedin.com/company/serigraph,,seven,Printing Services,,,https://www.serigraph.com
SERIGRAPH,https://linkedin.com/company/serigraph,Wisconsin,"501-1,000",Printing Services,,500M,https://www.serigraph.com
SERRA AUTOMOTIVE,,,"1,001-5,000",Automotive,,276.1M,http://www.serrausa.com/
SERRA AUTOMOTIVE,https://linkedin.com/company/serrausa/,,two,Automotive,,,http://www.serrausa.com/
SERRA AUTOMOTIVE,https://linkedin.com/company/serrausa/,Michigan,"1,001-5,000",Automotive,,276.1M,http://www.serrausa.com/
SERVE ELECTRIC,,,78,Automation Machinery Manufacturing,,76400000,serveelectric.com
SERVE ELECTRIC,,Michigan,78,Automation Machinery Manufacturing,,76400000,serveelectric.com
SERVICE WIRE,,,201-500,"Appliances, Electrical, and Electronics Manufacturing",,88M,http://www.servicewire.com
SERVICE WIRE,https://www.linkedin.com/company/servicewirecompany,West Virginia,201-500,"Appliances, Electrical, and Electronics Manufacturing",,88M,http://www.servicewire.com
SERVICENOW,,,three,,,,
SERVICENOW,,,"10,001+",Software Development,,,http://www.servicenow.com/
SERVICENOW,https://www.linkedin.com/company/servicenow/,,"10,001+",Software Development,,,http://www.servicenow.com/
SHAPE PROCESS AUTOMATION,,,201-500,Automation Machinery Manufacturing,,57.9M,http://www.shapeprocessautomation.com
SHAPE PROCESS AUTOMATION,https://www.linkedin.com/company/1333868,Michigan,201-500,Automation Machinery Manufacturing,,57.9M,http://www.shapeprocessautomation.com
SHARP SERVICES,,,"1,001-5,000",Pharmaceutical Manufacturing,,388M,https://www.sharpservices.com/
SHARP SERVICES,https://www.linkedin.com/company/67130,Pennsylvania,"1,001-5,000",Pharmaceutical Manufacturing,,388M,https://www.sharpservices.com/
SHARPER IMAGE,,,51-200,Computers and Electronics Manufacturing,,200M,http://www.sharperimage.com
SHARPER IMAGE,https://linkedin.com/company/sharperimage-com,Michigan,51-200,Computers and Electronics Manufacturing,,200M,http://www.sharperimage.com
SHELLBACK SEMICONDUCTOR TECHNOLOGY,,,51-200,Semiconductor Manufacturing,,40000000,http://www.shellbacksemi.com
SHELLBACK SEMICONDUCTOR TECHNOLOGY,https://www.linkedin.com/company/678551,Pennsylvania,51-200,Semiconductor Manufacturing,,40000000,http://www.shellbacksemi.com
SHELLBACK SEMICONDUCTOR TECHNOLOGY,https://www.linkedin.com/company/678551,Texas,51-200,Semiconductor Manufacturing,,40000000,http://www.shellbacksemi.com
SHIN-ETSU SILICONES OF AMERICA,,,51-200,Chemical Manufacturing,,31.9M,http://Shinetsusilicones.com
SHIN-ETSU SILICONES OF AMERICA,https://linkedin.com/company/shin-etsu-silicones,Ohio,51-200,Chemical Manufacturing,,31.9M,http://Shinetsusilicones.com
SHINOLA,,,"501-1,000",Consumer Goods,,100M,http://shinola.com/
SHINOLA,,,"501-1,000",Manufacturing,,100M,http://shinola.com/
SHINOLA,https://linkedin.com/company/shinola,Michigan,"501-1,000",Manufacturing,,100M,http://shinola.com/
SHINOLA,https://linkedin.com/company/shinola/,,six,Consumer Goods,,,http://shinola.com/
SHINOLA,https://linkedin.com/company/shinola/,Michigan,"501-1,000",Consumer Goods,,100M,http://shinola.com/
SHOP VAC USA,,,201-500,Manufacturing,,303.8M,http://www.shopvac.com
SHOP VAC USA,https://www.linkedin.com/company/5665373,,nine,Manufacturing,,,http://www.shopvac.com
SHOP VAC USA,https://www.linkedin.com/company/5665373,Pennsylvania,201-500,Manufacturing,,303.8M,http://www.shopvac.com
SHORELINE CONTAINER,,Michigan,110,Packaging & Containers,,68200000,shorelinecontainer.com
SHORELINE CONTAINER,,Michigan,110,Packaging & Containers,+1-616-836-4390,,shorelinecontainer.com
SIFCO INDUSTRIES,,,"501-1,000",Aviation and Aerospace Component Manufacturing,,83.9M,http://www.sifco.com
SIFCO INDUSTRIES,https://linkedin.com/company/sifco-industries-inc,Ohio,"501-1,000",Aviation and Aerospace Component Manufacturing,,83.9M,http://www.sifco.com
SIGHTPATH MEDICAL,,Minnesota,500,medical devices,,40000000,sightpathmedical.com
SIGHTPATH MEDICAL,,Minnesota,500,medical devices,+1 (952) 881-2500,,sightpathmedical.com
SIGMA - DARLINGTON,,,five,,,,
SIGMA - DARLINGTON,,,two,,,,
SIGMA - DARLINGTON,,,six,,,,
SIGNARAMA,,,1400,Retail,,55000000,http://www.signarama.com
SIGNARAMA,,Florida,1400,Retail,,55000000,http://www.signarama.com
SIGNICAST,,,"501-1,000",Manufacturing,,205M,http://www.signicast.com
SIGNICAST,https://linkedin.com/company/signicastinvestmentcastings,Wisconsin,"501-1,000",Manufacturing,,205M,http://www.signicast.com
SILBERLINE,,,"501-1,000",Chemical Manufacturing,,306.2M,http://www.silberline.com/
SILBERLINE,https://www.linkedin.com/company/silberline,Pennsylvania,"501-1,000",Chemical Manufacturing,,306.2M,http://www.silberline.com/
SILFEX,,,"1,001-5,000",Semiconductor Manufacturing,,234.9M,http://www.silfex.com
SILFEX,https://www.linkedin.com/company/772837,Ohio,"1,001-5,000",Semiconductor Manufacturing,,234.9M,http://www.silfex.com
SILGAN SPECIALTY,,,"501-1,000",Packaging and Containers Manufacturing,,48.2M,https://silganspecialty.com
SILGAN SPECIALTY,https://linkedin.com/company/silgan-specialty-packaging,Wisconsin,"501-1,000",Packaging and Containers Manufacturing,,48.2M,https://silganspecialty.com
SILVER SPRING FOODS,,,201-500,Food and Beverage Manufacturing,,50M,http://www.silverspringfoods.com
SILVER SPRING FOODS,https://linkedin.com/company/silver-spring-foods-inc-,Wisconsin,201-500,Food and Beverage Manufacturing,,50M,http://www.silverspringfoods.com
SIMONA BOLTARON,,,51-200,Plastics Manufacturing,,40.7M,http://www.boltaron.com
SIMONA BOLTARON,https://www.linkedin.com/company/259665,Ohio,51-200,Plastics Manufacturing,,40.7M,http://www.boltaron.com
SIMPLY SIGNS,,,two,,,,https://www.simplysignsgraphics.com/
SIMPLY SIGNS,,,six,,,,https://www.simplysignsgraphics.com/
SINTO AMERICA,,,201-500,Machinery Manufacturing,,36.3M,http://www.sintoamerica.com
SINTO AMERICA,https://www.linkedin.com/company/231198,Michigan,201-500,Machinery Manufacturing,,36.3M,http://www.sintoamerica.com
SITECORE,,,"1,001-5,000",Software Development,,,https://www.sitecore.com/
SITECORE,https://www.linkedin.com/company/sitecore/,,"1,001-5,000",Software Development,,,https://www.sitecore.com/
SITEX,,Kentucky,170,textiles,,$25.6M,sitex-corp.com
SITEX,,Kentucky,170,textiles,,25600000,sitex-corp.com
SITEX,,Kentucky,170,textiles,+12708273537,,sitex-corp.com
SJE,,,six,,,,
SJE,,,201-500,"Appliances, Electrical, and Electronics Manufacturing",,,http://www.sjeinc.com/
SJE,,,201-500,"Appliances, Electrical, and Electronics Manufacturing",,,https://sjeinc.com/
SJE,https://www.linkedin.com/company/sje-inc-official/,,201-500,"Appliances, Electrical, and Electronics Manufacturing",,,http://www.sjeinc.com/
SJE,https://www.linkedin.com/company/sje-inc-official//,,201-500,"Appliances, Electrical, and Electronics Manufacturing",,,https://sjeinc.com/
SJE INC,,,201-500,"Appliances, Electrical, and Electronics Manufacturing",,,http://www.sjeinc.com/
SJE INC,https://www.linkedin.com/company/sje-inc-official/,,201-500,"Appliances, Electrical, and Electronics Manufacturing",,,http://www.sjeinc.com/
SJE INC,https://www.linkedin.com/company/sje-inc-official//,,201-500,"Appliances, Electrical, and Electronics Manufacturing",,,http://www.sjeinc.com/
SJE INC.,,,one,"Appliances, Electrical, and Electronics Manufacturing",,,http://www.sjeinc.com/
SJE INC.,,,130,electrical/electronic manufacturing,,,http://www.sjeinc.com/
SJE INC.,,,201-500,"Appliances, Electrical, and Electronics Manufacturing",,,http://www.sjeinc.com/
SJE INC.,https://www.linkedin.com/company/sje-inc-official/,,two,"Appliances, Electrical, and Electronics Manufacturing",,,http://www.sjeinc.com/
SJE INC.,https://www.linkedin.com/company/sje-inc-official/,,130,electrical/electronic manufacturing,,,http://www.sjeinc.com/
SJE INC.,https://www.linkedin.com/company/sje-inc-official/,,201-500,"Appliances, Electrical, and Electronics Manufacturing",,,http://www.sjeinc.com/
SJE INC.,https://www.linkedin.com/company/sje-inc-official//,,201-500,"Appliances, Electrical, and Electronics Manufacturing",,,http://www.sjeinc.com/
SJE RHOMBUS,,,160,machinery,,,https://www.sjerhombus.com/
SJE RHOMBUS,,,201-500,"Appliances, Electrical, and Electronics Manufacturing",,,https://www.sjerhombus.com/
SJE RHOMBUS,,,201-500,Automation Machinery Manufacturing,,,http://www.sjerhombus.com/
SJE RHOMBUS,,,201-500,Automation Machinery Manufacturing,,,https://www.sjerhombus.com/
SJE RHOMBUS,,,160,machinery,,,https://www.sjerhombus.com/
SJE RHOMBUS,https://www.linkedin.com/company/sje-rhombus/,,201-500,"Appliances, Electrical, and Electronics Manufacturing",,,https://www.sjerhombus.com/
SJE RHOMBUS,https://www.linkedin.com/company/sje-rhombus/,,201-500,Automation Machinery Manufacturing,,,http://www.sjerhombus.com/
SJE RHOMBUS,https://www.linkedin.com/company/sje-rhombus/,,201-500,Automation Machinery Manufacturing,,,https://www.sjerhombus.com/
SKANA ALUMINUM,,Wisconsin,73,machinery,,$42.8M,skanaaluminum.com
SKANA ALUMINUM,,Wisconsin,73,machinery,+1 (920) 482-0599,,skanaaluminum.com
SKIDMORE SALES,,,51-200,Food and Beverage Manufacturing,,43M,http://www.skidmoresales.com
SKIDMORE SALES,https://linkedin.com/company/skidmore-sales-&-distributing-co--inc-,,six,Food and Beverage Manufacturing,,,http://www.skidmoresales.com
SKIDMORE SALES,https://linkedin.com/company/skidmore-sales-&-distributing-co--inc-,Ohio,51-200,Food and Beverage Manufacturing,,43M,http://www.skidmoresales.com
SKLAR INSTRUMENTS,,Pennsylvania,72,medical devices,,50000000,sklarcorp.com
SKLAR INSTRUMENTS,,Pennsylvania,72,medical devices,+16104303200,,sklarcorp.com
SKLAR INSTRUMENTS,,Pennsylvania,72,medical devices,+1-610-457-4712,,sklarcorp.com
SKY CLIMBER,,,201-500,Industrial Machinery Manufacturing,,43.1M,http://www.skyclimber.com/
SKY CLIMBER,,,201-500,Industrial Machinery Manufacturing,,43.1M,http://www.skyclimber.com/home
SKY CLIMBER,https://www.linkedin.com/company/276337,Ohio,201-500,Industrial Machinery Manufacturing,,43.1M,http://www.skyclimber.com/
SKY CLIMBER,https://www.linkedin.com/company/276337,Ohio,201-500,Industrial Machinery Manufacturing,,43.1M,http://www.skyclimber.com/home
SLPT GLOBAL PUMP GROUP,,Michigan,170,Automotive,,70000000,slpt.com
SLPT GLOBAL PUMP GROUP,,Michigan,170,Automotive,,,slpt.com
SLUMBERLAND FURNITURE,,,"501-1,000",Furniture and Home Furnishings Manufacturing,,,http://www.slumberland.com/
SLUMBERLAND FURNITURE,,,"501-1,000",Furniture and Home Furnishings Manufacturing,,,https://www.slumberland.com/
SLUMBERLAND FURNITURE,,,"501-1,000 employees",Furniture and Home Furnishings Manufacturing,,,http://www.slumberland.com/
SLUMBERLAND FURNITURE,https://www.linkedin.com/company/slumberland-furniture/,,"501-1,000",Furniture and Home Furnishings Manufacturing,,,http://www.slumberland.com/
SLUMBERLAND FURNITURE,https://www.linkedin.com/company/slumberland-furniture/,,"501-1,000",Furniture and Home Furnishings Manufacturing,,,https://www.slumberland.com/
SMALL PARTS,,Indiana,68,machinery,,32000000,smallpartsinc.com
SMALL PARTS,,Indiana,68,machinery,,,smallpartsinc.com
SMC,,,"501-1,000",Medical Device,,120M,http://www.smcltd.com
SMC,https://linkedin.com/company/smc-ltd,Wisconsin,"501-1,000",Medical Device,,120M,http://www.smcltd.com
SMC LTD,,Wisconsin,1500,medical devices,,250000000,smcltd.com
SMC LTD,,Wisconsin,1500,medical devices,+17152473500,,smcltd.com
SMC LTD,,Wisconsin,1500,medical devices,+1-715-338-2433,,smcltd.com
SMC LTD,,Wisconsin,1500,medical devices,+1-715-549-5353,,smcltd.com
SME-AERO-POWER,,,3600,Aviation & Aerospace,,,http://lakeforestventuremgt.wordpress.com/
SME-AERO-POWER,https://www.linkedin.com/company/lake-forest-venture-management/,,3600,Aviation & Aerospace,,,http://lakeforestventuremgt.wordpress.com/
SMITH & WESSON,,,1100,Manufacturing,,479242000,http://www.smith-wesson.com
SMITH & WESSON,,Tennessee,1100,Manufacturing,,479242000,http://www.smith-wesson.com
SMITH LEONARD PLLC - ACCOUNTANTS & CONSULTANTS,,,97,Accounting,,,http://www.smith-leonard.com/
SMITH LEONARD PLLC - ACCOUNTANTS & CONSULTANTS,https://www.linkedin.com/company/smith-leonard-pllc/,,97,Accounting,,,http://www.smith-leonard.com/
SMITHERS OASIS,,,"501-1,000",Manufacturing,,34.3M,http://www.smithersoasis.com
SMITHERS OASIS,https://www.linkedin.com/company/78099,,three,Manufacturing,,,http://www.smithersoasis.com
SMITHERS OASIS,https://www.linkedin.com/company/78099,Ohio,"501-1,000",Manufacturing,,34.3M,http://www.smithersoasis.com
SMOOT ELECTRIC COMPANY,,,eight,,,,https://smoot-electric-company-llc.business.site/
SMOOT ELECTRIC COMPANY,,,eight,,,,https://smoot-electric-company-llc.business.site/
SMYTH AUTO PARTS,,,201-500,Motor Vehicle Manufacturing,,60M,http://www.smythautoparts.com
SMYTH AUTO PARTS,https://www.linkedin.com/company/533247,Ohio,201-500,Motor Vehicle Manufacturing,,60M,http://www.smythautoparts.com
SOLAR ATMOSPHERES,,,201-500,Manufacturing,,46M,https://www.solaratm.com
SOLAR ATMOSPHERES,https://www.linkedin.com/company/513917,Pennsylvania,201-500,Manufacturing,,46M,https://www.solaratm.com
"SOLOMON EOS, LLC",,,11-50,Business Consulting and Services,,,http://www.solomon-eos.com/
"SOLOMON EOS, LLC",https://www.linkedin.com/company/solomon-eos-llc/,,11-50,Business Consulting and Services,,,http://www.solomon-eos.com/
"SOLUTIONS BY PROXY, LLC",,,51-200,Hospitality,,,http://www.solutionsbyproxy.com/
"SOLUTIONS BY PROXY, LLC",https://www.linkedin.com/company/solutions-by-proxy-llc/,,51-200,Hospitality,,,http://www.solutionsbyproxy.com/
SOLUTIONS THROUGH INNOVATIVE,,,201-500,Defense and Space Manufacturing,,87.5M,http://www.sti-tec.com
SOLUTIONS THROUGH INNOVATIVE,https://www.linkedin.com/company/1374799,,five,Defense and Space Manufacturing,,,http://www.sti-tec.com
SOLUTIONS THROUGH INNOVATIVE,https://www.linkedin.com/company/1374799,Ohio,201-500,Defense and Space Manufacturing,,87.5M,http://www.sti-tec.com
SOLUTIONS4BUSINESS CONSULTING,,,11-50,Business Consulting and Services,,,http://www.solutions4business.consulting/
SOLUTIONS4BUSINESS CONSULTING,https://www.linkedin.com/company/solutions4business-inc-/,,11-50,Business Consulting and Services,,,http://www.solutions4business.consulting/
SOLVER,,,220,Information Technology & Services,,,https://www.solverglobal.com/
SOLVER,https://www.linkedin.com/company/solver/,,220,Information Technology & Services,,,https://www.solverglobal.com/
SOUL SHINE YOGA,,,seven,,,,https://www.thesoulshinelife.com/
SOUL SHINE YOGA,,,nine,,,,https://www.thesoulshinelife.com/
SOUNDOFF SIGNAL,,,201-500,"Appliances, Electrical, and Electronics Manufacturing",,32M,http://www.soundoffsignal.com/
SOUNDOFF SIGNAL,https://linkedin.com/company/soundoff-signal/,Michigan,201-500,"Appliances, Electrical, and Electronics Manufacturing",,32M,http://www.soundoffsignal.com/
SOUTH CAROLINA PORTS AUTHORITY,,,eight,,,,
SOUTH CAROLINA PORTS AUTHORITY,,,"501-1,000",Maritime Transportation,,,http://www.scspa.com/
SOUTH CAROLINA PORTS AUTHORITY,https://www.linkedin.com/company/scstateportsauthority/,,"501-1,000",Maritime Transportation,,,http://www.scspa.com/
SOUTH KITSAP SCHOOL DISTRICT,,,"1,001-5,000",Education Administration Programs,,,http://www.skschools.org/
SOUTH KITSAP SCHOOL DISTRICT,https://www.linkedin.com/company/south-kitsap-school-district/,,"1,001-5,000",Education Administration Programs,,,http://www.skschools.org/
SOUTHEASTERN EQUIPMENT COMPANY,,,201-500,Machinery Manufacturing,,31.2M,http://www.southeasternequip.com
SOUTHEASTERN EQUIPMENT COMPANY,https://linkedin.com/company/southeasternequip,Ohio,201-500,Machinery Manufacturing,,31.2M,http://www.southeasternequip.com
SOUTHERN MOTION,,,"1,001-5,000",Furniture and Home Furnishings Manufacturing,,,https://www.southernmotion.com/
SOUTHERN MOTION,https://www.linkedin.com/company/southern-motion-inc/,,"1,001-5,000",Furniture and Home Furnishings Manufacturing,,,https://www.southernmotion.com/
SOUTHERN STATES BANK,,,51-200,Banking,,,https://southernstatesbank.net/
SOUTHERN STATES BANK,https://www.linkedin.com/company/southern-states-bank/,,51-200,Banking,,,https://southernstatesbank.net/
SOUTHERN VIEW MEDIA,,,11-50,Advertising Services,,,https://southernviewmedia.com/
SOUTHERN VIEW MEDIA,https://www.linkedin.com/company/southern-view-media/,,11-50,Advertising Services,,,https://southernviewmedia.com/
SOUTHWEST GEORGIA OIL COMPANY,,,99,Retail,,295715000,http://www.swgaoil.com
SOUTHWEST GEORGIA OIL COMPANY,,Georgia,99,Retail,,295715000,http://www.swgaoil.com
SPACESAVER,,,201-500,Furniture and Home Furnishings Manufacturing,,100M,https://www.spacesaver.com
SPACESAVER,https://linkedin.com/company/spacesaver-corporation,Wisconsin,201-500,Furniture and Home Furnishings Manufacturing,,100M,https://www.spacesaver.com
SPALDING,,,"501-1,000",Retail,,500M,https://www.spalding.com
SPALDING,https://www.linkedin.com/company/spalding,Kentucky,"501-1,000",Retail,,500M,https://www.spalding.com
SPANCO,,,62,Industrial Machinery Manufacturing,,200000000,spanco.com
SPANCO,,Pennsylvania,62,Industrial Machinery Manufacturing,,200000000,spanco.com
SPANG,,,110,electrical/electronic manufacturing,,60000000,http://www.spang.com
SPANG,,Pennsylvania,110,electrical/electronic manufacturing,,60000000,http://www.spang.com
SPANG & COMPANY,,,201-500,"Appliances, Electrical, and Electronics Manufacturing",,60M,http://www.spang.com
SPANG & COMPANY,https://www.linkedin.com/company/529073,Pennsylvania,201-500,"Appliances, Electrical, and Electronics Manufacturing",,60M,http://www.spang.com
SPANGLER CANDY,,,"501-1,000",Food and Beverage Manufacturing,,75M,https://www.spanglercandy.com
SPANGLER CANDY,https://www.linkedin.com/company/3242759,,four,Food and Beverage Manufacturing,,,https://www.spanglercandy.com
SPANGLER CANDY,https://www.linkedin.com/company/3242759,Ohio,"501-1,000",Food and Beverage Manufacturing,,75M,https://www.spanglercandy.com
SPANX,,,410,Apparel & Fashion,,400000000,http://www.spanx.com
SPANX,,Georgia,410,Apparel & Fashion,,400000000,http://www.spanx.com
SPARK THERAPEUTICS,,,"501-1,000",Biotechnology,,93.5M,http://www.sparktx.com
SPARK THERAPEUTICS,https://www.linkedin.com/company/3502356,Pennsylvania,"501-1,000",Biotechnology,,93.5M,http://www.sparktx.com
SPARTAN CHEMICAL,,,201-500,Chemical Manufacturing,,210M,http://www.spartanchemical.com
SPARTAN CHEMICAL,https://linkedin.com/company/spartan-chemical-company,Ohio,201-500,Chemical Manufacturing,,210M,http://www.spartanchemical.com
SPARTECH CORPORATION,https://www.linkedin.com/company/27878,Missouri,seven,plastics,,250000000,spartech.com
SPARTECH CORPORATION,https://www.linkedin.com/company/27878,Missouri,1001,plastics,,250000000,spartech.com
SPECIALIZED MEDICAL SERVICES,,Florida,11000,Hospital & Health Care,,35500000,specializedmed.com
SPECIALIZED MEDICAL SERVICES,,Florida,11000,Hospital & Health Care,+1-317-490-5519,,specializedmed.com
SPECIALIZED MEDICAL SERVICES,,Florida,11000,Hospital & Health Care,+1-608-604-2015,,specializedmed.com
SPECIALIZED MEDICAL SERVICES,,Florida,11000,Hospital & Health Care,+17758820333,,specializedmed.com
SPECIALIZED MEDICAL SERVICES,,Florida,11000,Hospital & Health Care,+1-847-867-2797,,specializedmed.com
"SPECIALTY COATING SYSTEMS, INC.",,Indiana,210,medical devices,,143800000,scscoatings.com
"SPECIALTY COATING SYSTEMS, INC.",,Indiana,210,medical devices,+1-317-730-5674,,scscoatings.com
"SPECIALTY COATING SYSTEMS, INC.",,Indiana,210,medical devices,+14082246533,,scscoatings.com
SPECSYS INC.,,Minnesota,52,machinery,,$59.7M,specsys.org
SPECSYS INC.,,Minnesota,52,machinery,+13202693227,,specsys.org
SPECTRUM CONTROL,,,460,Defense and Space Manufacturing,,297866000,spectrumcontrol.com
SPECTRUM CONTROL,,Pennsylvania,460,Defense and Space Manufacturing,,297866000,spectrumcontrol.com
SPECTRUM INDUSTRIES INC.,,,150,Furniture,,49300000,spectrumfurniture.com
SPECTRUM INDUSTRIES INC.,,Wisconsin,150,Furniture,,49300000,spectrumfurniture.com
SPI LIGHTING,,,51-200,"Appliances, Electrical, and Electronics Manufacturing",,60M,http://www.spilighting.com
SPI LIGHTING,https://linkedin.com/company/spi-lighting,,ten,"Appliances, Electrical, and Electronics Manufacturing",,,http://www.spilighting.com
SPI LIGHTING,https://linkedin.com/company/spi-lighting,Wisconsin,51-200,"Appliances, Electrical, and Electronics Manufacturing",,60M,http://www.spilighting.com
SPINNAKER SCA,,,201-500,Business Consulting and Services,,,https://www.spinnakersca.com/
SPINNAKER SCA,https://www.linkedin.com/company/spinnaker-sca/,,201-500,Business Consulting and Services,,,https://www.spinnakersca.com/
SPIRE,,,"1,001-5,000",Utilities,,,https://www.spireenergy.com/
SPIRE,https://www.linkedin.com/company/spireenergy/,,"1,001-5,000",Utilities,,,https://www.spireenergy.com/
SPOC AUTOMATION,,,65,electrical/electronic manufacturing,,41800000,http://www.spocautomation.com
SPOC AUTOMATION,,Alabama,65,electrical/electronic manufacturing,,41800000,http://www.spocautomation.com
SPORTECH,,,184,plastics,,32300000,sportechinc.com
SPORTECH,,Minnesota,184,plastics,,32300000,sportechinc.com
SPRAY PRODUCTS CORPORATION,,,120,Chemical Manufacturing,,35000000,sprayproducts.com
SPRAY PRODUCTS CORPORATION,,Pennsylvania,120,Chemical Manufacturing,,35000000,sprayproducts.com
SPRINGS WINDOW FASHIONS,,Wisconsin,5500,Mechanical Or Industrial Engineering,,516900000,springswindowfashions.com
SPRINGS WINDOW FASHIONS,,Wisconsin,5500,Mechanical Or Industrial Engineering,+1-407-517-8392,,springswindowfashions.com
SPRINGS WINDOW FASHIONS,,Wisconsin,5500,Mechanical Or Industrial Engineering,"+1-540-537-0429,+1-951-845-8272",,springswindowfashions.com
SPRINGS WINDOW FASHIONS,,Wisconsin,5500,Mechanical Or Industrial Engineering,+1-608-215-5568,,springswindowfashions.com
SPRINGS WINDOW FASHIONS,,Wisconsin,5500,Mechanical Or Industrial Engineering,+1-608-513-9687,,springswindowfashions.com
SPRINGS WINDOW FASHIONS,,Wisconsin,5500,Mechanical Or Industrial Engineering,"+1-713-320-2417,+1-206-310-0391",,springswindowfashions.com
SPRINT MART,,,290,Retail,,25790000,http://www.sprintmart.com
SPRINT MART,,Mississippi,290,Retail,,25790000,http://www.sprintmart.com
SPS COMMERCE,,,"1,001-5,000",IT Services and IT Consulting,,,https://www.spscommerce.com/
SPS COMMERCE,https://www.linkedin.com/company/sps-commerce/,,"1,001-5,000",IT Services and IT Consulting,,,https://www.spscommerce.com/
SQUIRE BOONE VILLAGE,,,55,Wholesale,,49934000,http://www.squireboonevillage.com
SQUIRE BOONE VILLAGE,,Indiana,55,Wholesale,,49934000,http://www.squireboonevillage.com
SSM HEALTH,,,"10,001+",Hospitals and Health Care,,,https://www.ssmhealth.com/
SSM HEALTH,https://www.linkedin.com/company/ssm-health-care/,,"10,001+",Hospitals and Health Care,,,https://www.ssmhealth.com/
ST. MICHAEL CATHOLIC HIGH SCHOOL,,,eight,,,,https://stmichaelchs.org/
ST. MICHAEL CATHOLIC HIGH SCHOOL,,,one,,,,https://stmichaelchs.org/
STAHLS,,,"1,001-5,000",Manufacturing,,50M,http://www.stahls.com/home
STAHLS,https://www.linkedin.com/company/122314,Michigan,"1,001-5,000",Manufacturing,,50M,http://www.stahls.com/home
STAKES MANUFACTURING,,,201-500,Printing Services,,40.1M,http://www.stakesmfg.com
STAKES MANUFACTURING,https://www.linkedin.com/company/20138241,Ohio,201-500,Printing Services,,40.1M,http://www.stakesmfg.com
STANDARD ELECTRIC CO,,Michigan,64,electrical/electronic manufacturing,,$85M,standardelectricco.com
STANDARD ELECTRIC CO,,Michigan,64,electrical/electronic manufacturing,+19894972110,,standardelectricco.com
STANDARD FURNITURE MANUFACTURING,,,130,Furniture,,,https://www.standardfurniture.com/
STANDARD FURNITURE MANUFACTURING,,,"501-1,000",Furniture and Home Furnishings Manufacturing,,,http://www.standardfurniture.com/
STANDARD FURNITURE MANUFACTURING,,,"501-1,000",Furniture and Home Furnishings Manufacturing,,,https://www.standardfurniture.com/
STANDARD FURNITURE MANUFACTURING,,,"501-1,000 employees",Furniture and Home Furnishings Manufacturing,,,http://www.standardfurniture.com/
STANDARD FURNITURE MANUFACTURING,http://www.linkedin.com/company/standard-furniture-manufacturing,,130,Furniture,,,https://www.standardfurniture.com/
STANDARD FURNITURE MANUFACTURING,https://www.linkedin.com/company/standard-furniture-manufacturing/,,"501-1,000",Furniture and Home Furnishings Manufacturing,,,http://www.standardfurniture.com/
STANDARD FURNITURE MANUFACTURING,https://www.linkedin.com/company/standard-furniture-manufacturing/,,"501-1,000",Furniture and Home Furnishings Manufacturing,,,https://www.standardfurniture.com/
STANDARD IMAGING,,,51-200,Medical Device,,30M,http://www.standardimaging.com
STANDARD IMAGING,https://linkedin.com/company/standard-imaging-inc-,Wisconsin,51-200,Medical Device,,30M,http://www.standardimaging.com
"STANDARD IMAGING, INC.",,Wisconsin,64,medical devices,,30000000,standardimaging.com
"STANDARD IMAGING, INC.",,Wisconsin,64,medical devices,+1-608-772-9723,,standardimaging.com
"STANDARD IMAGING, INC.",,Wisconsin,64,medical devices,+1-608-843-6373,,standardimaging.com
STANDARD STEEL,,,"501-1,000",Railroad Equipment Manufacturing,,300M,http://www.standardsteel.com
STANDARD STEEL,https://www.linkedin.com/company/2919391,,six,Railroad Equipment Manufacturing,,,http://www.standardsteel.com
STANDARD STEEL,https://www.linkedin.com/company/2919391,Pennsylvania,"501-1,000",Railroad Equipment Manufacturing,,300M,http://www.standardsteel.com
STANDEX ELECTRONICS,,,"501-1,000","Appliances, Electrical, and Electronics Manufacturing",,433M,http://www.standexelectronics.com
STANDEX ELECTRONICS,https://linkedin.com/company/standex-electronics,Ohio,"501-1,000","Appliances, Electrical, and Electronics Manufacturing",,433M,http://www.standexelectronics.com
STANDEX ELECTRONICS,https://www.linkedin.com/company/384375,Ohio,52,Electrical & Electronic Manufacturing,,20000000,standexelectronics.com
STARBOARD CRUISE SERVICES,,,1600,Retail,,75000000,http://www.starboardcruise.com
STARBOARD CRUISE SERVICES,,Florida,1600,Retail,,75000000,http://www.starboardcruise.com
STARTECH.COM,,,five,,,,
STARTECH.COM,,,201-500,Computer Hardware Manufacturing,,,https://www.startech.com/
STARTECH.COM,https://www.linkedin.com/company/startech-com/,,201-500,Computer Hardware Manufacturing,,,https://www.startech.com/
STATE FARM,,,101000,Insurance,,,https://www.statefarm.com/
STATE FARM,https://www.linkedin.com/company/state-farm-agent/,,101000,Insurance,,,https://www.statefarm.com/
STATE INDUSTRIAL PRODUCTS,,,"501-1,000",Chemical Manufacturing,,187M,http://www.stateindustrial.com
STATE INDUSTRIAL PRODUCTS,https://linkedin.com/company/stateindustrialproducts,Ohio,"501-1,000",Chemical Manufacturing,,187M,http://www.stateindustrial.com
STATE OF ALABAMA,,,30000,Government Administration,,,https://paroles.alabama.gov/
STATE OF ALABAMA,http://www.linkedin.com/company/state-of-alabama,,30000,Government Administration,,,https://paroles.alabama.gov/
STAUFFER GLOVE & SAFETY,,,201-500,Manufacturing,,70.9M,https://www.stauffersafety.com
STAUFFER GLOVE & SAFETY,https://www.linkedin.com/company/2700290,Pennsylvania,201-500,Manufacturing,,70.9M,https://www.stauffersafety.com
STEEL CRAFT TECHNOLOGIES,,Michigan,63,mining & metals,,$30M,steelcrafttech.com
STEEL CRAFT TECHNOLOGIES,,Michigan,63,mining & metals,+1-616-520-7186,,steelcrafttech.com
STEEL CRAFT TECHNOLOGIES,,Michigan,63,mining & metals,+16168664400,,steelcrafttech.com
STEELE SOLUTIONS,,,"501-1,000",Manufacturing,,108.6M,https://steelesolutions.com
STEELE SOLUTIONS,https://linkedin.com/company/steele-solutions-inc,,two,Manufacturing,,,https://steelesolutions.com
STEELE SOLUTIONS,https://linkedin.com/company/steele-solutions-inc,Tennessee,"501-1,000",Manufacturing,,108.6M,https://steelesolutions.com
STEIMLE CONSULTING,,,ten,,,,https://www.steimleconsulting.de/
STEIMLE CONSULTING,,,two,,,,https://www.steimleconsulting.de/
STEIMLE CONSULTING,,,one,,,,https://www.steimleconsulting.de/
STEINWALL,,Minnesota,61,plastics,,$41.8M,steinwall.com
STEINWALL,,Minnesota,61,plastics,"+1-320-808-3704,+1-320-766-1495",,steinwall.com
STEINWALL,,Minnesota,61,plastics,+17632344377,,steinwall.com
STEINWALL,,Minnesota,61,plastics,+17637677060,,steinwall.com
STEWARD HEALTH CARE,,,40000,Hospital & Health Care,,,https://www.steward.org/
STEWARD HEALTH CARE,https://www.linkedin.com/company/steward-health-care/,,40000,Hospital & Health Care,,,https://www.steward.org/
STILES ASSOCIATES,,,34,Staffing & Recruiting,,,https://www.leanexecs.com/
STILES ASSOCIATES,https://www.linkedin.com/company/stiles-associates/,,34,Staffing & Recruiting,,,https://www.leanexecs.com/
STILES MACHINERY,,,201-500,Machinery Manufacturing,,122.2M,https://www.stilesmachinery.com
STILES MACHINERY,https://www.linkedin.com/company/41381,,seven,Machinery Manufacturing,,,https://www.stilesmachinery.com
STILES MACHINERY,https://www.linkedin.com/company/41381,Michigan,201-500,Machinery Manufacturing,,122.2M,https://www.stilesmachinery.com
STONE PANELS INTERNATIONAL,,,51-200,Building Materials,,,https://www.stonepanels.com/
STONE PANELS INTERNATIONAL,https://www.linkedin.com/company/stone-panels/,,51-200,Building Materials,,,https://www.stonepanels.com/
STONERIDGE,,,"5,001-10,000",Transportation/Trucking/Railroad,,,https://www.stoneridge.com/
STONERIDGE,https://www.linkedin.com/company/stoneridge/,,"5,001-10,000",Transportation/Trucking/Railroad,,,https://www.stoneridge.com/
STORM POWER COMPONENTS,,,150,electrical/electronic manufacturing,,35000000,http://www.stormpowercomponents.com
STORM POWER COMPONENTS,,Tennessee,150,electrical/electronic manufacturing,,35000000,http://www.stormpowercomponents.com
STOUGHTON TRAILERS,,,"1,001-5,000",Transportation/Trucking/Railroad,,375M,http://www.stoughtontrailers.com
STOUGHTON TRAILERS,https://linkedin.com/company/stoughtontrailers,Wisconsin,"1,001-5,000",Transportation/Trucking/Railroad,,375M,http://www.stoughtontrailers.com
STRAHMAN,,,51-200,Automation Machinery Manufacturing,,44469000,http://www.strahmangroup.com
STRAHMAN,https://www.linkedin.com/company/1371569,Pennsylvania,51-200,Automation Machinery Manufacturing,,44469000,http://www.strahmangroup.com
STRATA SKIN SCIENCES,,,51-200,Medical Equipment Manufacturing,,34.6M,http://www.strataskinsciences.com
STRATA SKIN SCIENCES,https://www.linkedin.com/company/10618870,Pennsylvania,51-200,Medical Equipment Manufacturing,,34.6M,http://www.strataskinsciences.com
"STRATEGIC EDUCATION, INC",,,"5,001-10,000",Higher Education,,,https://www.strategiceducation.com/
"STRATEGIC EDUCATION, INC",https://www.linkedin.com/company/strategiceducation/,,"5,001-10,000",Higher Education,,,https://www.strategiceducation.com/
STRATHMORE FLOORS,,,58,Retail,,32891000,http://www.strathmorefloors.com
STRATHMORE FLOORS,,Georgia,58,Retail,,32891000,http://www.strathmorefloors.com
STRATTEC,,,"501-1,000",Automotive,,472.3M,http://www.strattec.com
STRATTEC,https://linkedin.com/company/strattec-security-corporation,Wisconsin,"501-1,000",Automotive,,472.3M,http://www.strattec.com
STRATTEC SECURITY CORPORATION,,Wisconsin,640,Automotive,,492946000,strattec.com
STRATTEC SECURITY CORPORATION,,Wisconsin,640,Automotive,+14142473333,,strattec.com
STREAMLIGHT,,,180,electrical/electronic manufacturing,,80000000,http://www.streamlight.com
STREAMLIGHT,,,201-500,"Appliances, Electrical, and Electronics Manufacturing",,80M,http://www.streamlight.com
STREAMLIGHT,https://www.linkedin.com/company/149061,Pennsylvania,201-500,"Appliances, Electrical, and Electronics Manufacturing",,80M,http://www.streamlight.com
STRICKLAND,,,51-200,Wholesale Paper Products,,,https://www.stricklybiz.com/
STRICKLAND,https://www.linkedin.com/company/strickland-companies-1928/,,51-200,Wholesale Paper Products,,,https://www.stricklybiz.com/
SUBURBAN ENTERPRISES,,Wisconsin,94,Construction,,29500000,suburbanenterprises.com
SUBURBAN ENTERPRISES,,Wisconsin,94,Construction,+19207395156,,suburbanenterprises.com
SUBURBAN ENTERPRISES,,Wisconsin,94,Construction,+1-920-841-7028,,suburbanenterprises.com
SUB-ZERO,,,"1,001-5,000",Manufacturing,,170M,http://www.subzero-wolf.com
SUB-ZERO,https://linkedin.com/company/sub-zero-group-inc-,Wisconsin,"1,001-5,000",Manufacturing,,170M,http://www.subzero-wolf.com
SULLAIR,,Indiana,500,machinery,,390000000,sullair.com
SULLAIR,,Indiana,500,machinery,,,sullair.com
SUMMIT,,,810,Retail,,140000000,http://www.summitracing.com
SUMMIT,,Ohio,810,Retail,,140000000,http://www.summitracing.com
SUMMIT POLYMERS,,Michigan,3000,Automotive,,300000000,summitpolymers.com
SUMMIT POLYMERS,,Michigan,3000,Automotive,+12693249330,,summitpolymers.com
SUN ORCHARD,,,201-500,Food and Beverage Services,,32M,https://sunorchard.com/
SUN ORCHARD,https://linkedin.com/company/sun-orchard-inc./,Florida,201-500,Food and Beverage Services,,32M,https://sunorchard.com/
SUN PRINT,,,73,Retail,,49316000,http://www.sunprint.com
SUN PRINT,,Florida,73,Retail,,49316000,http://www.sunprint.com
SUN TAN CITY,,,300,Retail,,28493000,http://www.suntancity.com
SUN TAN CITY,,Kentucky,300,Retail,,28493000,http://www.suntancity.com
SUNBELT FIRE,,,11-50,Public Safety,,,http://www.sunbeltfire.com/
SUNBELT FIRE,https://www.linkedin.com/company/sunbelt-fire/,,11-50,Public Safety,,,http://www.sunbeltfire.com/
SUPER RADIATOR COILS,,,220,Industrial Machinery Manufacturing,,83500000,superradiatorcoils.com
SUPER RADIATOR COILS,,Minnesota,220,Industrial Machinery Manufacturing,,83500000,superradiatorcoils.com
SUPER STEEL,,,201-500,Industrial Machinery Manufacturing,,67.6M,http://www.supersteel.com
SUPER STEEL,https://linkedin.com/company/supersteelmke,Wisconsin,201-500,Industrial Machinery Manufacturing,,67.6M,http://www.supersteel.com
SUPERIOR FOODS CO.,,,201-500,Food and Beverage Manufacturing,,40000000,https://superiorfoods.co/
SUPERIOR FOODS CO.,,,201-500,Food and Beverage Manufacturing,,40M,https://superiorfoods.co/
SUPERIOR FOODS CO.,https://linkedin.com/company/superior-foods-co/,Michigan,201-500,Food and Beverage Manufacturing,,40M,https://superiorfoods.co/
SUPERIOR FOODS CO.,https://www.linkedin.com/company/35448637,Michigan,201-500,Food and Beverage Manufacturing,,40000000,https://superiorfoods.co/
SUPERIOR INDUSTRIAL SOLUTIONS,,Indiana,180,chemicals,,43408000,relyonsuperior.com
SUPERIOR INDUSTRIAL SOLUTIONS,,Indiana,180,chemicals,,,relyonsuperior.com
SUPERIOR LOGISTICS OHIO,https://www.linkedin.com/company/superior-logistics-ohio,,one,Transportation/Trucking/Railroad,,,superiorlogisticsoh.com
SUPERIOR LOGISTICS OHIO,https://www.linkedin.com/company/superior-logistics-ohio,California,51,Transportation/Trucking/Railroad,,50000000,superiorlogisticsoh.com
SUPERIOR TIRE & RUBBER,,,201-500,Consumer Goods,,43.3M,http://www.superiortire.com
SUPERIOR TIRE & RUBBER,https://www.linkedin.com/company/1141628,Pennsylvania,201-500,Consumer Goods,,43.3M,http://www.superiortire.com
SURFACE MOUNT TECHNOLOGY,,,201-500,"Appliances, Electrical, and Electronics Manufacturing",,41.7M,http://www.teamsmt.com
SURFACE MOUNT TECHNOLOGY,,,79,electrical/electronic manufacturing,,41719000,http://www.teamsmt.com
SURFACE MOUNT TECHNOLOGY,,Wisconsin,79,electrical/electronic manufacturing,,41719000,http://www.teamsmt.com
SURFACE MOUNT TECHNOLOGY,https://linkedin.com/company/surface-mount-technology-corporation,,six,"Appliances, Electrical, and Electronics Manufacturing",,,http://www.teamsmt.com
SURFACE MOUNT TECHNOLOGY,https://linkedin.com/company/surface-mount-technology-corporation,Wisconsin,201-500,"Appliances, Electrical, and Electronics Manufacturing",,41.7M,http://www.teamsmt.com
SURGALIGN,,,201-500,Medical Equipment Manufacturing,,87.8M,https://www.surgalign.com/
SURGALIGN,https://linkedin.com/company/surgalign/,Illinois,201-500,Medical Equipment Manufacturing,,87.8M,https://www.surgalign.com/
SURGENT ACCOUNTING & FINANCIAL EDUCATION,,,51-200,Education,,,https://www.surgent.com/
SURGENT ACCOUNTING & FINANCIAL EDUCATION,,,51-200,Education,,,https://www.surgentcpe.com/
SURGENT ACCOUNTING & FINANCIAL EDUCATION,https://www.linkedin.com/company/surgent-accounting-and-financial-education/,,51-200,Education,,,https://www.surgent.com/
SURGENT ACCOUNTING & FINANCIAL EDUCATION,https://www.linkedin.com/company/surgent-accounting-and-financial-education/,,51-200,Education,,,https://www.surgentcpe.com/
SUR-SEAL,,,201-500,Industrial Machinery Manufacturing,,36.7M,http://www.sur-seal.com
SUR-SEAL,https://linkedin.com/company/sur-seal-corporation,Ohio,201-500,Industrial Machinery Manufacturing,,36.7M,http://www.sur-seal.com
SUSSEK MACHINE COMPANY,,Wisconsin,83,machinery,,$35.2M,sussek.com
SUSSEK MACHINE COMPANY,,Wisconsin,83,machinery,+1 (920) 478-2126,,sussek.com
SUTTON TRANSPORT,,,150,Transportation/Trucking/Railroad,,31008000,http://www.suttontrans.com
SUTTON TRANSPORT,,Wisconsin,150,Transportation/Trucking/Railroad,,31008000,http://www.suttontrans.com
SUVETO,,,89,Veterinary,,,http://suveto.com/
SUVETO,https://www.linkedin.com/company/suveto/,,89,Veterinary,,,http://suveto.com/
SWF INDUSTRIAL,,Pennsylvania,97,Construction,,33900000,swfindustrial.com
SWF INDUSTRIAL,,Pennsylvania,97,Construction,+17172523948,,swfindustrial.com
SWITCHBACK MEDICAL,,Minnesota,88,medical devices,,25100000,switchbackmedical.com
SWITCHBACK MEDICAL,,Minnesota,88,medical devices,+1-414-807-6938,,switchbackmedical.com
SWITCHBACK MEDICAL,,Minnesota,88,medical devices,+1-651-491-4740,,switchbackmedical.com
SWITCHBACK MEDICAL,,Minnesota,88,medical devices,+17634630843,,switchbackmedical.com
SWITCHBACK MEDICAL,,Minnesota,88,medical devices,"+1-952-994-6249,+1-763-443-1112",,switchbackmedical.com
SWITCHCRAFT CONXALL,,,"501-1,000","Appliances, Electrical, and Electronics Manufacturing",,345M,http://www.switchcraft.com/
SWITCHCRAFT CONXALL,https://linkedin.com/company/switchcraft-inc./,Illinois,"501-1,000","Appliances, Electrical, and Electronics Manufacturing",,345M,http://www.switchcraft.com/
SWITCHGEAR POWER SYSTEMS,,,51-200,Industrial Machinery Manufacturing,,35M,http://www.switchgearpower.com
SWITCHGEAR POWER SYSTEMS,https://linkedin.com/company/switchgear-power-systems,Wisconsin,51-200,Industrial Machinery Manufacturing,,35M,http://www.switchgearpower.com
SYBRIDGE,,,"501-1,000",Manufacturing,,250000000,http://www.sybridgetech.com
SYBRIDGE,https://www.linkedin.com/company/71370740,Michigan,"501-1,000",Manufacturing,,250000000,http://www.sybridgetech.com
SYPRIS ELECTRONICS,,,250,electrical/electronic manufacturing,,36900000,http://www.sypriselectronics.com
SYPRIS ELECTRONICS,,Florida,250,electrical/electronic manufacturing,,36900000,http://www.sypriselectronics.com
SYSTEM SCALE CORPORATION,,Indiana,90,Industrial Automation,,$31M,system-scale.com
SYSTEM SCALE CORPORATION,,Indiana,90,Industrial Automation,+13178769335,,system-scale.com
SYSTEMS CONTROL,,,240,electrical/electronic manufacturing,,147500000,http://www.systemscontrol.com
SYSTEMS CONTROL,,,"501-1,000","Appliances, Electrical, and Electronics Manufacturing",,147.5M,http://www.systemscontrol.com/
SYSTEMS CONTROL,,Michigan,240,electrical/electronic manufacturing,,147500000,http://www.systemscontrol.com
SYSTEMS CONTROL,https://linkedin.com/company/systems-control/,Michigan,"501-1,000","Appliances, Electrical, and Electronics Manufacturing",,147.5M,http://www.systemscontrol.com/
TA SYSTEMS TOTALLY AUTOMATED SYSTEMS,,Michigan,68,Industrial Automation,,48887000,ta-systems.com
TA SYSTEMS TOTALLY AUTOMATED SYSTEMS,,Michigan,68,Industrial Automation,+12486565150,,ta-systems.com
TA SYSTEMS TOTALLY AUTOMATED SYSTEMS,,Michigan,68,Industrial Automation,+12489748262,,ta-systems.com
TACO METALS,,,201-500,Industrial Machinery Manufacturing,,35M,http://TACOMetals.com
TACO METALS,https://linkedin.com/company/taco-metals,Florida,201-500,Industrial Machinery Manufacturing,,35M,http://TACOMetals.com
TAILORED LABEL PRODUCTS,,,51-200,Printing Services,,35M,http://www.tailoredlabel.com
TAILORED LABEL PRODUCTS,https://linkedin.com/company/tailored-label-products,Wisconsin,51-200,Printing Services,,35M,http://www.tailoredlabel.com
TALK MORE WIRELESS,,,82,Retail,,30432000,http://www.talkmorewireless.com
TALK MORE WIRELESS,,Florida,82,Retail,,30432000,http://www.talkmorewireless.com
TANIS BRUSH,,Wisconsin,69,Machinery Manufacturing,,$25.0M,tanisbrush.com
TANIS BRUSH,,Wisconsin,69,Machinery Manufacturing,+1 (262) 646-9000,,tanisbrush.com
TAPESTRY SOLUTIONS,,,"501-1,000","Transportation, Logistics, Supply Chain and Storage",,,http://www.tapestrysolutions.com/
TAPESTRY SOLUTIONS,https://www.linkedin.com/company/tapestry-solutions/,,"501-1,000","Transportation, Logistics, Supply Chain and Storage",,,http://www.tapestrysolutions.com/
TARTER FARM AND RANCH EQUIPMENT,,,"1,001-5,000",Manufacturing,,224.9M,http://www.tarterusa.com
TARTER FARM AND RANCH EQUIPMENT,https://www.linkedin.com/company/tarter-gate,,ten,Manufacturing,,,http://www.tarterusa.com
TARTER FARM AND RANCH EQUIPMENT,https://www.linkedin.com/company/tarter-gate,Kentucky,"1,001-5,000",Manufacturing,,224.9M,http://www.tarterusa.com
TASUS CORPORATION,,Indiana,270,Automotive,,121800000,tasus.com
TASUS CORPORATION,,Indiana,270,Automotive,,,tasus.com
TAYLOR,,,201-500,Machinery Manufacturing,,315M,https://www.taylor-company.com
TAYLOR,https://linkedin.com/company/taylor-company,Illinois,201-500,Machinery Manufacturing,,315M,https://www.taylor-company.com
TAYLOR LOGISTICS INC.,https://www.linkedin.com/company/taylor-logistics,,one,Logistics and Supply Chain,,,taylorlogistics.com
TAYLOR LOGISTICS INC.,https://www.linkedin.com/company/taylor-logistics,,51,Logistics and Supply Chain,,10000000,taylorlogistics.com
TBP CONVERTING,,Pennsylvania,72,Construction,,28700000,tbpconverting.com
TBP CONVERTING,,Pennsylvania,72,Construction,+16104826000,,tbpconverting.com
TCI,,Wisconsin,79,electrical/electronic manufacturing,,$25M,transcoil.com
TCI,,Wisconsin,79,electrical/electronic manufacturing,+14143574540,,transcoil.com
TCI,,Wisconsin,79,electrical/electronic manufacturing,+1-414-588-7076,,transcoil.com
TCI,,Wisconsin,79,electrical/electronic manufacturing,+1-414-704-3853,,transcoil.com
TCI,,Wisconsin,79,electrical/electronic manufacturing,+17162428634,,transcoil.com
TCLAD INC.,,Wisconsin,59,electrical/electronic manufacturing,,$54M,tclad.com
TCLAD INC.,,Wisconsin,59,electrical/electronic manufacturing,+16128059387,,tclad.com
TCLAD INC.,,Wisconsin,59,electrical/electronic manufacturing,+17152625898,,tclad.com
TEAM INDUSTRIES,,Minnesota,5000,machinery,,412000000,team-ind.com
TEAM INDUSTRIES,,Minnesota,5000,machinery,+ (218) 694-3550,,team-ind.com
TEAMWORK COMMERCE,,,210,Retail,,30999000,http://www.teamworkcommerce.com
TEAMWORK COMMERCE,,Florida,210,Retail,,30999000,http://www.teamworkcommerce.com
TECHMETALS,,,201-500,Chemical Manufacturing,,42.3M,https://www.techmetals.com
TECHMETALS,https://www.linkedin.com/company/24602013,Ohio,201-500,Chemical Manufacturing,,42.3M,https://www.techmetals.com
TECHNICOTE,,,51-200,Packaging and Containers Manufacturing,,100M,http://www.technicote.com
TECHNICOTE,https://linkedin.com/company/technicote,Ohio,51-200,Packaging and Containers Manufacturing,,100M,http://www.technicote.com
TECHNIPLAS,,Wisconsin,630,Automotive,,323000000,techniplas.com
TECHNIPLAS,,Wisconsin,630,Automotive,+18662088201,,techniplas.com
TEEL PLASTICS,,,201-500,Plastics Manufacturing,,40M,http://www.teel.com
TEEL PLASTICS,https://linkedin.com/company/teelplastics,Wisconsin,201-500,Plastics Manufacturing,,40M,http://www.teel.com
TEKRA,,Wisconsin,160,plastics,,$54.2M,tekra.com
TEKRA,,Wisconsin,160,plastics,+18889885546,,tekra.com
"TELESIS TECHNOLOGIES, INC.",,,51-200,Automation Machinery Manufacturing,,55.0M,http://www.telesis.com
"TELESIS TECHNOLOGIES, INC.",https://linkedin.com/company/telesistech,,ten,Automation Machinery Manufacturing,,,http://www.telesis.com
"TELESIS TECHNOLOGIES, INC.",https://linkedin.com/company/telesistech,Ohio,51-200,Automation Machinery Manufacturing,,55.0M,http://www.telesis.com
"TELLING THE TRUTH, INC.",,,6,Nonprofit Organization Management,,,https://www.tellingthetruth.org/
"TELLING THE TRUTH, INC.",https://www.linkedin.com/company/telling-the-truth-inc-/,,6,Nonprofit Organization Management,,,https://www.tellingthetruth.org/
TELOS ALLIANCE,,,110,electrical/electronic manufacturing,,27499000,http://www.TelosAlliance.com
TELOS ALLIANCE,,,51-200,"Appliances, Electrical, and Electronics Manufacturing",,42.1M,http://www.TelosAlliance.com
TELOS ALLIANCE,,Ohio,110,electrical/electronic manufacturing,,27499000,http://www.TelosAlliance.com
TELOS ALLIANCE,https://www.linkedin.com/company/1329547,Ohio,51-200,"Appliances, Electrical, and Electronics Manufacturing",,42.1M,http://www.TelosAlliance.com
TELOS ALLIANCE,https://www.linkedin.com/company/telosalliance,Ohio,71,Electrical & Electronic Manufacturing,,50000000,telosalliance.com
TEMPWORKS SOFTWARE,,,one,,,,
TEMPWORKS SOFTWARE,,,51-200,Staffing and Recruiting,,,https://www.tempworks.com/
TEMPWORKS SOFTWARE,https://www.linkedin.com/company/tempworks-software/,,51-200,Staffing and Recruiting,,,https://www.tempworks.com/
TENERE,,,"501-1,000",Manufacturing,,66M,http://www.tenere.com
TENERE,https://linkedin.com/company/tenere-inc-,Wisconsin,"501-1,000",Manufacturing,,66M,http://www.tenere.com
"TERRA DRIVE SYSTEMS, INC.",,Indiana,51,Machinery Manufacturing,,$35.0M,tdsdrive.com
"TERRA DRIVE SYSTEMS, INC.",,Indiana,51,Machinery Manufacturing,+1 (219) 279-2801,,tdsdrive.com
TERVIS,,,280,Retail,,110000000,http://www.tervis.com
TERVIS,,Florida,280,Retail,,110000000,http://www.tervis.com
TEST EQUIPMENT DISTRIBUTORS,,,51-200,Aviation and Aerospace Component Manufacturing,,44M,http://www.tedndt.com
TEST EQUIPMENT DISTRIBUTORS,https://linkedin.com/company/test-equipment-distributors-llc,Michigan,51-200,Aviation and Aerospace Component Manufacturing,,44M,http://www.tedndt.com
TESTEK SOLUTIONS,,,200,Aviation and Aerospace Component Manufacturing,,55000000,testek.com
TESTEK SOLUTIONS,,,51-200,Aviation and Aerospace Component Manufacturing,,38.4M,https://www.testek.com
TESTEK SOLUTIONS,,Michigan,200,Aviation and Aerospace Component Manufacturing,,55000000,testek.com
TESTEK SOLUTIONS,https://linkedin.com/company/testek-solutions,Michigan,51-200,Aviation and Aerospace Component Manufacturing,,38.4M,https://www.testek.com
TETRA PAK,,,"10,001+",Packaging & Containers,,,https://www.tetrapak.com/
TETRA PAK,https://www.linkedin.com/company/tetra-pak/,,"10,001+",Packaging & Containers,,,https://www.tetrapak.com/
TEXAS CHRISTIAN UNIVERSITY,,,4200,Higher Education,,,https://www.neeley.tcu.edu/
TEXAS CHRISTIAN UNIVERSITY,https://www.linkedin.com/school/texas-christian-university-neeley-school-of-business/,,4200,Higher Education,,,https://www.neeley.tcu.edu/
THE ARC OF CENTRAL ALABAMA,,,"501-1,000",Individual and Family Services,,,https://www.arcofcentralalabama.org/
THE ARC OF CENTRAL ALABAMA,https://www.linkedin.com/company/the-arc-of-central-alabama/,,"501-1,000",Individual and Family Services,,,https://www.arcofcentralalabama.org/
THE ARMOR GROUP,,,201-500,Industrial Machinery Manufacturing,,65M,http://www.thearmorgroup.com
THE ARMOR GROUP,https://www.linkedin.com/company/297480,Ohio,201-500,Industrial Machinery Manufacturing,,65M,http://www.thearmorgroup.com
THE ARMOR GROUP,https://www.linkedin.com/company/armor-metal-group,Ohio,165,machinery,,50000000,thearmorgroup.com
THE AVENUE BEAUTY BAR,,,seven,,,,
THE AVENUE BEAUTY BAR,,,six,,,,
THE BETTER HEALTH MARKETS AND CAFES,,,58,Retail,,26700000,http://www.thebetterhealthstore.com
THE BETTER HEALTH MARKETS AND CAFES,,Michigan,58,Retail,,26700000,http://www.thebetterhealthstore.com
THE BREWER COMPANY,,Wisconsin,110,medical devices,,33000000,brewercompany.com
THE BREWER COMPANY,,Wisconsin,110,medical devices,+1-262-402-7794,,brewercompany.com
THE BREWER COMPANY,,Wisconsin,110,medical devices,+1-262-844-9979,,brewercompany.com
THE BREWER COMPANY,,Wisconsin,110,medical devices,"+1-262-945-3278,+1-262-612-6200",,brewercompany.com
THE CHATEL CONSULTING GROUP,,,0-1,Non-profit Organizations,,,
THE CHATEL CONSULTING GROUP,https://www.linkedin.com/company/the-chatel-consulting-group/,,0-1,Non-profit Organizations,,,
THE CHEMOURS COMPANY,,,"5,001-10,000",Chemical Manufacturing,,,https://www.chemours.com/
THE CHEMOURS COMPANY,https://www.linkedin.com/company/chemours/,,"5,001-10,000",Chemical Manufacturing,,,https://www.chemours.com/
THE CONAIR,,,201-500,Plastics Manufacturing,,64M,https://www.conairgroup.com
THE CONAIR,https://www.linkedin.com/company/338273,Pennsylvania,201-500,Plastics Manufacturing,,64M,https://www.conairgroup.com
THE CONCRETE COMPANY,,,three,,,,http://theconcreteco.com/
THE CONCRETE COMPANY,,,seven,,,,http://theconcreteco.com/
"THE DAIMLER GROUP, INC.",,,one,,,,
"THE DAIMLER GROUP, INC.",,,11-50,Real Estate,,,http://www.daimlergroup.com/
"THE DAIMLER GROUP, INC.",https://www.linkedin.com/company/the-daimler-group-inc-/,,11-50,Real Estate,,,http://www.daimlergroup.com/
THE DUMPSTER GUY,,,nine,,,,http://www.thedumpsterguyusa.com/
THE DUMPSTER GUY,,,2-10,Environmental Services,,,https://thedumpsterguyusa.com/
THE DUMPSTER GUY,https://www.linkedin.com/company/dumpster-guy/,,2-10,Environmental Services,,,https://thedumpsterguyusa.com/
THE EASTWOOD COMPANY,,,120,Retail,,45526000,http://www.eastwood.com
THE EASTWOOD COMPANY,,Pennsylvania,120,Retail,,45526000,http://www.eastwood.com
THE EVANS NETWORK OF COMPANIES,,,400,Transportation/Trucking/Railroad,,300000000,http://www.theevansnetwork.com
THE EVANS NETWORK OF COMPANIES,,Pennsylvania,400,Transportation/Trucking/Railroad,,300000000,http://www.theevansnetwork.com
THE FIRST BANK,,,400,Banking,,,http://www.thefirstbank.com/
THE FIRST BANK,,,"501-1,000",Banking,,,https://www.thefirstbank.com/
THE FIRST BANK,https://www.linkedin.com/company/the-first-bank/,,400,Banking,,,http://www.thefirstbank.com/
THE FIRST BANK,https://www.linkedin.com/company/the-first-bank/,,"501-1,000",Banking,,,https://www.thefirstbank.com/
THE FREMONT,,,201-500,Food and Beverage Manufacturing,,58.3M,http://www.fremontcompany.com
THE FREMONT,https://www.linkedin.com/company/24798543,Ohio,201-500,Food and Beverage Manufacturing,,58.3M,http://www.fremontcompany.com
THE GENIE,,,"501-1,000",Computers and Electronics Manufacturing,,100M,https://www.geniecompany.com/
THE GENIE,https://www.linkedin.com/company/3815010,Ohio,"501-1,000",Computers and Electronics Manufacturing,,100M,https://www.geniecompany.com/
THE GENIE COMPANY,,,160,electrical/electronic manufacturing,,100000000,http://www.geniecompany.com
THE GENIE COMPANY,,Ohio,160,electrical/electronic manufacturing,,100000000,http://www.geniecompany.com
THE GULF BOWL,,,three,,,,https://gulfbowl.com/
THE GULF BOWL,,,five,,,,https://gulfbowl.com/
THE HC COMPANIES,,,"501-1,000",Plastics Manufacturing,,80M,https://hc-companies.com/
THE HC COMPANIES,https://www.linkedin.com/company/10413867,Ohio,"501-1,000",Plastics Manufacturing,,80M,https://hc-companies.com/
THE HERCULES TIRE & RUBBER,,,201-500,Automotive,,75.4M,http://www.herculestire.com
THE HERCULES TIRE & RUBBER,https://www.linkedin.com/company/1043408,Ohio,201-500,Automotive,,75.4M,http://www.herculestire.com
THE HILLER COMPANIES,,,340,Facilities Services,,,http://securiplexusa.com/
THE HILLER COMPANIES,https://www.linkedin.com/company/securiplex/,,340,Facilities Services,,,http://securiplexusa.com/
THE KENNEDY,,,51-200,Printing Services,,36M,http://www.kennedygrp.com
THE KENNEDY,https://www.linkedin.com/company/33572,Ohio,51-200,Printing Services,,36M,http://www.kennedygrp.com
THE MARKAY CONSULTING GROUP,,,2/10/2023,Business Consulting Services,,,https://markaycg.com/
THE MARKAY CONSULTING GROUP,,,2/10/2023,Business Consulting Services,,,https://markaycg.com/
THE METAL WARE CORPORATION,,,201-500,Manufacturing,,8.7M,http://www.mwcorp.com
THE METAL WARE CORPORATION,https://linkedin.com/company/the-metal-ware-corporation,Wisconsin,201-500,Manufacturing,,8.7M,http://www.mwcorp.com
THE MONTROSE AUTO GROUP,,,65,Retail,,40066000,http://www.gomontrose.com
THE MONTROSE AUTO GROUP,,Ohio,65,Retail,,40066000,http://www.gomontrose.com
THE OHIO STATE UNIVERSITY,,,"10,001+",Higher Education,,,http://www.osu.edu/
THE OHIO STATE UNIVERSITY,https://www.linkedin.com/school/the-ohio-state-university/,,nine,Higher Education,,,http://www.osu.edu/
THE OHIO STATE UNIVERSITY,https://www.linkedin.com/school/the-ohio-state-university/,,"10,001+",Higher Education,,,http://www.osu.edu/
THE OHIO STATE UNIVERSITY COLLEGE OF DENTISTRY,,,"501-1,000",Higher Education,,,https://dentistry.osu.edu/
THE OHIO STATE UNIVERSITY COLLEGE OF DENTISTRY,https://www.linkedin.com/company/the-ohio-state-university-college-of-dentistry/,,"501-1,000",Higher Education,,,https://dentistry.osu.edu/
THE OHIO STATE UNIVERSITY WEXNER MEDICAL CENTER,,,"10,001+",Hospitals and Health Care,,,http://wexnermedical.osu.edu/
THE OHIO STATE UNIVERSITY WEXNER MEDICAL CENTER,,,"10,001+",Hospitals and Health Care,,,https://wexnermedical.osu.edu/
THE OHIO STATE UNIVERSITY WEXNER MEDICAL CENTER,https://www.linkedin.com/company/the-ohio-state-university-wexner-medical-center/,,seven,Hospitals and Health Care,,,https://wexnermedical.osu.edu/
THE OHIO STATE UNIVERSITY WEXNER MEDICAL CENTER,https://www.linkedin.com/company/the-ohio-state-university-wexner-medical-center/,,"10,001+",Hospitals and Health Care,,,http://wexnermedical.osu.edu/
THE OHIO STATE UNIVERSITY WEXNER MEDICAL CENTER,https://www.linkedin.com/company/the-ohio-state-university-wexner-medical-center/,,"10,001+",Hospitals and Health Care,,,https://wexnermedical.osu.edu/
THE ORIGINAL MATTRESS FACTORY,,,200,Retail,,32400000,http://www.originalmattress.com
THE ORIGINAL MATTRESS FACTORY,,Ohio,200,Retail,,32400000,http://www.originalmattress.com
THE PLASTEK,,,"1,001-5,000",Plastics Manufacturing,,411.5M,https://www.plastekgroup.com
THE PLASTEK,https://www.linkedin.com/company/5125699,Pennsylvania,"1,001-5,000",Plastics Manufacturing,,411.5M,https://www.plastekgroup.com
THE RITESCREEN COMPANY,,,201-500,Building Materials,,117.8M,http://www.ritescreen.com/
THE RITESCREEN COMPANY,https://www.linkedin.com/company/4512404,Pennsylvania,201-500,Building Materials,,117.8M,http://www.ritescreen.com/
THE RUSS DARROW GROUP,,,"1,001-5,000",Motor Vehicle Manufacturing,,457.4M,http://russdarrow.com
THE RUSS DARROW GROUP,https://linkedin.com/company/russ-darrow,Wisconsin,"1,001-5,000",Motor Vehicle Manufacturing,,457.4M,http://russdarrow.com
THE SECURITY TITLE GUARANTEE CORPORATION OF BALTIMORE,,,51-200,Insurance,,,https://www.esecuritytitle.com/
THE SECURITY TITLE GUARANTEE CORPORATION OF BALTIMORE,https://www.linkedin.com/company/stgcob/,,51-200,Insurance,,,https://www.esecuritytitle.com/
THE SHEPHERD CHEMICAL,,,201-500,Chemical Manufacturing,,100M,https://www.shepchem.com
THE SHEPHERD CHEMICAL,https://linkedin.com/company/the-shepherd-chemical-company,Ohio,201-500,Chemical Manufacturing,,100M,https://www.shepchem.com
THE SINGING MACHINE COMPANY,,,54,electrical/electronic manufacturing,,30232000,http://www.singingmachine.com
THE SINGING MACHINE COMPANY,,Florida,54,electrical/electronic manufacturing,,30232000,http://www.singingmachine.com
THE SPIRATEX COMPANY,,Michigan,54,plastics,,26800000,spiratex.com
THE SPIRATEX COMPANY,,Michigan,54,plastics,+17349927229,,spiratex.com
THE SSI GROUP,,,201-500,IT Services and IT Consulting,,,https://thessigroup.com/
THE SSI GROUP,https://www.linkedin.com/company/thessigroup/,,201-500,IT Services and IT Consulting,,,https://thessigroup.com/
"THE SSI GROUP, LLC",,,201-500,IT Services and IT Consulting,,,http://www.thessigroup.com/
"THE SSI GROUP, LLC",https://www.linkedin.com/company/thessigroup/,,201-500,IT Services and IT Consulting,,,http://www.thessigroup.com/
THE STEP2,,,"501-1,000",Manufacturing,,177.4M,http://www.step2.com/
THE STEP2,https://www.linkedin.com/company/78596,Ohio,"501-1,000",Manufacturing,,177.4M,http://www.step2.com/
THE STOW,,,201-500,Manufacturing,,32.7M,http://www.TheStowCompany.com
THE STOW,https://linkedin.com/company/the-stow-company,,ten,Manufacturing,,,http://www.TheStowCompany.com
THE STOW,https://linkedin.com/company/the-stow-company,Michigan,201-500,Manufacturing,,32.7M,http://www.TheStowCompany.com
"THE SUPERIOR DIE, TOOL & MACHINE CO.",,,201-500,Motor Vehicle Parts Manufacturing,,$33.3M,https://superior-dietool.com
"THE SUPERIOR DIE, TOOL & MACHINE CO.",https://linkedin.com/company/the-superior-die-tool-&-machine-co-,Ohio,201-500,Motor Vehicle Parts Manufacturing,,$33.3M,https://superior-dietool.com
THE UNIVERSITY OF VERMONT HEALTH NETWORK,,,"10,001+",Hospitals and Health Care,,,https://www.uvmhealth.org/
THE UNIVERSITY OF VERMONT HEALTH NETWORK,https://www.linkedin.com/company/the-university-of-vermont-health-network/,,"10,001+",Hospitals and Health Care,,,https://www.uvmhealth.org/
THE WARRELL,,,"501-1,000",Food and Beverage Manufacturing,,40000000,http://www.warrellcorp.com
THE WARRELL,https://www.linkedin.com/company/1691947,Pennsylvania,"501-1,000",Food and Beverage Manufacturing,,40000000,http://www.warrellcorp.com
THE WILL-BURT,,,201-500,Manufacturing,,120M,http://www.willburt.com
THE WILL-BURT,https://www.linkedin.com/company/124714,Ohio,201-500,Manufacturing,,120M,http://www.willburt.com
THEMORINGAGROUP,,,1,Mechanical Or Industrial Engineering,,,https://themoringagroup.com/
THEMORINGAGROUP,http://www.linkedin.com/company/themoringagroup,,1,Mechanical Or Industrial Engineering,,,https://themoringagroup.com/
THERMAL PRODUCT SOLUTIONS,,,51-200,Mechanical Or Industrial Engineering,,68000000,https://www.thermalproductsolutions.com/
THERMAL PRODUCT SOLUTIONS,https://www.linkedin.com/company/5217268,Pennsylvania,51-200,Mechanical Or Industrial Engineering,,68000000,https://www.thermalproductsolutions.com/
THERMAL SPRAY TECHNOLOGIES,,Wisconsin,140,Machinery Manufacturing,,$62.0M,tstcoatings.com
THERMAL SPRAY TECHNOLOGIES,,Wisconsin,140,Machinery Manufacturing,+1 (844) 286-7397,,tstcoatings.com
THERMA-STOR,,,201-500,Manufacturing,,41.7M,http://www.thermastor.com
THERMA-STOR,,Wisconsin,120,Mechanical Or Industrial Engineering,,31800000,thermastor.com
THERMA-STOR,,Wisconsin,120,Mechanical Or Industrial Engineering,"+1-262-364-4933,+1-608-334-5409",,thermastor.com
THERMA-STOR,,Wisconsin,120,Mechanical Or Industrial Engineering,+1-262-664-2289,,thermastor.com
THERMA-STOR,,Wisconsin,120,Mechanical Or Industrial Engineering,+16082225301,,thermastor.com
THERMA-STOR,,Wisconsin,120,Mechanical Or Industrial Engineering,+1-608-516-0408,,thermastor.com
THERMA-STOR,https://linkedin.com/company/therma-stor,,three,Manufacturing,,,http://www.thermastor.com
THERMA-STOR,https://linkedin.com/company/therma-stor,Wisconsin,201-500,Manufacturing,,41.7M,http://www.thermastor.com
THIRTY-ONE GIFTS,,,7200,Retail,,150000000,http://www.mythirtyone.com
THIRTY-ONE GIFTS,,Ohio,7200,Retail,,150000000,http://www.mythirtyone.com
THOMAS ROOFING,,,51-200,Construction,,,http://www.thomasroofing.com/
THOMAS ROOFING,https://www.linkedin.com/company/thomas-roofing/,,51-200,Construction,,,http://www.thomasroofing.com/
THOMPSON CONCRETE,,,201-500,Construction,,,https://www.thompsonconcrete.com/
THOMPSON CONCRETE,https://www.linkedin.com/company/thompson-concrete/,,201-500,Construction,,,https://www.thompsonconcrete.com/
"THORSTEN CONSULTING GROUP, INC.",,,6,Management Consulting,,,http://thorstenconsulting.com/
"THORSTEN CONSULTING GROUP, INC.",https://www.linkedin.com/company/tec_2/,,6,Management Consulting,,,http://thorstenconsulting.com/
THREE D METALS,,,51-200,Primary Metal Manufacturing,,31M,https://threedmetals.com/
THREE D METALS,https://www.linkedin.com/company/1014511,Ohio,51-200,Primary Metal Manufacturing,,31M,https://threedmetals.com/
THYSSENKRUPP,,,eight,,,,
THYSSENKRUPP,,,104000,machinery,,,https://www.thyssenkrupp.com/
THYSSENKRUPP,https://www.linkedin.com/company/thyssenkrupp/,,104000,machinery,,,https://www.thyssenkrupp.com/
TIDI PRODUCTS,,,"1,001-5,000",Medical Equipment Manufacturing,,35M,https://www.tidiproducts.com
TIDI PRODUCTS,https://linkedin.com/company/tidi-products-llc,,eight,Medical Equipment Manufacturing,,,https://www.tidiproducts.com
TIDI PRODUCTS,https://linkedin.com/company/tidi-products-llc,Wisconsin,"1,001-5,000",Medical Equipment Manufacturing,,35M,https://www.tidiproducts.com
TIER1 PERFORMANCE,,,201-500,Business Consulting and Services,,,http://www.tier1performance.com/
TIER1 PERFORMANCE,https://www.linkedin.com/company/tier-1-performance-solutions/,,201-500,Business Consulting and Services,,,http://www.tier1performance.com/
TIER1MRO,https://www.linkedin.com/company/tier1mro,,51,"Transportation, Logistics, Supply Chain and Storage",,5100000,tier1mro.com
TIER1MRO,https://www.linkedin.com/company/tier1mro,Georgia,51,"Transportation, Logistics, Supply Chain and Storage",,5100000,tier1mro.com
TIGERPOLY MANUFACTURING,,,201-500,Automotive,,48.7M,http://www.tigerpoly.com
TIGERPOLY MANUFACTURING,https://www.linkedin.com/company/8794100,Ohio,201-500,Automotive,,48.7M,http://www.tigerpoly.com
TIREHUB,,,560,logistics & supply chain,,250000000,http://www.tirehub.com
TIREHUB,,Georgia,560,logistics & supply chain,,250000000,http://www.tirehub.com
TIRES PLUS TOTAL CAR CARE,,,930,Retail,,48300000,http://www.tiresplus.com
TIRES PLUS TOTAL CAR CARE,,Florida,930,Retail,,48300000,http://www.tiresplus.com
TOLEDO AREA REGIONAL TRANSIT AUTHORITY,https://www.linkedin.com/company/2742396,,three,Transportation/Trucking/Railroad,,,tarta.com
TOLEDO AREA REGIONAL TRANSIT AUTHORITY,https://www.linkedin.com/company/2742396,North Carolina,201,Transportation/Trucking/Railroad,,7300000,tarta.com
TOLEDO ENGINEERING CO.,,,51-200,"Glass, Ceramics and Concrete Manufacturing",,31.1M,http://www.teco.com
TOLEDO ENGINEERING CO.,https://www.linkedin.com/company/1013189,,one,"Glass, Ceramics and Concrete Manufacturing",,,http://www.teco.com
TOLEDO ENGINEERING CO.,https://www.linkedin.com/company/1013189,Ohio,51-200,"Glass, Ceramics and Concrete Manufacturing",,31.1M,http://www.teco.com
TOLEDO TOOL AND DIE,,,201-500,Motor Vehicle Manufacturing,,43.8M,http://www.toledotool.com
TOLEDO TOOL AND DIE,https://linkedin.com/company/toledo-tool-and-die,Ohio,201-500,Motor Vehicle Manufacturing,,43.8M,http://www.toledotool.com
"TOLOMATIC, INC.",,,170,Automation Machinery Manufacturing,,50000000,tolomatic.com
"TOLOMATIC, INC.",,Minnesota,170,Automation Machinery Manufacturing,,50000000,tolomatic.com
TOM JAMES COMPANY,,,"1,001-5,000",Retail Apparel and Fashion,,,https://careers.tomjames.com/
TOM JAMES COMPANY,https://www.linkedin.com/company/tom-james-company/,,"1,001-5,000",Retail Apparel and Fashion,,,https://careers.tomjames.com/
TOR DAHL & ASSOCIATES,,,one,,,,https://tordahl.com/
TOR DAHL & ASSOCIATES,,,four,,,,https://tordahl.com/
TOSOH SMD,,,201-500,Semiconductors,,34.8M,http://www.tosohsmd.com
TOSOH SMD,https://www.linkedin.com/company/24769704,Ohio,201-500,Semiconductors,,34.8M,http://www.tosohsmd.com
TOTAL MECHANICAL,,Wisconsin,170,Construction,,42800000,total-mechanical.com
TOTAL MECHANICAL,,Wisconsin,170,Construction,+1-414-788-2327,,total-mechanical.com
"TOTAL PLASTICS, INT'L",,,201-500,Plastics Manufacturing,,75000000,http://www.totalplastics.com
"TOTAL PLASTICS, INT'L",https://www.linkedin.com/company/933825,Michigan,201-500,Plastics Manufacturing,,75000000,http://www.totalplastics.com
TOTAL QUALITY LOGISTICS,,,14000,Transportation/Trucking/Railroad,,,https://www.tql.com/
TOTAL QUALITY LOGISTICS,https://www.linkedin.com/company/total-quality-logistics/,,14000,Transportation/Trucking/Railroad,,,https://www.tql.com/
TOTALLY PROMOTIONAL,,,201-500,Manufacturing,,51.5M,http://www.totallypromotional.com/
TOTALLY PROMOTIONAL,https://www.linkedin.com/company/2856810,,one,Manufacturing,,,http://www.totallypromotional.com/
TOTALLY PROMOTIONAL,https://www.linkedin.com/company/2856810,Ohio,201-500,Manufacturing,,51.5M,http://www.totallypromotional.com/
TOULA PROPERTY MANAGEMENT,,,eight,,,,
TOULA PROPERTY MANAGEMENT,,,eight,,,,
TOWN SQUARE CONSULTING,,,six,,,,https://townsquareconsulting.com/
TOWN SQUARE CONSULTING,,,six,,,,https://townsquareconsulting.com/
TOYOTA,,,"10,001+",Motor Vehicle Manufacturing,,,http://www.toyota.com/
TOYOTA,https://www.linkedin.com/company/toyota-north-america/,,"10,001+",Motor Vehicle Manufacturing,,,http://www.toyota.com/
"TP ORTHODONTICS, INC.",,Indiana,150,medical devices,,37604000,tportho.com
"TP ORTHODONTICS, INC.",,Indiana,150,medical devices,+1-219-229-0255,,tportho.com
TPC WIRE & CABLE,,,230,electrical/electronic manufacturing,,70000000,http://www.tpcwire.com
TPC WIRE & CABLE,,,"501-1,000","Appliances, Electrical, and Electronics Manufacturing",,70M,http://www.tpcwire.com
TPC WIRE & CABLE,,Ohio,230,electrical/electronic manufacturing,,70000000,http://www.tpcwire.com
TPC WIRE & CABLE,https://www.linkedin.com/company/78022,Ohio,204,"Appliances, Electrical, and Electronics Manufacturing",,50000000,tpcwire.com
TPC WIRE & CABLE,https://www.linkedin.com/company/78022,Ohio,"501-1,000","Appliances, Electrical, and Electronics Manufacturing",,70M,http://www.tpcwire.com
TRACTOR CENTRAL,,,201-500,Machinery Manufacturing,,194.4M,http://www.tractorcentral.com
TRACTOR CENTRAL,https://linkedin.com/company/tractor-central-llc,Wisconsin,201-500,Machinery Manufacturing,,194.4M,http://www.tractorcentral.com
TRADEHOME SHOES,,,459,Retail,,33753000,http://www.tradehome.com
TRADEHOME SHOES,,Minnesota,459,Retail,,33753000,http://www.tradehome.com
TRADEMARK GLOBAL,,,201-500,Manufacturing,,52.2M,http://www.TrademarkGlobal.com
TRADEMARK GLOBAL,https://linkedin.com/company/trademark-global-inc-,Ohio,201-500,Manufacturing,,52.2M,http://www.TrademarkGlobal.com
TRADING PLACES OH,,,2,Furniture,,,https://tradingplacesoh.com/
TRADING PLACES OH,http://www.linkedin.com/company/trading-places-oh,,2,Furniture,,,https://tradingplacesoh.com/
"TRAINING STRATEGIES, INC",,,three,,,,https://trainingstrategies.org/
"TRAINING STRATEGIES, INC",,,four,,,,https://trainingstrategies.org/
TRAINZ.COM,,,67,Retail,,36854000,http://www.trainz.com
TRAINZ.COM,,Georgia,67,Retail,,36854000,http://www.trainz.com
"TRAM, INC.",,Michigan,200,Automotive,,42183000,tramgroup.com
"TRAM, INC.",,Michigan,200,Automotive,+12605879282,,tramgroup.com
TRANSAMERICA AGENCY NETWORK,,,"5,001-10,000",Financial Services,,,http://transamericaagencynetwork.com/
TRANSAMERICA AGENCY NETWORK,https://www.linkedin.com/company/transamerica-agency-network-/,,"5,001-10,000",Financial Services,,,http://transamericaagencynetwork.com/
TRANSFER EXPRESS,,,201-500,Printing Services,,70M,http://www.TransferExpress.com
TRANSFER EXPRESS,https://www.linkedin.com/company/253447,Ohio,201-500,Printing Services,,70M,http://www.TransferExpress.com
"TRANSFORMATION MANAGEMENT, LLC",,,4,Management Consulting,,,http://transformationmanagement.com/
"TRANSFORMATION MANAGEMENT, LLC",http://www.linkedin.com/company/transformation-management-llc,,4,Management Consulting,,,http://transformationmanagement.com/
TRANSHIELD,,Indiana,63,Packaging & Containers,,$37.2M,transhield-usa.com
TRANSHIELD,,Indiana,63,Packaging & Containers,+1-248-722-9173,,transhield-usa.com
TRANSHIELD,,Indiana,63,Packaging & Containers,+1-269-921-2970,,transhield-usa.com
TRANSHIELD,,Indiana,63,Packaging & Containers,+1-574-320-6334,,transhield-usa.com
TRANSHIELD,,Indiana,63,Packaging & Containers,+1-773-510-3176,,transhield-usa.com
TRANSNATIONAL FOODS,,,51-200,Food and Beverage Services,,104.6M,http://www.transnationalfoods.com/
TRANSNATIONAL FOODS,https://linkedin.com/company/transnational-foods-inc-,,two,Food and Beverage Services,,,http://www.transnationalfoods.com/
TRANSNATIONAL FOODS,https://linkedin.com/company/transnational-foods-inc-,Florida,51-200,Food and Beverage Services,,104.6M,http://www.transnationalfoods.com/
TRANSPLACE,,,seven,,,,
TRANSPLACE,,,"1,001-5,000 employees",Truck Transportation,,,http://www.transplace.com/
TRC,,,"501-1,000",Renewable Energy Semiconductor Manufacturing,,30M,http://www.trc4r.com
TRC,https://linkedin.com/company/trc,,six,Renewable Energy Semiconductor Manufacturing,,,http://www.trc4r.com
TRC,https://linkedin.com/company/trc,Ohio,"501-1,000",Renewable Energy Semiconductor Manufacturing,,30M,http://www.trc4r.com
TRENDS INTERNATIONAL,,Indiana,240,Mechanical Or Industrial Engineering,,41800000,trendsinternational.com
TRENDS INTERNATIONAL,,Indiana,240,Mechanical Or Industrial Engineering,+1-479-435-2088,,trendsinternational.com
TRENDS INTERNATIONAL,,Indiana,240,Mechanical Or Industrial Engineering,"+1-818-312-0984,+1-661-803-7163",,trendsinternational.com
TREW HILMOT,,Wisconsin,82,Industrial Automation,,$25M,hilmot.com
TREW HILMOT,,Wisconsin,82,Industrial Automation,+14144464900,,hilmot.com
TRIAD TECHNOLOGIES,,,51-200,Automation Machinery Manufacturing,,38M,http://www.triadtechnologies.com
TRIAD TECHNOLOGIES,https://linkedin.com/company/triad-technologies-llc,,two,Automation Machinery Manufacturing,,,http://www.triadtechnologies.com
TRIAD TECHNOLOGIES,https://linkedin.com/company/triad-technologies-llc,Ohio,51-200,Automation Machinery Manufacturing,,38M,http://www.triadtechnologies.com
TRIBAR TECHNOLOGIES,,,"501-1,000",Motor Vehicle Manufacturing,,38.8M,http://www.tribar.com
TRIBAR TECHNOLOGIES,https://linkedin.com/company/tribartechnologies,Michigan,"501-1,000",Motor Vehicle Manufacturing,,38.8M,http://www.tribar.com
"TRICORE, INC.",,Wisconsin,170,machinery,,$25.0M,tricore.com
"TRICORE, INC.",,Wisconsin,170,machinery,+12628863630,,tricore.com
"TRICORE, INC.",,Wisconsin,170,machinery,+1-920-579-1642,,tricore.com
TRIENDA,,,201-500,Packaging and Containers Manufacturing,,100M,http://www.trienda.com
TRIENDA,https://linkedin.com/company/trienda-corporation,Wisconsin,201-500,Packaging and Containers Manufacturing,,100M,http://www.trienda.com
TRIJICON,,,201-500,Manufacturing,,75M,http://www.trijicon.com
TRIJICON,https://www.linkedin.com/company/250542,Michigan,201-500,Manufacturing,,75M,http://www.trijicon.com
TRION INDUSTRIES,,,65,Retail,,40000000,http://www.triononline.com
TRION INDUSTRIES,,Pennsylvania,65,Retail,,40000000,http://www.triononline.com
TRITTER FEEFER HOME COLLECTION,,,11-50,Furniture and Home Furnishings Manufacturing,,,https://www.tritterfeefer.com/
TRITTER FEEFER HOME COLLECTION,https://www.linkedin.com/company/tritter-feefer-home-collection/,,11-50,Furniture and Home Furnishings Manufacturing,,,https://www.tritterfeefer.com/
T-ROC,,,1300,Retail,,145800000,http://www.trocglobal.com
T-ROC,,Florida,1300,Retail,,145800000,http://www.trocglobal.com
TROMBETTA,,,201-500,"Appliances, Electrical, and Electronics Manufacturing",,70M,http://www.trombetta.com
TROMBETTA,https://linkedin.com/company/trombetta,Wisconsin,201-500,"Appliances, Electrical, and Electronics Manufacturing",,70M,http://www.trombetta.com
TRONAIR,,,201-500,Aviation and Aerospace Component Manufacturing,,300M,http://www.tronair.com
TRONAIR,https://linkedin.com/company/tronair-inc-,Ohio,201-500,Aviation and Aerospace Component Manufacturing,,300M,http://www.tronair.com
TROPIC OIL COMPANY,,,51-200,Oil and Gas,,,http://www.tropicoil.com/
TROPIC OIL COMPANY,https://www.linkedin.com/company/tropicoil/,,51-200,Oil and Gas,,,http://www.tropicoil.com/
TROTEC LASER USA,,,201-500,"Appliances, Electrical, and Electronics Manufacturing",,157949000,https://www.troteclaser.com/
TROTEC LASER USA,https://www.linkedin.com/company/2955959,,nine,"Appliances, Electrical, and Electronics Manufacturing",,,https://www.troteclaser.com/
TROTEC LASER USA,https://www.linkedin.com/company/2955959,Michigan,201-500,"Appliances, Electrical, and Electronics Manufacturing",,157949000,https://www.troteclaser.com/
TROY BANK & TRUST,,,51-200,Banking,,,https://troybankandtrust.com/
TROY BANK & TRUST,https://www.linkedin.com/company/troybankandtrust/,,51-200,Banking,,,https://troybankandtrust.com/
TROY UNIVERSITY,,,nine,Higher Education,,,http://www.troy.edu/
TROY UNIVERSITY,,,"1,001-5,000",Higher Education,,,http://www.troy.edu/
TROY UNIVERSITY,,,"1,001-5,000",Higher Education,,,https://www.troy.edu/
TROY UNIVERSITY,https://www.linkedin.com/school/troy-university/,,three,Higher Education,,,http://www.troy.edu/
TROY UNIVERSITY,https://www.linkedin.com/school/troy-university/,,"1,001-5,000",Higher Education,,,http://www.troy.edu/
TROY UNIVERSITY,https://www.linkedin.com/school/troy-university/,,"1,001-5,000",Higher Education,,,https://www.troy.edu/
TRUBRIDGE,,,"1,001-5,000",Hospitals and Health Care,,,http://www.trubridge.com/
TRUBRIDGE,https://www.linkedin.com/company/trubridge/,,"1,001-5,000",Hospitals and Health Care,,,http://www.trubridge.com/
TRUENORTH STEEL,,North Dakota,270,Construction,,164600000,truenorthsteel.com
TRUENORTH STEEL,,North Dakota,270,Construction,+17012822345,,truenorthsteel.com
TRUENORTH STEEL,,North Dakota,270,Construction,+1-701-412-4462,,truenorthsteel.com
TRUGREEN,,,"5,001-10,000",Consumer Services,,,https://trugreenjobs.com/
TRUGREEN,https://www.linkedin.com/company/trugreen/,,"5,001-10,000",Consumer Services,,,https://trugreenjobs.com/
TRUIST SECURITIES,,,"1,001-5,000",Financial Services,,,http://www.truistsecurities.com/
TRUIST SECURITIES,https://www.linkedin.com/company/truistsecurities/,,"1,001-5,000",Financial Services,,,http://www.truistsecurities.com/
TRUPANION,,,1100,Insurance,,,https://trupanion.com/
TRUPANION,http://www.linkedin.com/company/trupanion,,1100,Insurance,,,https://trupanion.com/
TRUSTMARK BANK,,,"1,001-5,000",Banking,,,http://www.trustmark.com/
TRUSTMARK BANK,,,"1,001-5,000 employees",Banking,,,https://www.trustmark.com/
TRUSTMARK BANK,,,1900,Banking,,,http://www.trustmark.com/
TRUSTMARK BANK,https://www.linkedin.com/company/trustmark-national-bank/,,"1,001-5,000",Banking,,,http://www.trustmark.com/
TRUSTMARK BANK,https://www.linkedin.com/company/trustmark-national-bank/,,1900,Banking,,,http://www.trustmark.com/
TSI INCORPORATED,,,1500,Industrial Machinery Manufacturing,,133333000,tsi.com
TSI INCORPORATED,,Minnesota,1500,Industrial Machinery Manufacturing,,133333000,tsi.com
TUNNELL CONSULTING,,,51-200,Pharmaceutical Manufacturing,,48.4M,http://www.tunnellconsulting.com
TUNNELL CONSULTING,https://www.linkedin.com/company/2448616,Pennsylvania,51-200,Pharmaceutical Manufacturing,,48.4M,http://www.tunnellconsulting.com
TUOHY FURNITURE CORPORATION,,,52,Furniture and Home Furnishings Manufacturing,,29282000,tuohyfurniture.com
TUOHY FURNITURE CORPORATION,,Minnesota,52,Furniture and Home Furnishings Manufacturing,,29282000,tuohyfurniture.com
TURF CARE SUPPLY,,,201-500,Manufacturing,,41.8M,http://www.turfcaresupply.com/
TURF CARE SUPPLY,https://www.linkedin.com/company/222135,,six,Manufacturing,,,http://www.turfcaresupply.com/
TURF CARE SUPPLY,https://www.linkedin.com/company/222135,Ohio,201-500,Manufacturing,,41.8M,http://www.turfcaresupply.com/
TURN 14 DISTRIBUTION,,,201-500,Motor Vehicle Manufacturing,,79.5M,http://www.turn14.com/
TURN 14 DISTRIBUTION,https://www.linkedin.com/company/2307358,Pennsylvania,201-500,Motor Vehicle Manufacturing,,79.5M,http://www.turn14.com/
TURNER SUPPLY,,,120,Transportation/Trucking/Railroad,,52862000,http://www.turnersupply.com
TURNER SUPPLY,,,51-200,Truck Transportation,,52.9M,http://www.turnersupply.com
TURNER SUPPLY,,Alabama,120,Transportation/Trucking/Railroad,,52862000,http://www.turnersupply.com
TURNER SUPPLY,https://linkedin.com/company/turner-supply-company,Alabama,51-200,Truck Transportation,,52.9M,http://www.turnersupply.com
TURRI'S ITALIAN FOODS,,,201-500,Food and Beverage Manufacturing,,51.5M,http://turrisitalianfoods.com
TURRI'S ITALIAN FOODS,https://linkedin.com/company/turri's-italian-foods,Michigan,201-500,Food and Beverage Manufacturing,,51.5M,http://turrisitalianfoods.com
TWEET/GAROT MECHANICAL,,Wisconsin,200,Construction,,58000000,tweetgarot.com
TWEET/GAROT MECHANICAL,,Wisconsin,200,Construction,+1-715-370-3401,,tweetgarot.com
TWEET/GAROT MECHANICAL,,Wisconsin,200,Construction,+1-920-639-2750,,tweetgarot.com
TWEET/GAROT MECHANICAL,,Wisconsin,200,Construction,+1-920-660-5880,,tweetgarot.com
TWEET/GAROT MECHANICAL,,Wisconsin,200,Construction,+1-920-680-3507,,tweetgarot.com
TWELVE ANGRY SHEEP,,,six,,,,
TWELVE ANGRY SHEEP,,,eight,,,,
TWIN DISC,,,"501-1,000",Machinery Manufacturing,,251.1M,http://www.twindisc.com
TWIN DISC,https://linkedin.com/company/twin-disc,Wisconsin,"501-1,000",Machinery Manufacturing,,251.1M,http://www.twindisc.com
"TYBER MEDICAL, LLC",,Pennsylvania,150,medical devices,,44000000,tybermedical.com
"TYBER MEDICAL, LLC",,Pennsylvania,150,medical devices,+1-303-717-5060,,tybermedical.com
"TYBER MEDICAL, LLC",,Pennsylvania,150,medical devices,+1-818-326-9777,,tybermedical.com
"TYBER MEDICAL, LLC",,Pennsylvania,150,medical devices,+18667610933,,tybermedical.com
"TYBER MEDICAL, LLC",,Pennsylvania,150,medical devices,"+33-6-12-92-36-79,+1-803-464-9632,+1-973-997-7895",,tybermedical.com
TYLER TECHNOLOGIES,,,"5,001-10,000",Software Development,,,http://www.tylertech.com/
TYLER TECHNOLOGIES,https://www.linkedin.com/company/tyler-technologies/,,"5,001-10,000",Software Development,,,http://www.tylertech.com/
TYNDALE COMPANY,,,201-500,Apparel & Fashion,,73.7M,http://www.TyndaleUSA.com
TYNDALE COMPANY,https://www.linkedin.com/company/398252,Pennsylvania,201-500,Apparel & Fashion,,73.7M,http://www.TyndaleUSA.com
TYPE ONE ENERGY GROUP,,Wisconsin,57,machinery,,$46M,typeoneenergy.com
TYPE ONE ENERGY GROUP,,Wisconsin,57,machinery,,,typeoneenergy.com
U.S. AIR FORCE INSTITUTE OF TECHNOLOGY,,,201-500,Armed Forces,,,https://www.afit.edu/
U.S. AIR FORCE INSTITUTE OF TECHNOLOGY,https://www.linkedin.com/school/air-force-institute-of-technology/,,201-500,Armed Forces,,,https://www.afit.edu/
U.S. AUTOFORCE,,Wisconsin,410,Automotive,,53000000,usautoforce.com
U.S. AUTOFORCE,,Wisconsin,410,Automotive,+1-713-303-1732,,usautoforce.com
U.S. AUTOFORCE,,Wisconsin,410,Automotive,+18004904901,,usautoforce.com
U.S. DEPARTMENT OF STATE,,,"10,001+",International Affairs,,,https://www.state.gov/
U.S. DEPARTMENT OF STATE,https://www.linkedin.com/company/doscareers/,,"10,001+",International Affairs,,,https://www.state.gov/
UBER FREIGHT,,,4300,Transportation/Trucking/Railroad,,,https://www.uberfreight.com/
UBER FREIGHT,http://www.linkedin.com/company/uber-freight,,4300,Transportation/Trucking/Railroad,,,https://www.uberfreight.com/
UBER FREIGHT,https://www.linkedin.com/company/uber-freight/,,4300,Transportation/Trucking/Railroad,,,https://www.uberfreight.com/
U-LINE CORPORATION,,,79,Mechanical Or Industrial Engineering,,27700000,u-line.com
U-LINE CORPORATION,,Wisconsin,79,Mechanical Or Industrial Engineering,,27700000,u-line.com
ULTIMATE AUTO GLASS & ELECTRONICS,,,six,,,,
ULTIMATE AUTO GLASS & ELECTRONICS,,,11-50,Automotive,,,https://www.ultimateauto.glass/
ULTIMATE AUTO GLASS & ELECTRONICS,https://www.linkedin.com/company/ultimate-auto-glass-electronics/,,11-50,Automotive,,,https://www.ultimateauto.glass/
ULTRA MACHINING COMPANY (UMC),,Minnesota,130,machinery,,38000000,ultramc.com
ULTRA MACHINING COMPANY (UMC),,Minnesota,130,machinery,+12183982205,,ultramc.com
ULTRA MACHINING COMPANY (UMC),,Minnesota,130,machinery,+17632715200,,ultramc.com
ULTRA-POLY CORPORATION,,Pennsylvania,62,plastics,,$27M,ultrapoly.com
ULTRA-POLY CORPORATION,,Pennsylvania,62,plastics,+12019195527,,ultrapoly.com
ULTRA-POLY CORPORATION,,Pennsylvania,62,plastics,+18009320619,,ultrapoly.com
UNICO,,,201-500,"Appliances, Electrical, and Electronics Manufacturing",,49.4M,https://unicous.com
UNICO,,,320,electrical/electronic manufacturing,,49416000,http://www.unicous.com
UNICO,https://linkedin.com/company/unico-drives,Wisconsin,201-500,"Appliances, Electrical, and Electronics Manufacturing",,49.4M,https://unicous.com
UNION ELECTRIC STEEL,,Pennsylvania,259,mining & metals,,27856000,uniones.com
UNION ELECTRIC STEEL,,Pennsylvania,259,mining & metals,+14615932100,,uniones.com
UNION GOSPEL MISSION TWIN CITIES,,,seven,,,,
UNION GOSPEL MISSION TWIN CITIES,,,51-200,Individual and Family Services,,,http://www.ugmtc.org/
UNION GOSPEL MISSION TWIN CITIES,https://www.linkedin.com/company/union-gospel-mission-twin-cities/,,five,Individual and Family Services,,,http://www.ugmtc.org/
UNION GOSPEL MISSION TWIN CITIES,https://www.linkedin.com/company/union-gospel-mission-twin-cities/,,51-200,Individual and Family Services,,,http://www.ugmtc.org/
UNIQUE INDUSTRIES,,Pennsylvania,620,Mechanical Or Industrial Engineering,,51883000,favors.com
UNIQUE INDUSTRIES,,Pennsylvania,620,Mechanical Or Industrial Engineering,"+1-215-336-4300,+1-267-303-3511,+1-484-695-8542",,favors.com
UNIQUE INDUSTRIES,,Pennsylvania,620,Mechanical Or Industrial Engineering,+1-414-736-4910,,favors.com
UNIQUE INDUSTRIES,,Pennsylvania,620,Mechanical Or Industrial Engineering,+1-610-209-5474,,favors.com
UNIQUE INDUSTRIES,,Pennsylvania,620,Mechanical Or Industrial Engineering,+1-631-484-4729,,favors.com
UNITED ALLOY,,,201-500,Industrial Machinery Manufacturing,,75M,http://unitedalloy.com
UNITED ALLOY,https://linkedin.com/company/united-alloy,Wisconsin,201-500,Industrial Machinery Manufacturing,,75M,http://unitedalloy.com
UNITED FURNITURE INDUSTRIES,,,four,,,,
UNITED FURNITURE INDUSTRIES,,,four,,,,
UNITED ROAD SERVICES,,,"1,001-5,000",Truck Transportation,,,http://www.unitedroad.com/
UNITED ROAD SERVICES,https://www.linkedin.com/company/united-road/,,"1,001-5,000",Truck Transportation,,,http://www.unitedroad.com/
"UNITED-JOHNSON BROTHERS OF ALABAMA, LLC.",,,24,,,,https://ujbal.com/
"UNITED-JOHNSON BROTHERS OF ALABAMA, LLC.",,,24,,,,https://ujbal.com/
UNIVERSAL DOUGLAS,,,180,electrical/electronic manufacturing,,100000000,http://www.universaldouglas.com
UNIVERSAL DOUGLAS,,Tennessee,180,electrical/electronic manufacturing,,100000000,http://www.universaldouglas.com
UNIVERSAL FURNITURE,,,120,Furniture,,,http://www.universalfurniture.com/
UNIVERSAL FURNITURE,https://www.linkedin.com/company/universal-furniture/,,120,Furniture,,,http://www.universalfurniture.com/
UNIVERSITY OF INDIANAPOLIS,,,"501-1,000",Higher Education,,,https://uindy.edu/
UNIVERSITY OF INDIANAPOLIS,https://www.linkedin.com/school/university-of-indianapolis/,,"501-1,000",Higher Education,,,https://uindy.edu/
UNIVERSITY OF MONTEVALLO,,,201-500,Higher Education,,,https://www.montevallo.edu/
UNIVERSITY OF MONTEVALLO,https://www.linkedin.com/school/universityofmontevallo/,,201-500,Higher Education,,,https://www.montevallo.edu/
UNIVERSITY OF SOUTH ALABAMA,,,"5,001-10,000",Higher Education,,,http://www.southalabama.edu/
UNIVERSITY OF SOUTH ALABAMA,https://www.linkedin.com/company/university-of-south-alabama-/,,"5,001-10,000",Higher Education,,,http://www.southalabama.edu/
UNIVERSITY OF SOUTH ALABAMA MITCHELL COLLEGE OF BUSINESS,,,201-500,Higher Education,,,https://www.southalabama.edu/colleges/mcob/
UNIVERSITY OF SOUTH ALABAMA MITCHELL COLLEGE OF BUSINESS,https://www.linkedin.com/school/university-of-south-alabama-mitchell-college-of-business/,,201-500,Higher Education,,,https://www.southalabama.edu/colleges/mcob/
UNTO,,,51-200,Individual and Family Services,,,https://unto.com/
UNTO,https://www.linkedin.com/company/,,51-200,Individual and Family Services,,,https://unto.com/
UNTO®,,,51-200,Individual and Family Services,,,http://unto.com/
UNTO®,https://www.linkedin.com/company/unto-people/,,two,Individual and Family Services,,,http://unto.com/
UNTO®,https://www.linkedin.com/company/unto-people/,,51-200,Individual and Family Services,,,http://unto.com/
UPS,,,"10,001+",Truck Transportation,,,https://.ups.com/
UPS,,,"10,001+",Truck Transportation,,,https://www.ups.com/
UPS,https://www.linkedin.com/company/ups/,,"10,001+",Truck Transportation,,,https://.ups.com/
UPS,https://www.linkedin.com/company/ups/about/,,"10,001+",Truck Transportation,,,https://www.ups.com/
UPSHER-SMITH,,Minnesota,4/4/1901,Pharmaceuticals,,,upsher-smith.com
UPSHER-SMITH,,Minnesota,460,Pharmaceuticals,,274800000,upsher-smith.com
UPSHER-SMITH,,Minnesota,460,Pharmaceuticals,,,upsher-smith.com
URBAN SCIENCE,,,"501-1,000",Motor Vehicle Manufacturing,,175M,http://www.urbanscience.com
URBAN SCIENCE,https://linkedin.com/company/urban-science,Michigan,"501-1,000",Motor Vehicle Manufacturing,,175M,http://www.urbanscience.com
URTECH MANUFACTURING,,,67,electrical/electronic manufacturing,,35000000,http://www.urtechmfg.com
URTECH MANUFACTURING,,Florida,67,electrical/electronic manufacturing,,35000000,http://www.urtechmfg.com
US LOGISTICS LLC,https://www.linkedin.com/company/us-logistics-llc,Ohio,124,Logistics and Supply Chain,,100000000,uslfreight.com
US LOGISTICS LLC,https://www.linkedin.com/company/us-logistics-llc,Texas,124,Logistics and Supply Chain,,100000000,uslfreight.com
US LOGISTICS SOLUTIONS,https://www.linkedin.com/company/us-logistics-solutions,,two,"Transportation, Logistics, Supply Chain and Storage",,,uslogisticssolutions.com
US LOGISTICS SOLUTIONS,https://www.linkedin.com/company/us-logistics-solutions,Ohio,1001,"Transportation, Logistics, Supply Chain and Storage",,100100000,uslogisticssolutions.com
UT CENTER FOR INDUSTRIAL SERVICES,,,11-50,Professional Training and Coaching,,,http://www.cis.tennessee.edu/
UT CENTER FOR INDUSTRIAL SERVICES,https://www.linkedin.com/company/utcis/,,11-50,Professional Training and Coaching,,,http://www.cis.tennessee.edu/
UTEC - UNIVERSAL TOOL EQUIPMENT + CONTROLS,,Michigan,54,machinery,,$25M,universaltecinc.com
UTEC - UNIVERSAL TOOL EQUIPMENT + CONTROLS,,Michigan,54,machinery,+15862684380,,universaltecinc.com
UTILIMASTER,,Indiana,560,Automotive,,75700000,utilimaster.com
UTILIMASTER,,Indiana,560,Automotive,+13032896423,,utilimaster.com
UTILIMASTER,,Indiana,560,Automotive,+15748624561,,utilimaster.com
UTILIMASTER,,Indiana,560,Automotive,"+1-765-771-9423,+1-734-644-6640",,utilimaster.com
VAIL RUBBER WORKS INCORPORATED,,Michigan,57,machinery,,$71.2M,vailrubber.com
VAIL RUBBER WORKS INCORPORATED,,Michigan,57,machinery,+1 (269) 983-1595,,vailrubber.com
VALPAK,,,four,,,,
VALPAK,,,"501-1,000",Advertising Services,,,https://www.valpak.com/
VALPAK,https://www.linkedin.com/company/valpak/,,"501-1,000",Advertising Services,,,https://www.valpak.com/
VANDOR CORP,,Indiana,63,Packaging & Containers,,$29.4M,vandorcorp.com
VANDOR CORP,,Indiana,63,Packaging & Containers,+1-215-817-5664,,vandorcorp.com
VANDOR CORP,,Indiana,63,Packaging & Containers,+1-317-809-5726,,vandorcorp.com
VANTAGE PLASTICS,,Michigan,74,plastics,,$80.0M,vantageplastics.com
VANTAGE PLASTICS,,Michigan,74,plastics,+19893875254,,vantageplastics.com
VANTAGE PLASTICS,,Michigan,74,plastics,+19898461029,,vantageplastics.com
"VARIATION REDUCTION SOLUTIONS, INC. (VRSI)",,Michigan,85,Machinery Manufacturing,,$29.9M,vrs-inc.com
"VARIATION REDUCTION SOLUTIONS, INC. (VRSI)",,Michigan,85,Machinery Manufacturing,+1 (734) 414-0035,,vrs-inc.com
VEKA,,,201-500,Building Materials,,91.9M,http://www.vekainc.com
VEKA,https://www.linkedin.com/company/446720,Pennsylvania,201-500,Building Materials,,91.9M,http://www.vekainc.com
VENATORX PHARMACEUTICALS,,,51-200,Pharmaceutical Manufacturing,,33.8M,https://www.venatorx.com/
VENATORX PHARMACEUTICALS,https://www.linkedin.com/company/1367556,Pennsylvania,51-200,Pharmaceutical Manufacturing,,33.8M,https://www.venatorx.com/
VENTRAC,,,201-500,Machinery Manufacturing,,100M,http://www.ventrac.com
VENTRAC,https://www.linkedin.com/company/28624757,Ohio,201-500,Machinery Manufacturing,,100M,http://www.ventrac.com
VENTURE LOGISTICS,,,520,Transportation/Trucking/Railroad,,41279000,http://www.venturelogistics.com
VENTURE LOGISTICS,,Indiana,520,Transportation/Trucking/Railroad,,41279000,http://www.venturelogistics.com
VENTURE PLASTICS,,,201-500,Plastics Manufacturing,,50.8M,http://www.ventureplastics.com
VENTURE PLASTICS,https://www.linkedin.com/company/406431,Ohio,201-500,Plastics Manufacturing,,50.8M,http://www.ventureplastics.com
VENUS FASHION,,,800,Retail,,200000000,http://www.venus.com
VENUS FASHION,,Florida,800,Retail,,200000000,http://www.venus.com
VERANOVA,,Pennsylvania,480,Pharmaceuticals,,92300000,veranova.com
VERANOVA,,Pennsylvania,480,Pharmaceuticals,,,veranova.com
VERIZON,,,seven,,,,
VERIZON,,,"10,001+ employees",IT Services and IT Consulting,,,http://www.verizon.com/
VERST LOGISTICS,,,400,Transportation/Trucking/Railroad,,315000000,http://www.verstlogistics.com
VERST LOGISTICS,,Kentucky,400,Transportation/Trucking/Railroad,,315000000,http://www.verstlogistics.com
VERTEX PHARMACEUTICALS,,,"1,001-5,000",Biotechnology Research,,,https://www.vrtx.com/
VERTEX PHARMACEUTICALS,https://www.linkedin.com/company/vertex-pharmaceuticals/,,"1,001-5,000",Biotechnology Research,,,https://www.vrtx.com/
VES-ARTEX,,,51-200,Food and Beverage Manufacturing,,37.4M,https://www.ves-artex.com/
VES-ARTEX,https://linkedin.com/company/ves-artex,,two,Food and Beverage Manufacturing,,,https://www.ves-artex.com/
VES-ARTEX,https://linkedin.com/company/ves-artex,Wisconsin,51-200,Food and Beverage Manufacturing,,37.4M,https://www.ves-artex.com/
VESTIL MANUFACTURING,,Indiana,130,machinery,,150000000,vestil.com
VESTIL MANUFACTURING,,Indiana,130,machinery,+12606657586,,vestil.com
VICTORY BREWING,,,201-500,Food & Beverages,,229.2M,http://www.victorybeer.com/
VICTORY BREWING,https://www.linkedin.com/company/1195396,,one,Food & Beverages,,,http://www.victorybeer.com/
VICTORY BREWING,https://www.linkedin.com/company/1195396,Pennsylvania,201-500,Food & Beverages,,229.2M,http://www.victorybeer.com/
VICTORY WHOLESALE GROUP,,,ten,,,,https://www.vwg.com/
VICTORY WHOLESALE GROUP,,,six,,,,https://www.vwg.com/
VIKING ENGINEERING AND DEVELOPMENT,,Minnesota,62,machinery,,$30.0M,vikingeng.com
VIKING ENGINEERING AND DEVELOPMENT,,Minnesota,62,machinery,+1 (763) 586-1209,,vikingeng.com
VIKING RANGE,,,370,Consumer Goods,,212142000,http://www.vikingrange.com
VIKING RANGE,,Mississippi,370,Consumer Goods,,212142000,http://www.vikingrange.com
VIRACON,,,680,"Glass, Ceramics and Concrete Manufacturing",,400000000,viracon.com
VIRACON,,Minnesota,680,"Glass, Ceramics and Concrete Manufacturing",,400000000,viracon.com
VISHAY PRECISION GROUP,,,"1,001-5,000","Appliances, Electrical, and Electronics Manufacturing",,362.6M,http://www.vpgsensors.com
VISHAY PRECISION GROUP,,,1200,electrical/electronic manufacturing,,365963000,http://www.vpgsensors.com
VISHAY PRECISION GROUP,,Pennsylvania,1200,electrical/electronic manufacturing,,365963000,http://www.vpgsensors.com
VISHAY PRECISION GROUP,https://www.linkedin.com/company/1116890,Pennsylvania,"1,001-5,000","Appliances, Electrical, and Electronics Manufacturing",,362.6M,http://www.vpgsensors.com
VISION FOX BUSINESS ADVISORS,,,2/10/2023,Business Consulting and Services,,,http://www.visionfox.com/
VISION FOX BUSINESS ADVISORS,https://www.linkedin.com/company/vision-fox/,,2/10/2023,Business Consulting and Services,,,http://www.visionfox.com/
VISIONEERING,,,201-500,Aviation and Aerospace Component Manufacturing,,61M,http://www.vistool.com
VISIONEERING,https://linkedin.com/company/visioneering-inc.,Michigan,201-500,Aviation and Aerospace Component Manufacturing,,61M,http://www.vistool.com
VITAL PLASTICS,,Wisconsin,61,plastics,,35200000,vitalplastics.com
VITAL PLASTICS,,Wisconsin,61,plastics,+17156845300,,vitalplastics.com
VITAMIX,,,"501-1,000",Manufacturing,,400M,http://www.vitamix.com
VITAMIX,https://www.linkedin.com/company/50547,Ohio,"501-1,000",Manufacturing,,400M,http://www.vitamix.com
VOESTALPINE ROLL FORMING CORPORATION,,Kentucky,234,mining & metals,,155600000,rfcorp.com
VOESTALPINE ROLL FORMING CORPORATION,,Kentucky,234,mining & metals,+15026334435,,rfcorp.com
VOESTALPINE ROLL FORMING CORPORATION,,Kentucky,234,mining & metals,+1-502-648-2263,,rfcorp.com
VOESTALPINE ROLL FORMING CORPORATION,,Kentucky,234,mining & metals,"+1-765-471-2808,+1-202-710-2471",,rfcorp.com
VOLM COMPANIES,,,201-500,Packaging and Containers Manufacturing,,300M,http://www.volmcompanies.com
VOLM COMPANIES,https://linkedin.com/company/volm-companies,,two,Packaging and Containers Manufacturing,,,http://www.volmcompanies.com
VOLM COMPANIES,https://linkedin.com/company/volm-companies,Wisconsin,201-500,Packaging and Containers Manufacturing,,300M,http://www.volmcompanies.com
VONCO PRODUCTS,,,51,Packaging & Containers,,45400000,vonco.com
VONCO PRODUCTS,,Wisconsin,51,Packaging & Containers,,45400000,vonco.com
VORTEX OPTICS,,,201-500,Sporting Goods Manufacturing,,70M,http://www.vortexoptics.com
VORTEX OPTICS,https://linkedin.com/company/vortex-optics,Wisconsin,201-500,Sporting Goods Manufacturing,,70M,http://www.vortexoptics.com
VOSS AUTO NETWORK,,,"501-1,000",Motor Vehicle Manufacturing,,116.1M,http://vossauto.com
VOSS AUTO NETWORK,https://www.linkedin.com/company/2582999,Ohio,"501-1,000",Motor Vehicle Manufacturing,,116.1M,http://vossauto.com
VOXX INTERNATIONAL,,,420,electrical/electronic manufacturing,,517208000,http://www.voxxintl.com
VOXX INTERNATIONAL,,Florida,420,electrical/electronic manufacturing,,517208000,http://www.voxxintl.com
V-TEK INTERNATIONAL,,Minnesota,51,electrical/electronic manufacturing,,$47M,vtekusa.com
V-TEK INTERNATIONAL,,Minnesota,51,electrical/electronic manufacturing,+15073872039,,vtekusa.com
VULCAN GLOBAL MANUFACTURING SOLUTIONS,,Wisconsin,62,medical devices,,30800000,vulcangms.com
VULCAN GLOBAL MANUFACTURING SOLUTIONS,,Wisconsin,62,medical devices,,,vulcangms.com
VULCAN GLOBAL MANUFACTURING SOLUTIONS,,Wisconsin,62,medical devices,+1-262-971-1475,,vulcangms.com
VULCAN GLOBAL MANUFACTURING SOLUTIONS,,Wisconsin,62,medical devices,+1-414-940-0285,,vulcangms.com
WABASH PLASTICS,,Indiana,59,plastics,,35500000,wabashplastics.com
WABASH PLASTICS,,Indiana,59,plastics,,,wabashplastics.com
WAITES,,,150,Automation Machinery Manufacturing,,57100000,waites.net
WAITES,,Kentucky,150,Automation Machinery Manufacturing,,57100000,waites.net
WALL COLMONOY,,,201-500,Manufacturing,,40000000,http://www.wallcolmonoy.com
WALL COLMONOY,https://www.linkedin.com/company/124036,,four,Manufacturing,,,http://www.wallcolmonoy.com
WALL COLMONOY,https://www.linkedin.com/company/124036,Michigan,201-500,Manufacturing,,40000000,http://www.wallcolmonoy.com
WALLICK COMMUNITIES,,,one,,,,
WALLICK COMMUNITIES,,,"501-1,000",Real Estate,,,http://www.wallick.com/
WALLICK COMMUNITIES,https://www.linkedin.com/company/wallick-communities/,,one,Real Estate,,,http://www.wallick.com/
WALLICK COMMUNITIES,https://www.linkedin.com/company/wallick-communities/,,"501-1,000",Real Estate,,,http://www.wallick.com/
WALMART,,,eight,,,,
WALMART,,,"10,001+",Retail,,,https://www.walmart.com/
WALMART,,,2300000,Retail,,,https://www.walmart.com/
WALMART,https://www.linkedin.com/company/walmart/,,"10,001+",Retail,,,https://www.walmart.com/
WALMART,https://www.linkedin.com/company/walmart-distribution-center/,,2300000,Retail,,,https://www.walmart.com/
WALTERS BUILDINGS,,Wisconsin,60,Construction,,49968000,waltersbuildings.com
WALTERS BUILDINGS,,Wisconsin,60,Construction,+12626295521,,waltersbuildings.com
WALTON & COMPANY,,Pennsylvania,76,machinery,,151500000,waltonco.com
WALTON & COMPANY,,Pennsylvania,76,machinery,+1-717-497-1353,,waltonco.com
WALTON & COMPANY,,Pennsylvania,76,machinery,+17178402258,,waltonco.com
WARREN AVERETT,,,"501-1,000",Accounting,,,http://www.warrenaverett.com/
WARREN AVERETT,https://www.linkedin.com/company/warrenaverett/,,"501-1,000",Accounting,,,http://www.warrenaverett.com/
WARREN AVERETT STAFFING & RECRUITING,,,26,Human Resources,,,http://www.warrenaverett.com/
WARREN AVERETT STAFFING & RECRUITING,,,26,Human Resources,,,https://warrenaverett.com/
WARREN AVERETT STAFFING & RECRUITING,http://www.linkedin.com/company/warren-averett-staffing-and-recruiting,,26,Human Resources,,,http://www.warrenaverett.com/
WARREN AVERETT STAFFING & RECRUITING,http://www.linkedin.com/company/warren-averett-staffing-and-recruiting,,26,Human Resources,,,https://warrenaverett.com/
WARREN AVERETT STAFFING & RECRUITING,https://www.linkedin.com/company/warrenaverett/,,26,Human Resources,,,http://www.warrenaverett.com/
WARREN FABRICATING & MACHINING,,,201-500,Machinery Manufacturing,,70M,http://www.warfab.com
WARREN FABRICATING & MACHINING,https://www.linkedin.com/company/9338196,Ohio,201-500,Machinery Manufacturing,,70M,http://www.warfab.com
"WARREN INDUSTRIES, INC.",,,51,Packaging & Containers,,51000000,wrnind.com
"WARREN INDUSTRIES, INC.",,Wisconsin,51,Packaging & Containers,,51000000,wrnind.com
WARRIOR SPORTS,,,201-500,Sporting Goods Manufacturing,,95M,http://www.warrior.com
WARRIOR SPORTS,https://www.linkedin.com/company/86432,Tennessee,201-500,Sporting Goods Manufacturing,,95M,http://www.warrior.com
WASHBURN-MCREAVY,,,201-500,Consumer Services,,,http://www.washburn-mcreavy.com/
WASHBURN-MCREAVY,https://www.linkedin.com/company/washburn-mcreavy/,,201-500,Consumer Services,,,http://www.washburn-mcreavy.com/
WATEROUS,,,201-500,Mechanical Or Industrial Engineering,,,http://www.waterousco.com
WATEROUS,https://www.linkedin.com/company/waterous-company/about/,,201-500,Mechanical Or Industrial Engineering,,,http://www.waterousco.com
WATSON'S,,,630,Retail,,220000000,http://www.watsons.com
WATSON'S,,Ohio,630,Retail,,220000000,http://www.watsons.com
WAUKESHA BEARINGS,,,"501-1,000",Machinery Manufacturing,,75M,http://www.waukbearing.com
WAUKESHA BEARINGS,https://linkedin.com/company/waukesha-bearings-corporation,Wisconsin,"501-1,000",Machinery Manufacturing,,75M,http://www.waukbearing.com
WAUSAU SUPPLY,,,"501-1,000",Building Materials,,62M,http://www.wausausupply.com
WAUSAU SUPPLY,https://linkedin.com/company/wausau-supply-company,Wisconsin,"501-1,000",Building Materials,,62M,http://www.wausausupply.com
WAUSEON MACHINE & MANUFACTURING,,,51-200,Machinery Manufacturing,,40M,http://www.wauseonmachine.com
WAUSEON MACHINE & MANUFACTURING,https://www.linkedin.com/company/2054561,Ohio,51-200,Machinery Manufacturing,,40M,http://www.wauseonmachine.com
WAUSEON MACHINE & MANUFACTURING,https://www.linkedin.com/company/wauseonmachine,,eight,machinery,,,wauseonmachine.com
WAUSEON MACHINE & MANUFACTURING,https://www.linkedin.com/company/wauseonmachine,South Carolina,90,machinery,,50000000,wauseonmachine.com
WAXMAN,,,201-500,Manufacturing,,69.6M,http://www.waxmancpg.com
WAXMAN,https://www.linkedin.com/company/157202,Ohio,201-500,Manufacturing,,69.6M,http://www.waxmancpg.com
WB MANUFACTURING,,,67,Furniture,,56000000,wibenchmfg.com
WB MANUFACTURING,,Wisconsin,67,Furniture,,56000000,wibenchmfg.com
WEAS ENGINEERING,,,74,Chemical Manufacturing,,34353000,weasengineering.com
WEAS ENGINEERING,,Indiana,74,Chemical Manufacturing,,34353000,weasengineering.com
WEAVER POPCORN,,Indiana,85,Food Production,,50000000,weaverpopcornmfg.com
WEAVER POPCORN,,Indiana,85,Food Production,,,weaverpopcornmfg.com
WEBER DISPLAY & PACKAGING,,Pennsylvania,89,Packaging & Containers,,$63M,weberdisplay-pkg.com
WEBER DISPLAY & PACKAGING,,Pennsylvania,89,Packaging & Containers,+12154263500,,weberdisplay-pkg.com
WEBSTER INDUSTRIES,,,201-500,Machinery Manufacturing,,43M,http://www.websterchain.com
WEBSTER INDUSTRIES,https://www.linkedin.com/company/353120,Ohio,201-500,Machinery Manufacturing,,43M,http://www.websterchain.com
WEILER ABRASIVES GROUP,,Pennsylvania,270,Mechanical Or Industrial Engineering,,194200000,weilerabrasives.com
WEILER ABRASIVES GROUP,,Pennsylvania,270,Mechanical Or Industrial Engineering,+15705957495,,weilerabrasives.com
WEILER ABRASIVES GROUP,,Pennsylvania,270,Mechanical Or Industrial Engineering,"+1-570-595-7495,+1-251-545-0866",,weilerabrasives.com
WEILER ABRASIVES GROUP,,Pennsylvania,270,Mechanical Or Industrial Engineering,"+1-570-595-7495,+1-774-275-0225",,weilerabrasives.com
WEILER ABRASIVES GROUP,,Pennsylvania,270,Mechanical Or Industrial Engineering,"+1-612-787-8260,+1-763-913-9273",,weilerabrasives.com
WEIL-MCLAIN,,Indiana,280,Mechanical Or Industrial Engineering,,55555000,weil-mclain.com
WEIL-MCLAIN,,Indiana,280,Mechanical Or Industrial Engineering,+1-219-204-1110,,weil-mclain.com
WEIL-MCLAIN,,Indiana,280,Mechanical Or Industrial Engineering,+18006542109,,weil-mclain.com
"WEIMER BEARING & TRANSMISSION, INC.",,,98,Automation Machinery Manufacturing,,39612000,weimerbearing.com
"WEIMER BEARING & TRANSMISSION, INC.",,Wisconsin,98,Automation Machinery Manufacturing,,39612000,weimerbearing.com
WEINBRENNER SHOE CO,,,201-500,Manufacturing,,59.5M,https://www.weinbrennerusa.com/index.html
WEINBRENNER SHOE CO,https://linkedin.com/company/weinbrenner-shoe-co-inc,,ten,Manufacturing,,,https://www.weinbrennerusa.com/index.html
WEINBRENNER SHOE CO,https://linkedin.com/company/weinbrenner-shoe-co-inc,Wisconsin,201-500,Manufacturing,,59.5M,https://www.weinbrennerusa.com/index.html
WEISSER DISTRIBUTING,,,75,Retail,,65100000,http://www.weisserdistributing.com
WEISSER DISTRIBUTING,,South Dakota,75,Retail,,65100000,http://www.weisserdistributing.com
WELDALL MANUFACTURING,,,201-500,Machinery Manufacturing,,68.2M,http://weldallmfg.com
WELDALL MANUFACTURING,https://linkedin.com/company/weldall-mfg,Wisconsin,201-500,Machinery Manufacturing,,68.2M,http://weldallmfg.com
WELDALOY SPECIALTY FORGINGS,,Michigan,77,mining & metals,,26109000,weldaloy.com
WELDALOY SPECIALTY FORGINGS,,Michigan,77,mining & metals,+1-248-765-0109,,weldaloy.com
WELDALOY SPECIALTY FORGINGS,,Michigan,77,mining & metals,+1-313-926-9027,,weldaloy.com
WELDALOY SPECIALTY FORGINGS,,Michigan,77,mining & metals,+15867585550,,weldaloy.com
WELDALOY SPECIALTY FORGINGS,,Michigan,77,mining & metals,+1-704-776-2313,,weldaloy.com
WELDALOY SPECIALTY FORGINGS,,Michigan,77,mining & metals,+1-909-226-4481,,weldaloy.com
WELDED TUBES,,,51-200,Motor Vehicle Manufacturing,,31.1M,http://weldedtubes.com
WELDED TUBES,https://www.linkedin.com/company/5617210,Ohio,51-200,Motor Vehicle Manufacturing,,31.1M,http://weldedtubes.com
WELDING TECHNOLOGY CORPORATION,,Michigan,270,electrical/electronic manufacturing,,25000000,weldtechcorp.com
WELDING TECHNOLOGY CORPORATION,,Michigan,270,electrical/electronic manufacturing,+12484773900,,weldtechcorp.com
WELLS FARGO,,,"10,001+",Financial Services,,,https://www.wellsfargo.com/
WELLS FARGO,https://www.linkedin.com/company/wellsfargo/,,"10,001+",Financial Services,,,https://www.wellsfargo.com/
WELLS VEHICLE ELECTRONICS,,,"501-1,000",Motor Vehicle Manufacturing,,90.7M,http://www.WellsVE.com
WELLS VEHICLE ELECTRONICS,https://linkedin.com/company/wells-vehicle-electronics,Wisconsin,"501-1,000",Motor Vehicle Manufacturing,,90.7M,http://www.WellsVE.com
WENTHE-DAVIDSON ENGINEERING CO.,,Wisconsin,78,machinery,,$30.4M,wenthe-davidson.com
WENTHE-DAVIDSON ENGINEERING CO.,,Wisconsin,78,machinery,+1 (262) 782-1550,,wenthe-davidson.com
"WERNER-ROCCA SEMINARS, LTD.",,,4,Professional Training & Coaching,,,https://werner-rocca.com/
"WERNER-ROCCA SEMINARS, LTD.",https://www.linkedin.com/company/werner-rocca-seminars-ltd./,,4,Professional Training & Coaching,,,https://werner-rocca.com/
WESGARDE COMPONENTS GROUP,,,130,electrical/electronic manufacturing,,26635000,http://www.wesgarde.com
WESGARDE COMPONENTS GROUP,,Florida,130,electrical/electronic manufacturing,,26635000,http://www.wesgarde.com
WESLEY,,,"501-1,000",Hospitals and Health Care,,,https://www.wesleychoice.org/
WESLEY,https://www.linkedin.com/company/wesleychoice/,,"501-1,000",Hospitals and Health Care,,,https://www.wesleychoice.org/
WEST CHESTER PROTECTIVE GEAR,,,51-200,Manufacturing,,180.7M,http://www.westchestergear.com
WEST CHESTER PROTECTIVE GEAR,https://www.linkedin.com/company/630513,,seven,Manufacturing,,,http://www.westchestergear.com
WEST CHESTER PROTECTIVE GEAR,https://www.linkedin.com/company/630513,Ohio,51-200,Manufacturing,,180.7M,http://www.westchestergear.com
WESTERN STATES ENVELOPE & LABEL,,,"501-1,000",Paper and Forest Product Manufacturing,,100.0M,http://www.wsel.com
WESTERN STATES ENVELOPE & LABEL,https://linkedin.com/company/western-states-envelope-&-label,Wisconsin,"501-1,000",Paper and Forest Product Manufacturing,,100.0M,http://www.wsel.com
WESTFALIA TECHNOLOGIES,,,51-200,Automation Machinery Manufacturing,,40M,http://www.WestfaliaUSA.com
WESTFALIA TECHNOLOGIES,https://www.linkedin.com/company/335475,Pennsylvania,51-200,Automation Machinery Manufacturing,,40M,http://www.WestfaliaUSA.com
WESTINGHOUSE LIGHTING,,,51-200,"Appliances, Electrical, and Electronics Manufacturing",,111.1M,http://www.westinghouselighting.com
WESTINGHOUSE LIGHTING,https://www.linkedin.com/company/1357117,Pennsylvania,51-200,"Appliances, Electrical, and Electronics Manufacturing",,111.1M,http://www.westinghouselighting.com
WHIP MIX CORPORATION,,Kentucky,200,medical devices,,34100000,whipmix.com
WHIP MIX CORPORATION,,Kentucky,200,medical devices,+1 (502) 637-1451,,whipmix.com
WHISKER,,,201-500,Consumer Goods,,33850000,http://whisker.com
WHISKER,https://www.linkedin.com/company/335660,Michigan,201-500,Consumer Goods,,33850000,http://whisker.com
WHITE HOUSE OF MUSIC,,,79,Retail,,35000000,http://www.whitehouseofmusic.com
WHITE HOUSE OF MUSIC,,Wisconsin,79,Retail,,35000000,http://www.whitehouseofmusic.com
WHITLEY MANUFACTURING,,Indiana,68,Construction,,96800000,whitleyman.com
WHITLEY MANUFACTURING,,Indiana,68,Construction,,,whitleyman.com
WHITLEY MANUFACTURING,,Indiana,68,Construction,+12607235131,,whitleyman.com
WHITWORTH TOOL INC,,Kentucky,59,machinery,,$29.6M,whittool.com
WHITWORTH TOOL INC,,Kentucky,59,machinery,+1 (937) 416-8977,,whittool.com
WHITWORTH TOOL INC,,Kentucky,59,machinery,+12707560098,,whittool.com
"WIELAND DESIGNS, INC.",,,95,Furniture and Home Furnishings Manufacturing,,44900000,wielanddesigns.com
"WIELAND DESIGNS, INC.",,Indiana,95,Furniture and Home Furnishings Manufacturing,,44900000,wielanddesigns.com
WIHA TOOLS,,,51-200,Industrial Machinery Manufacturing,,,https://www.wihatools.com/
WIHA TOOLS,https://www.linkedin.com/company/wiha-tools-usa/,,51-200,Industrial Machinery Manufacturing,,,https://www.wihatools.com/
WIHA TOOLS USA,,,58,Industrial Machinery Manufacturing,,42800000,wihatools.com
WIHA TOOLS USA,,Minnesota,58,Industrial Machinery Manufacturing,,42800000,wihatools.com
WILCOX BUSINESS SOLUTIONS,,,2/10/2023,Business Consulting and Services,,,https://www.wilcoxbusinesssolutions.com/
WILCOX BUSINESS SOLUTIONS,https://www.linkedin.com/company/wilcox-business-solutions/,,2/10/2023,Business Consulting and Services,,,https://www.wilcoxbusinesssolutions.com/
WILD REPUBLIC,,,"501-1,000",Manufacturing,,34.5M,https://www.wildrepublic.com
WILD REPUBLIC,https://www.linkedin.com/company/1395931,,three,Manufacturing,,,https://www.wildrepublic.com
WILD REPUBLIC,https://www.linkedin.com/company/1395931,Ohio,"501-1,000",Manufacturing,,34.5M,https://www.wildrepublic.com
WILKINS MILLER LLC,,,83,Accounting,,,http://www.wilkinsmiller.com/
WILKINS MILLER LLC,https://www.linkedin.com/company/wilkins-miller-hieronymus-llc/,,83,Accounting,,,http://www.wilkinsmiller.com/
WILLOWWOOD,,,51-200,Medical Equipment Manufacturing,,65M,http://www.willowwood.com
WILLOWWOOD,https://linkedin.com/company/willowwoodglobal,Ohio,51-200,Medical Equipment Manufacturing,,65M,http://www.willowwood.com
WINCRAFT,,,"501-1,000",Spectator Sports,,100M,http://www.wincraft.com/
WINCRAFT,https://linkedin.com/company/wincraft-inc-,Minnesota,"501-1,000",Spectator Sports,,100M,http://www.wincraft.com/
WIND CREEK BETHLEHEM,,,250,Gambling & Casinos,,,https://windcreek.com/
WIND CREEK BETHLEHEM,http://www.linkedin.com/company/wind-creek-bethlehem,,250,Gambling & Casinos,,,https://windcreek.com/
WIND CREEK HOSPITALITY,,,"1,001-5,000",Gambling Facilities and Casinos,,,http://www.windcreekhospitality.com/
WIND CREEK HOSPITALITY,https://www.linkedin.com/company/pci-gaming-authority/,,"1,001-5,000",Gambling Facilities and Casinos,,,http://www.windcreekhospitality.com/
WINDSOR BUILDING SYSTEMS LLC,,,20,Construction,,,https://www.windsorbuilds.com/
WINDSOR BUILDING SYSTEMS LLC,http://www.linkedin.com/company/windsor-building-systems-llc,,20,Construction,,,https://www.windsorbuilds.com/
WINMARK – THE RESALE COMPANY,,,160,Retail,,83176000,http://www.winmarkcorporation.com
WINMARK – THE RESALE COMPANY,,Minnesota,160,Retail,,83176000,http://www.winmarkcorporation.com
WINNER AVIATION,,,201-500,Aviation and Aerospace Component Manufacturing,,56.6M,http://www.winner-aviation.com
WINNER AVIATION,https://www.linkedin.com/company/880669,Ohio,201-500,Aviation and Aerospace Component Manufacturing,,56.6M,http://www.winner-aviation.com
WINSERT,,,51-200,Motor Vehicle Manufacturing,,35M,http://www.winsert.com
WINSERT,https://linkedin.com/company/winsert,Wisconsin,51-200,Motor Vehicle Manufacturing,,35M,http://www.winsert.com
WIPAIRE,,,51-200,Airlines and Aviation,,,https://www.wipaire.com/
WIPAIRE,https://www.linkedin.com/company/wipaire/,,51-200,Airlines and Aviation,,,https://www.wipaire.com/
WIRECRAFTERS,,Kentucky,93,Mechanical Or Industrial Engineering,,47000000,wirecrafters.com
WIRECRAFTERS,,Kentucky,93,Mechanical Or Industrial Engineering,+1-502-367-9539,,wirecrafters.com
WIRECRAFTERS,,Kentucky,93,Mechanical Or Industrial Engineering,"+1-713-553-5252,+1-502-744-3706",,wirecrafters.com
WIREROPE WORKS,,Pennsylvania,52,mining & metals,,65800000,wireropeworks.com
WIREROPE WORKS,,Pennsylvania,52,mining & metals,+1-570-326-5146,,wireropeworks.com
WISCO INDUSTRIES,,Wisconsin,64,mining & metals,,$27M,wiscomade.com
WISCO INDUSTRIES,,Wisconsin,64,mining & metals,+1-608-333-6556,,wiscomade.com
WISCONIC,,Wisconsin,57,plastics,,$44.2M,wisconic.com
WISCONIC,,Wisconsin,57,plastics,+12625602200,,wisconic.com
WISCONSIN ALUMINUM FOUNDRY,,,"501-1,000",Manufacturing,,36.5M,http://www.wafco.com
WISCONSIN ALUMINUM FOUNDRY,https://linkedin.com/company/wisconsin-aluminum-foundry-co.-inc.,Wisconsin,"501-1,000",Manufacturing,,36.5M,http://www.wafco.com
WISCONSIN DISTRIBUTORS,,,201-500,Wholesale,,131.2M,http://www.wisconsindistributors.com/
WISCONSIN DISTRIBUTORS,https://linkedin.com/company/wisconsin-distributors,Wisconsin,201-500,Wholesale,,131.2M,http://www.wisconsindistributors.com/
WISCONSIN PLASTICS,,Wisconsin,75,plastics,,$33.8M,wisconsinplastics.com
WISCONSIN PLASTICS,,Wisconsin,75,plastics,+1 (920) 337-2202,,wisconsinplastics.com
WITZENMANN USA,,Michigan,120,Mechanical Or Industrial Engineering,,25000000,witzenmann-usa.com
WITZENMANN USA,,Michigan,120,Mechanical Or Industrial Engineering,+1 (972) 315-5810,,witzenmann-usa.com
WM,,,"10,001+",Environmental Services,,,https://www.wm.com/
WM,https://www.linkedin.com/company/waste-management/,,"10,001+",Environmental Services,,,https://www.wm.com/
WOLF PAVING COMPANY,,Wisconsin,67,Construction,,25000000,wolfpaving.com
WOLF PAVING COMPANY,,Wisconsin,67,Construction,+14148611294,,wolfpaving.com
WOLF PAVING COMPANY,,Wisconsin,67,Construction,+16087528944,,wolfpaving.com
WOLVERINE PACKING CO.,,,"501-1,000",Food and Beverage Manufacturing,,70000000,http://www.wolverinepacking.com
WOLVERINE PACKING CO.,https://www.linkedin.com/company/4018858,Michigan,"501-1,000",Food and Beverage Manufacturing,,70000000,http://www.wolverinepacking.com
WOODHULL,,,84,Retail,,35000000,http://www.woodhullusa.com
WOODHULL,,Ohio,84,Retail,,35000000,http://www.woodhullusa.com
WOODSTREAM,,,201-500,Manufacturing,,173M,http://www.woodstream.com
WOODSTREAM,https://www.linkedin.com/company/78938,Pennsylvania,201-500,Manufacturing,,173M,http://www.woodstream.com
WOOF GANG BAKERY & GROOMING,,,410,Retail,,125000000,http://www.woofgangbakery.com
WOOF GANG BAKERY & GROOMING,,Florida,410,Retail,,125000000,http://www.woofgangbakery.com
WORK EXCELLENCE,,,2/10/2023,Business Consulting and Services,,,https://workexcellence.com/
WORK EXCELLENCE,,,2-10,Business Consulting and Services,,,https://workexcellence.com/
WORK EXCELLENCE,https://www.linkedin.com/company/work-excellence/,,2/10/2023,Business Consulting and Services,,,https://workexcellence.com/
WORK EXCELLENCE,https://www.linkedin.com/company/work-excellence/,,2-10,Business Consulting and Services,,,https://workexcellence.com/
WORLD IMPACT REAL ESTATE,,,201-500,Real Estate,,,http://www.worldimpactrealestate.com/
WORLD IMPACT REAL ESTATE,https://www.linkedin.com/company/world-impact-real-estate/,,201-500,Real Estate,,,http://www.worldimpactrealestate.com/
WORLD WIDE STEREO,,,67,Retail,,37752000,http://www.worldwidestereo.com
WORLD WIDE STEREO,,Pennsylvania,67,Retail,,37752000,http://www.worldwidestereo.com
WORTHY INSURANCE,,,11-50,Insurance,,,https://worthyinsurance.com/
WORTHY INSURANCE,https://www.linkedin.com/company/worthy-insurance-group/,,11-50,Insurance,,,https://worthyinsurance.com/
WRIGHT TOOL,,,51-200,Manufacturing,,30M,http://www.wrighttool.com/
WRIGHT TOOL,https://www.linkedin.com/company/3048675,Ohio,51-200,Manufacturing,,30M,http://www.wrighttool.com/
XALT ENERGY,,,"501-1,000",Renewable Energy Semiconductor Manufacturing,,57.5M,https://www.xaltenergy.com
XALT ENERGY,https://www.linkedin.com/company/9180095,,one,Renewable Energy Semiconductor Manufacturing,,,https://www.xaltenergy.com
XALT ENERGY,https://www.linkedin.com/company/9180095,Michigan,"501-1,000",Renewable Energy Semiconductor Manufacturing,,57.5M,https://www.xaltenergy.com
XODUS MEDICAL,,,51-200,Medical Equipment Manufacturing,,33.3M,http://www.xodusmedical.com/
XODUS MEDICAL,https://www.linkedin.com/company/1767790,,nine,Medical Equipment Manufacturing,,,http://www.xodusmedical.com/
XODUS MEDICAL,https://www.linkedin.com/company/1767790,Pennsylvania,51-200,Medical Equipment Manufacturing,,33.3M,http://www.xodusmedical.com/
X-RITE,,,4000,electrical/electronic manufacturing,,137499000,http://www.xrite.com
X-RITE,,Michigan,4000,electrical/electronic manufacturing,,137499000,http://www.xrite.com
XTEK,,,201-500,Industrial Machinery Manufacturing,,63.4M,http://www.Xtek.com
XTEK,https://linkedin.com/company/xtek,Ohio,201-500,Industrial Machinery Manufacturing,,63.4M,http://www.Xtek.com
YAMATO CORPORATION,,Wisconsin,150,machinery,,35000000,yamatoamericas.com
YAMATO CORPORATION,,Wisconsin,150,machinery,+1 (262) 236-0000,,yamatoamericas.com
YARK AUTOMOTIVE,,,201-500,Motor Vehicle Manufacturing,,400M,https://www.yarkauto.com
YARK AUTOMOTIVE,https://www.linkedin.com/company/1309409,,eight,Motor Vehicle Manufacturing,,,https://www.yarkauto.com
YARK AUTOMOTIVE,https://www.linkedin.com/company/1309409,Ohio,201-500,Motor Vehicle Manufacturing,,400M,https://www.yarkauto.com
YASKAWA MOTOMAN,,,"501-1,000",Automation Machinery Manufacturing,,112M,https://www.motoman.com
YASKAWA MOTOMAN,https://linkedin.com/company/motoman,Ohio,"501-1,000",Automation Machinery Manufacturing,,112M,https://www.motoman.com
YASKAWA MOTOMAN,https://www.linkedin.com/company/motoman,,501,Industrial Automation,,250000000,motoman.com
YASKAWA MOTOMAN,https://www.linkedin.com/company/motoman,orange county,501,Industrial Automation,,250000000,motoman.com
YATES INDUSTRIES,,Michigan,120,machinery,,$31.4M,yatesind.com
YATES INDUSTRIES,,Michigan,120,machinery,+1 (586) 778-7680,,yatesind.com
YENKIN-MAJESTIC PAINT CORPORATION,,,201-500,Chemical Manufacturing,,30.1M,http://yenkin-majestic.com
YENKIN-MAJESTIC PAINT CORPORATION,https://linkedin.com/company/yenkin-majestic-paint-corporation,Ohio,201-500,Chemical Manufacturing,,30.1M,http://yenkin-majestic.com
YERECIC LABEL,,Pennsylvania,62,Packaging & Containers,,$34M,ylfresh.com
YERECIC LABEL,,Pennsylvania,62,Packaging & Containers,+17243343300,,ylfresh.com
YOUR BUILDING CENTERS,,,145,Retail,,40000000,http://www.ybconline.com
YOUR BUILDING CENTERS,,Pennsylvania,145,Retail,,40000000,http://www.ybconline.com
YSI,,,201-500,"Appliances, Electrical, and Electronics Manufacturing",,42.1M,http://www.YSI.com
YSI,https://www.linkedin.com/company/61652,California,201-500,"Appliances, Electrical, and Electronics Manufacturing",,42.1M,http://www.YSI.com
YUASA BATTERY,,,201-500,"Appliances, Electrical, and Electronics Manufacturing",,243M,http://www.yuasabatteries.com
YUASA BATTERY,https://www.linkedin.com/company/6200210,,ten,"Appliances, Electrical, and Electronics Manufacturing",,,http://www.yuasabatteries.com
YUASA BATTERY,https://www.linkedin.com/company/6200210,Pennsylvania,201-500,"Appliances, Electrical, and Electronics Manufacturing",,243M,http://www.yuasabatteries.com
YUENGLING,,,201-500,Food & Beverages,,500M,http://www.yuengling.com
YUENGLING,https://www.linkedin.com/company/1770008,Pennsylvania,201-500,Food & Beverages,,500M,http://www.yuengling.com
ZEP,,,"1,001-5,000",Chemical Manufacturing,,,https://zep.com/
ZEP,https://www.linkedin.com/company/zep-inc/,,"1,001-5,000",Chemical Manufacturing,,,https://zep.com/
ZIPLINE LOGISTICS,https://www.linkedin.com/company/zipline-logistics,,eight,Logistics and Supply Chain,,,ziplinelogistics.com
ZIPLINE LOGISTICS,https://www.linkedin.com/company/zipline-logistics,Ohio,73,Logistics and Supply Chain,,50000000,ziplinelogistics.com
ZIPPO MANUFACTURING COMPANY,,Pennsylvania,570,Mechanical Or Industrial Engineering,,230000000,zippo.com
ZIPPO MANUFACTURING COMPANY,,Pennsylvania,570,Mechanical Or Industrial Engineering,+1-412-735-6884,,zippo.com
ZIPPO MANUFACTURING COMPANY,,Pennsylvania,570,Mechanical Or Industrial Engineering,+1-814-366-0322,,zippo.com
ZIPPO MANUFACTURING COMPANY,,Pennsylvania,570,Mechanical Or Industrial Engineering,+18143682700,,zippo.com
ZIPPO MANUFACTURING COMPANY,,Pennsylvania,570,Mechanical Or Industrial Engineering,"+1-814-598-2438,+1-601-270-9768",,zippo.com
ZIPPO MANUFACTURING COMPANY,,Pennsylvania,570,Mechanical Or Industrial Engineering,+1-814-598-9989,,zippo.com
ZO FINANCIAL,,,2-10,Retail,,,http://www.zofinancial.com/
ZO FINANCIAL,https://www.linkedin.com/company/zo-financial-llc/,,2-10,Retail,,,http://www.zofinancial.com/
ZOLL,,,"1,001-5,000",Medical Equipment Manufacturing,,$457.6M,https://www.zoll.com/
ZOLL,https://www.linkedin.com/company/zoll-medical-corporation/,Massachusetts,"1,001-5,000",Medical Equipment Manufacturing,,$457.6M,https://www.zoll.com/
ZUMBIEL,,,161,Packaging & Containers,,30402000,zumbiel.com
ZUMBIEL,,Kentucky,161,Packaging & Containers,,30402000,zumbiel.com
,,,four,,,,
"Applied filters:
Company Count is greater than or equal to 2",,,ten,,,,
